
> ziabary-platform@0.1.0 build
> npm run prepare:content && vite build && node scripts/generate-sitemap.mjs && npm run verify:sitemap && node scripts/verify-structured-data.mjs && npm run verify:short-links


> ziabary-platform@0.1.0 prepare:content
> npm run prepare:assets && npm run prepare:icons && node scripts/generate-search-index.mjs && npm run prepare:short-links


> ziabary-platform@0.1.0 prepare:assets
> node scripts/prepare-svg-fonts.mjs && node scripts/prepare-assets.mjs

Prepared embedded IranSansX fonts in 12 SVG diagrams.
Prepared 373 raster originals; 11 PDF sizes. Originals retained.

> ziabary-platform@0.1.0 prepare:icons
> node scripts/prepare-icons.mjs

Prepared icon CSS with embedded font subsets.
8:10:45 PM [vite-plugin-svelte] src/lib/content/articles/data-confidentiality-public-apis-en.md:95:0 noninteractive element cannot have nonnegative tabIndex value
https://svelte.dev/e/a11y_no_noninteractive_tabindex
8:10:45 PM [vite-plugin-svelte] src/lib/content/articles/data-confidentiality-public-apis-es.md:95:0 noninteractive element cannot have nonnegative tabIndex value
https://svelte.dev/e/a11y_no_noninteractive_tabindex
8:10:45 PM [vite-plugin-svelte] src/lib/content/articles/data-confidentiality-public-apis.md:87:0 noninteractive element cannot have nonnegative tabIndex value
https://svelte.dev/e/a11y_no_noninteractive_tabindex
8:10:45 PM [vite-plugin-svelte] src/lib/content/articles/dgx-and-standard-gpu-servers-en.md:13:0 noninteractive element cannot have nonnegative tabIndex value
https://svelte.dev/e/a11y_no_noninteractive_tabindex
8:10:45 PM [vite-plugin-svelte] src/lib/content/articles/dgx-and-standard-gpu-servers-es.md:13:0 noninteractive element cannot have nonnegative tabIndex value
https://svelte.dev/e/a11y_no_noninteractive_tabindex
8:10:45 PM [vite-plugin-svelte] src/lib/content/articles/dgx-and-standard-gpu-servers.md:12:0 noninteractive element cannot have nonnegative tabIndex value
https://svelte.dev/e/a11y_no_noninteractive_tabindex
8:10:45 PM [vite-plugin-svelte] src/lib/content/articles/from-stig-cis-to-rbac.md:27:0 noninteractive element cannot have nonnegative tabIndex value
https://svelte.dev/e/a11y_no_noninteractive_tabindex
8:10:45 PM [vite-plugin-svelte] src/lib/content/articles/from-stig-cis-to-rbac.md:87:0 noninteractive element cannot have nonnegative tabIndex value
https://svelte.dev/e/a11y_no_noninteractive_tabindex
8:10:45 PM [vite-plugin-svelte] src/lib/content/articles/from-zero-trust-to-zero-trust-ai-en.md:41:0 noninteractive element cannot have nonnegative tabIndex value
https://svelte.dev/e/a11y_no_noninteractive_tabindex
8:10:45 PM [vite-plugin-svelte] src/lib/content/articles/from-zero-trust-to-zero-trust-ai-es.md:43:0 noninteractive element cannot have nonnegative tabIndex value
https://svelte.dev/e/a11y_no_noninteractive_tabindex
8:10:45 PM [vite-plugin-svelte] src/lib/content/articles/from-zero-trust-to-zero-trust-ai.md:41:0 noninteractive element cannot have nonnegative tabIndex value
https://svelte.dev/e/a11y_no_noninteractive_tabindex
8:10:45 PM [vite-plugin-svelte] src/lib/content/articles/gpu-inference-latency-throughput-en.md:20:0 noninteractive element cannot have nonnegative tabIndex value
https://svelte.dev/e/a11y_no_noninteractive_tabindex
8:10:45 PM [vite-plugin-svelte] src/lib/content/articles/gpu-inference-latency-throughput-en.md:81:0 noninteractive element cannot have nonnegative tabIndex value
https://svelte.dev/e/a11y_no_noninteractive_tabindex
8:10:45 PM [vite-plugin-svelte] src/lib/content/articles/gpu-inference-latency-throughput-en.md:156:0 noninteractive element cannot have nonnegative tabIndex value
https://svelte.dev/e/a11y_no_noninteractive_tabindex
8:10:45 PM [vite-plugin-svelte] src/lib/content/articles/gpu-inference-latency-throughput-en.md:210:0 noninteractive element cannot have nonnegative tabIndex value
https://svelte.dev/e/a11y_no_noninteractive_tabindex
8:10:45 PM [vite-plugin-svelte] src/lib/content/articles/gpu-inference-latency-throughput-en.md:299:0 noninteractive element cannot have nonnegative tabIndex value
https://svelte.dev/e/a11y_no_noninteractive_tabindex
8:10:45 PM [vite-plugin-svelte] src/lib/content/articles/gpu-inference-latency-throughput-es.md:20:0 noninteractive element cannot have nonnegative tabIndex value
https://svelte.dev/e/a11y_no_noninteractive_tabindex
8:10:45 PM [vite-plugin-svelte] src/lib/content/articles/gpu-inference-latency-throughput-es.md:81:0 noninteractive element cannot have nonnegative tabIndex value
https://svelte.dev/e/a11y_no_noninteractive_tabindex
8:10:45 PM [vite-plugin-svelte] src/lib/content/articles/gpu-inference-latency-throughput-es.md:156:0 noninteractive element cannot have nonnegative tabIndex value
https://svelte.dev/e/a11y_no_noninteractive_tabindex
8:10:45 PM [vite-plugin-svelte] src/lib/content/articles/gpu-inference-latency-throughput-es.md:210:0 noninteractive element cannot have nonnegative tabIndex value
https://svelte.dev/e/a11y_no_noninteractive_tabindex
8:10:45 PM [vite-plugin-svelte] src/lib/content/articles/gpu-inference-latency-throughput-es.md:299:0 noninteractive element cannot have nonnegative tabIndex value
https://svelte.dev/e/a11y_no_noninteractive_tabindex
8:10:45 PM [vite-plugin-svelte] src/lib/content/articles/gpu-inference-latency-throughput.md:20:0 noninteractive element cannot have nonnegative tabIndex value
https://svelte.dev/e/a11y_no_noninteractive_tabindex
8:10:45 PM [vite-plugin-svelte] src/lib/content/articles/gpu-inference-latency-throughput.md:81:0 noninteractive element cannot have nonnegative tabIndex value
https://svelte.dev/e/a11y_no_noninteractive_tabindex
8:10:45 PM [vite-plugin-svelte] src/lib/content/articles/gpu-inference-latency-throughput.md:156:0 noninteractive element cannot have nonnegative tabIndex value
https://svelte.dev/e/a11y_no_noninteractive_tabindex
8:10:45 PM [vite-plugin-svelte] src/lib/content/articles/gpu-inference-latency-throughput.md:210:0 noninteractive element cannot have nonnegative tabIndex value
https://svelte.dev/e/a11y_no_noninteractive_tabindex
8:10:45 PM [vite-plugin-svelte] src/lib/content/articles/gpu-inference-latency-throughput.md:299:0 noninteractive element cannot have nonnegative tabIndex value
https://svelte.dev/e/a11y_no_noninteractive_tabindex
8:10:45 PM [vite-plugin-svelte] src/lib/content/articles/int8-or-fp8-real-gpu-support-en.md:24:0 noninteractive element cannot have nonnegative tabIndex value
https://svelte.dev/e/a11y_no_noninteractive_tabindex
8:10:45 PM [vite-plugin-svelte] src/lib/content/articles/int8-or-fp8-real-gpu-support-en.md:84:0 noninteractive element cannot have nonnegative tabIndex value
https://svelte.dev/e/a11y_no_noninteractive_tabindex
8:10:45 PM [vite-plugin-svelte] src/lib/content/articles/int8-or-fp8-real-gpu-support-en.md:140:0 noninteractive element cannot have nonnegative tabIndex value
https://svelte.dev/e/a11y_no_noninteractive_tabindex
8:10:45 PM [vite-plugin-svelte] src/lib/content/articles/int8-or-fp8-real-gpu-support-en.md:223:0 noninteractive element cannot have nonnegative tabIndex value
https://svelte.dev/e/a11y_no_noninteractive_tabindex
8:10:45 PM [vite-plugin-svelte] src/lib/content/articles/int8-or-fp8-real-gpu-support-es.md:24:0 noninteractive element cannot have nonnegative tabIndex value
https://svelte.dev/e/a11y_no_noninteractive_tabindex
8:10:45 PM [vite-plugin-svelte] src/lib/content/articles/int8-or-fp8-real-gpu-support-es.md:84:0 noninteractive element cannot have nonnegative tabIndex value
https://svelte.dev/e/a11y_no_noninteractive_tabindex
8:10:45 PM [vite-plugin-svelte] src/lib/content/articles/int8-or-fp8-real-gpu-support-es.md:140:0 noninteractive element cannot have nonnegative tabIndex value
https://svelte.dev/e/a11y_no_noninteractive_tabindex
8:10:45 PM [vite-plugin-svelte] src/lib/content/articles/int8-or-fp8-real-gpu-support-es.md:223:0 noninteractive element cannot have nonnegative tabIndex value
https://svelte.dev/e/a11y_no_noninteractive_tabindex
8:10:45 PM [vite-plugin-svelte] src/lib/content/articles/int8-or-fp8-real-gpu-support.md:24:0 noninteractive element cannot have nonnegative tabIndex value
https://svelte.dev/e/a11y_no_noninteractive_tabindex
8:10:45 PM [vite-plugin-svelte] src/lib/content/articles/int8-or-fp8-real-gpu-support.md:84:0 noninteractive element cannot have nonnegative tabIndex value
https://svelte.dev/e/a11y_no_noninteractive_tabindex
8:10:45 PM [vite-plugin-svelte] src/lib/content/articles/int8-or-fp8-real-gpu-support.md:140:0 noninteractive element cannot have nonnegative tabIndex value
https://svelte.dev/e/a11y_no_noninteractive_tabindex
8:10:45 PM [vite-plugin-svelte] src/lib/content/articles/int8-or-fp8-real-gpu-support.md:221:0 noninteractive element cannot have nonnegative tabIndex value
https://svelte.dev/e/a11y_no_noninteractive_tabindex
8:10:45 PM [vite-plugin-svelte] src/lib/content/articles/legacy-migration-does-not-remove-risk.md:23:0 noninteractive element cannot have nonnegative tabIndex value
https://svelte.dev/e/a11y_no_noninteractive_tabindex
8:10:45 PM [vite-plugin-svelte] src/lib/content/articles/llms-on-rtx-4090-24gb-vs-48gb.md:29:0 noninteractive element cannot have nonnegative tabIndex value
https://svelte.dev/e/a11y_no_noninteractive_tabindex
8:10:45 PM [vite-plugin-svelte] src/lib/content/articles/llms-on-rtx-4090-24gb-vs-48gb.md:203:0 noninteractive element cannot have nonnegative tabIndex value
https://svelte.dev/e/a11y_no_noninteractive_tabindex
8:10:45 PM [vite-plugin-svelte] src/lib/content/articles/llms-on-rtx-4090-24gb-vs-48gb.md:261:0 noninteractive element cannot have nonnegative tabIndex value
https://svelte.dev/e/a11y_no_noninteractive_tabindex
8:10:45 PM [vite-plugin-svelte] src/lib/content/articles/one-linux-hardening-policy-does-not-fit-all.md:18:0 noninteractive element cannot have nonnegative tabIndex value
https://svelte.dev/e/a11y_no_noninteractive_tabindex
8:10:45 PM [vite-plugin-svelte] src/lib/content/articles/pcie-gpu-server-selection-en.md:50:0 noninteractive element cannot have nonnegative tabIndex value
https://svelte.dev/e/a11y_no_noninteractive_tabindex
8:10:45 PM [vite-plugin-svelte] src/lib/content/articles/pcie-gpu-server-selection-es.md:50:0 noninteractive element cannot have nonnegative tabIndex value
https://svelte.dev/e/a11y_no_noninteractive_tabindex
8:10:45 PM [vite-plugin-svelte] src/lib/content/articles/pcie-vs-sxm-for-ai-en.md:57:0 noninteractive element cannot have nonnegative tabIndex value
https://svelte.dev/e/a11y_no_noninteractive_tabindex
8:10:45 PM [vite-plugin-svelte] src/lib/content/articles/pcie-vs-sxm-for-ai-es.md:57:0 noninteractive element cannot have nonnegative tabIndex value
https://svelte.dev/e/a11y_no_noninteractive_tabindex
8:10:45 PM [vite-plugin-svelte] src/lib/content/articles/pcie-vs-sxm-for-ai.md:53:0 noninteractive element cannot have nonnegative tabIndex value
https://svelte.dev/e/a11y_no_noninteractive_tabindex
8:10:45 PM [vite-plugin-svelte] src/lib/content/articles/rag-cag-kag-fine-tuning-instruction-tuning-en.md:79:0 noninteractive element cannot have nonnegative tabIndex value
https://svelte.dev/e/a11y_no_noninteractive_tabindex
8:10:45 PM [vite-plugin-svelte] src/lib/content/articles/rag-cag-kag-fine-tuning-instruction-tuning-es.md:79:0 noninteractive element cannot have nonnegative tabIndex value
https://svelte.dev/e/a11y_no_noninteractive_tabindex
8:10:45 PM [vite-plugin-svelte] src/lib/content/articles/rag-cag-kag-fine-tuning-instruction-tuning.md:79:0 noninteractive element cannot have nonnegative tabIndex value
https://svelte.dev/e/a11y_no_noninteractive_tabindex
8:10:46 PM [vite-plugin-svelte] src/lib/content/articles/right-model-size-for-the-task.md:44:0 noninteractive element cannot have nonnegative tabIndex value
https://svelte.dev/e/a11y_no_noninteractive_tabindex
8:10:46 PM [vite-plugin-svelte] src/lib/content/articles/right-model-size-for-the-task.md:133:0 noninteractive element cannot have nonnegative tabIndex value
https://svelte.dev/e/a11y_no_noninteractive_tabindex
8:10:46 PM [vite-plugin-svelte] src/lib/content/articles/zero-trust-ai-maturity-model-en.md:107:0 noninteractive element cannot have nonnegative tabIndex value
https://svelte.dev/e/a11y_no_noninteractive_tabindex
8:10:46 PM [vite-plugin-svelte] src/lib/content/articles/zero-trust-ai-maturity-model-es.md:107:0 noninteractive element cannot have nonnegative tabIndex value
https://svelte.dev/e/a11y_no_noninteractive_tabindex
8:10:46 PM [vite-plugin-svelte] src/lib/content/articles/zero-trust-ai-maturity-model.md:86:0 noninteractive element cannot have nonnegative tabIndex value
https://svelte.dev/e/a11y_no_noninteractive_tabindex
8:10:46 PM [vite-plugin-svelte] src/lib/content/articles/ztai-data-model-engineering-without-raw-access.md:79:0 noninteractive element cannot have nonnegative tabIndex value
https://svelte.dev/e/a11y_no_noninteractive_tabindex
8:10:46 PM [vite-plugin-svelte] src/lib/content/articles/ztai-indirect-data-access-en.md:52:0 noninteractive element cannot have nonnegative tabIndex value
https://svelte.dev/e/a11y_no_noninteractive_tabindex
8:10:46 PM [vite-plugin-svelte] src/lib/content/articles/ztai-indirect-data-access-en.md:169:0 noninteractive element cannot have nonnegative tabIndex value
https://svelte.dev/e/a11y_no_noninteractive_tabindex
8:10:46 PM [vite-plugin-svelte] src/lib/content/articles/ztai-indirect-data-access-es.md:52:0 noninteractive element cannot have nonnegative tabIndex value
https://svelte.dev/e/a11y_no_noninteractive_tabindex
8:10:46 PM [vite-plugin-svelte] src/lib/content/articles/ztai-indirect-data-access-es.md:169:0 noninteractive element cannot have nonnegative tabIndex value
https://svelte.dev/e/a11y_no_noninteractive_tabindex
8:10:46 PM [vite-plugin-svelte] src/lib/content/articles/ztai-indirect-data-access.md:52:0 noninteractive element cannot have nonnegative tabIndex value
https://svelte.dev/e/a11y_no_noninteractive_tabindex
8:10:46 PM [vite-plugin-svelte] src/lib/content/articles/ztai-indirect-data-access.md:167:0 noninteractive element cannot have nonnegative tabIndex value
https://svelte.dev/e/a11y_no_noninteractive_tabindex
Search fa: 73 published entries.
Search en: 37 published entries.
Search es: 29 published entries.

> ziabary-platform@0.1.0 prepare:short-links
> node scripts/generate-short-links.mjs

8:10:49 PM [vite-plugin-svelte] src/lib/content/articles/data-confidentiality-public-apis-en.md:95:0 noninteractive element cannot have nonnegative tabIndex value
https://svelte.dev/e/a11y_no_noninteractive_tabindex
8:10:49 PM [vite-plugin-svelte] src/lib/content/articles/data-confidentiality-public-apis-es.md:95:0 noninteractive element cannot have nonnegative tabIndex value
https://svelte.dev/e/a11y_no_noninteractive_tabindex
8:10:49 PM [vite-plugin-svelte] src/lib/content/articles/data-confidentiality-public-apis.md:87:0 noninteractive element cannot have nonnegative tabIndex value
https://svelte.dev/e/a11y_no_noninteractive_tabindex
8:10:49 PM [vite-plugin-svelte] src/lib/content/articles/dgx-and-standard-gpu-servers-en.md:13:0 noninteractive element cannot have nonnegative tabIndex value
https://svelte.dev/e/a11y_no_noninteractive_tabindex
8:10:49 PM [vite-plugin-svelte] src/lib/content/articles/dgx-and-standard-gpu-servers-es.md:13:0 noninteractive element cannot have nonnegative tabIndex value
https://svelte.dev/e/a11y_no_noninteractive_tabindex
8:10:49 PM [vite-plugin-svelte] src/lib/content/articles/dgx-and-standard-gpu-servers.md:12:0 noninteractive element cannot have nonnegative tabIndex value
https://svelte.dev/e/a11y_no_noninteractive_tabindex
8:10:49 PM [vite-plugin-svelte] src/lib/content/articles/from-stig-cis-to-rbac.md:27:0 noninteractive element cannot have nonnegative tabIndex value
https://svelte.dev/e/a11y_no_noninteractive_tabindex
8:10:49 PM [vite-plugin-svelte] src/lib/content/articles/from-stig-cis-to-rbac.md:87:0 noninteractive element cannot have nonnegative tabIndex value
https://svelte.dev/e/a11y_no_noninteractive_tabindex
8:10:49 PM [vite-plugin-svelte] src/lib/content/articles/from-zero-trust-to-zero-trust-ai-en.md:41:0 noninteractive element cannot have nonnegative tabIndex value
https://svelte.dev/e/a11y_no_noninteractive_tabindex
8:10:49 PM [vite-plugin-svelte] src/lib/content/articles/from-zero-trust-to-zero-trust-ai-es.md:43:0 noninteractive element cannot have nonnegative tabIndex value
https://svelte.dev/e/a11y_no_noninteractive_tabindex
8:10:49 PM [vite-plugin-svelte] src/lib/content/articles/from-zero-trust-to-zero-trust-ai.md:41:0 noninteractive element cannot have nonnegative tabIndex value
https://svelte.dev/e/a11y_no_noninteractive_tabindex
8:10:49 PM [vite-plugin-svelte] src/lib/content/articles/gpu-inference-latency-throughput-en.md:20:0 noninteractive element cannot have nonnegative tabIndex value
https://svelte.dev/e/a11y_no_noninteractive_tabindex
8:10:49 PM [vite-plugin-svelte] src/lib/content/articles/gpu-inference-latency-throughput-en.md:81:0 noninteractive element cannot have nonnegative tabIndex value
https://svelte.dev/e/a11y_no_noninteractive_tabindex
8:10:49 PM [vite-plugin-svelte] src/lib/content/articles/gpu-inference-latency-throughput-en.md:156:0 noninteractive element cannot have nonnegative tabIndex value
https://svelte.dev/e/a11y_no_noninteractive_tabindex
8:10:49 PM [vite-plugin-svelte] src/lib/content/articles/gpu-inference-latency-throughput-en.md:210:0 noninteractive element cannot have nonnegative tabIndex value
https://svelte.dev/e/a11y_no_noninteractive_tabindex
8:10:49 PM [vite-plugin-svelte] src/lib/content/articles/gpu-inference-latency-throughput-en.md:299:0 noninteractive element cannot have nonnegative tabIndex value
https://svelte.dev/e/a11y_no_noninteractive_tabindex
8:10:49 PM [vite-plugin-svelte] src/lib/content/articles/gpu-inference-latency-throughput-es.md:20:0 noninteractive element cannot have nonnegative tabIndex value
https://svelte.dev/e/a11y_no_noninteractive_tabindex
8:10:49 PM [vite-plugin-svelte] src/lib/content/articles/gpu-inference-latency-throughput-es.md:81:0 noninteractive element cannot have nonnegative tabIndex value
https://svelte.dev/e/a11y_no_noninteractive_tabindex
8:10:49 PM [vite-plugin-svelte] src/lib/content/articles/gpu-inference-latency-throughput-es.md:156:0 noninteractive element cannot have nonnegative tabIndex value
https://svelte.dev/e/a11y_no_noninteractive_tabindex
8:10:49 PM [vite-plugin-svelte] src/lib/content/articles/gpu-inference-latency-throughput-es.md:210:0 noninteractive element cannot have nonnegative tabIndex value
https://svelte.dev/e/a11y_no_noninteractive_tabindex
8:10:49 PM [vite-plugin-svelte] src/lib/content/articles/gpu-inference-latency-throughput-es.md:299:0 noninteractive element cannot have nonnegative tabIndex value
https://svelte.dev/e/a11y_no_noninteractive_tabindex
8:10:50 PM [vite-plugin-svelte] src/lib/content/articles/gpu-inference-latency-throughput.md:20:0 noninteractive element cannot have nonnegative tabIndex value
https://svelte.dev/e/a11y_no_noninteractive_tabindex
8:10:50 PM [vite-plugin-svelte] src/lib/content/articles/gpu-inference-latency-throughput.md:81:0 noninteractive element cannot have nonnegative tabIndex value
https://svelte.dev/e/a11y_no_noninteractive_tabindex
8:10:50 PM [vite-plugin-svelte] src/lib/content/articles/gpu-inference-latency-throughput.md:156:0 noninteractive element cannot have nonnegative tabIndex value
https://svelte.dev/e/a11y_no_noninteractive_tabindex
8:10:50 PM [vite-plugin-svelte] src/lib/content/articles/gpu-inference-latency-throughput.md:210:0 noninteractive element cannot have nonnegative tabIndex value
https://svelte.dev/e/a11y_no_noninteractive_tabindex
8:10:50 PM [vite-plugin-svelte] src/lib/content/articles/gpu-inference-latency-throughput.md:299:0 noninteractive element cannot have nonnegative tabIndex value
https://svelte.dev/e/a11y_no_noninteractive_tabindex
8:10:50 PM [vite-plugin-svelte] src/lib/content/articles/int8-or-fp8-real-gpu-support-en.md:24:0 noninteractive element cannot have nonnegative tabIndex value
https://svelte.dev/e/a11y_no_noninteractive_tabindex
8:10:50 PM [vite-plugin-svelte] src/lib/content/articles/int8-or-fp8-real-gpu-support-en.md:84:0 noninteractive element cannot have nonnegative tabIndex value
https://svelte.dev/e/a11y_no_noninteractive_tabindex
8:10:50 PM [vite-plugin-svelte] src/lib/content/articles/int8-or-fp8-real-gpu-support-en.md:140:0 noninteractive element cannot have nonnegative tabIndex value
https://svelte.dev/e/a11y_no_noninteractive_tabindex
8:10:50 PM [vite-plugin-svelte] src/lib/content/articles/int8-or-fp8-real-gpu-support-en.md:223:0 noninteractive element cannot have nonnegative tabIndex value
https://svelte.dev/e/a11y_no_noninteractive_tabindex
8:10:50 PM [vite-plugin-svelte] src/lib/content/articles/int8-or-fp8-real-gpu-support-es.md:24:0 noninteractive element cannot have nonnegative tabIndex value
https://svelte.dev/e/a11y_no_noninteractive_tabindex
8:10:50 PM [vite-plugin-svelte] src/lib/content/articles/int8-or-fp8-real-gpu-support-es.md:84:0 noninteractive element cannot have nonnegative tabIndex value
https://svelte.dev/e/a11y_no_noninteractive_tabindex
8:10:50 PM [vite-plugin-svelte] src/lib/content/articles/int8-or-fp8-real-gpu-support-es.md:140:0 noninteractive element cannot have nonnegative tabIndex value
https://svelte.dev/e/a11y_no_noninteractive_tabindex
8:10:50 PM [vite-plugin-svelte] src/lib/content/articles/int8-or-fp8-real-gpu-support-es.md:223:0 noninteractive element cannot have nonnegative tabIndex value
https://svelte.dev/e/a11y_no_noninteractive_tabindex
8:10:50 PM [vite-plugin-svelte] src/lib/content/articles/int8-or-fp8-real-gpu-support.md:24:0 noninteractive element cannot have nonnegative tabIndex value
https://svelte.dev/e/a11y_no_noninteractive_tabindex
8:10:50 PM [vite-plugin-svelte] src/lib/content/articles/int8-or-fp8-real-gpu-support.md:84:0 noninteractive element cannot have nonnegative tabIndex value
https://svelte.dev/e/a11y_no_noninteractive_tabindex
8:10:50 PM [vite-plugin-svelte] src/lib/content/articles/int8-or-fp8-real-gpu-support.md:140:0 noninteractive element cannot have nonnegative tabIndex value
https://svelte.dev/e/a11y_no_noninteractive_tabindex
8:10:50 PM [vite-plugin-svelte] src/lib/content/articles/int8-or-fp8-real-gpu-support.md:221:0 noninteractive element cannot have nonnegative tabIndex value
https://svelte.dev/e/a11y_no_noninteractive_tabindex
8:10:50 PM [vite-plugin-svelte] src/lib/content/articles/legacy-migration-does-not-remove-risk.md:23:0 noninteractive element cannot have nonnegative tabIndex value
https://svelte.dev/e/a11y_no_noninteractive_tabindex
8:10:50 PM [vite-plugin-svelte] src/lib/content/articles/llms-on-rtx-4090-24gb-vs-48gb.md:29:0 noninteractive element cannot have nonnegative tabIndex value
https://svelte.dev/e/a11y_no_noninteractive_tabindex
8:10:50 PM [vite-plugin-svelte] src/lib/content/articles/llms-on-rtx-4090-24gb-vs-48gb.md:203:0 noninteractive element cannot have nonnegative tabIndex value
https://svelte.dev/e/a11y_no_noninteractive_tabindex
8:10:50 PM [vite-plugin-svelte] src/lib/content/articles/llms-on-rtx-4090-24gb-vs-48gb.md:261:0 noninteractive element cannot have nonnegative tabIndex value
https://svelte.dev/e/a11y_no_noninteractive_tabindex
8:10:50 PM [vite-plugin-svelte] src/lib/content/articles/one-linux-hardening-policy-does-not-fit-all.md:18:0 noninteractive element cannot have nonnegative tabIndex value
https://svelte.dev/e/a11y_no_noninteractive_tabindex
8:10:50 PM [vite-plugin-svelte] src/lib/content/articles/pcie-gpu-server-selection-en.md:50:0 noninteractive element cannot have nonnegative tabIndex value
https://svelte.dev/e/a11y_no_noninteractive_tabindex
8:10:50 PM [vite-plugin-svelte] src/lib/content/articles/pcie-gpu-server-selection-es.md:50:0 noninteractive element cannot have nonnegative tabIndex value
https://svelte.dev/e/a11y_no_noninteractive_tabindex
8:10:50 PM [vite-plugin-svelte] src/lib/content/articles/pcie-vs-sxm-for-ai-en.md:57:0 noninteractive element cannot have nonnegative tabIndex value
https://svelte.dev/e/a11y_no_noninteractive_tabindex
8:10:50 PM [vite-plugin-svelte] src/lib/content/articles/pcie-vs-sxm-for-ai-es.md:57:0 noninteractive element cannot have nonnegative tabIndex value
https://svelte.dev/e/a11y_no_noninteractive_tabindex
8:10:50 PM [vite-plugin-svelte] src/lib/content/articles/pcie-vs-sxm-for-ai.md:53:0 noninteractive element cannot have nonnegative tabIndex value
https://svelte.dev/e/a11y_no_noninteractive_tabindex
8:10:50 PM [vite-plugin-svelte] src/lib/content/articles/rag-cag-kag-fine-tuning-instruction-tuning-en.md:79:0 noninteractive element cannot have nonnegative tabIndex value
https://svelte.dev/e/a11y_no_noninteractive_tabindex
8:10:50 PM [vite-plugin-svelte] src/lib/content/articles/rag-cag-kag-fine-tuning-instruction-tuning-es.md:79:0 noninteractive element cannot have nonnegative tabIndex value
https://svelte.dev/e/a11y_no_noninteractive_tabindex
8:10:50 PM [vite-plugin-svelte] src/lib/content/articles/rag-cag-kag-fine-tuning-instruction-tuning.md:79:0 noninteractive element cannot have nonnegative tabIndex value
https://svelte.dev/e/a11y_no_noninteractive_tabindex
8:10:50 PM [vite-plugin-svelte] src/lib/content/articles/right-model-size-for-the-task.md:44:0 noninteractive element cannot have nonnegative tabIndex value
https://svelte.dev/e/a11y_no_noninteractive_tabindex
8:10:50 PM [vite-plugin-svelte] src/lib/content/articles/right-model-size-for-the-task.md:133:0 noninteractive element cannot have nonnegative tabIndex value
https://svelte.dev/e/a11y_no_noninteractive_tabindex
8:10:50 PM [vite-plugin-svelte] src/lib/content/articles/zero-trust-ai-maturity-model-en.md:107:0 noninteractive element cannot have nonnegative tabIndex value
https://svelte.dev/e/a11y_no_noninteractive_tabindex
8:10:50 PM [vite-plugin-svelte] src/lib/content/articles/zero-trust-ai-maturity-model-es.md:107:0 noninteractive element cannot have nonnegative tabIndex value
https://svelte.dev/e/a11y_no_noninteractive_tabindex
8:10:50 PM [vite-plugin-svelte] src/lib/content/articles/zero-trust-ai-maturity-model.md:86:0 noninteractive element cannot have nonnegative tabIndex value
https://svelte.dev/e/a11y_no_noninteractive_tabindex
8:10:50 PM [vite-plugin-svelte] src/lib/content/articles/ztai-data-model-engineering-without-raw-access.md:79:0 noninteractive element cannot have nonnegative tabIndex value
https://svelte.dev/e/a11y_no_noninteractive_tabindex
8:10:50 PM [vite-plugin-svelte] src/lib/content/articles/ztai-indirect-data-access-en.md:52:0 noninteractive element cannot have nonnegative tabIndex value
https://svelte.dev/e/a11y_no_noninteractive_tabindex
8:10:50 PM [vite-plugin-svelte] src/lib/content/articles/ztai-indirect-data-access-en.md:169:0 noninteractive element cannot have nonnegative tabIndex value
https://svelte.dev/e/a11y_no_noninteractive_tabindex
8:10:50 PM [vite-plugin-svelte] src/lib/content/articles/ztai-indirect-data-access-es.md:52:0 noninteractive element cannot have nonnegative tabIndex value
https://svelte.dev/e/a11y_no_noninteractive_tabindex
8:10:50 PM [vite-plugin-svelte] src/lib/content/articles/ztai-indirect-data-access-es.md:169:0 noninteractive element cannot have nonnegative tabIndex value
https://svelte.dev/e/a11y_no_noninteractive_tabindex
8:10:50 PM [vite-plugin-svelte] src/lib/content/articles/ztai-indirect-data-access.md:52:0 noninteractive element cannot have nonnegative tabIndex value
https://svelte.dev/e/a11y_no_noninteractive_tabindex
8:10:50 PM [vite-plugin-svelte] src/lib/content/articles/ztai-indirect-data-access.md:167:0 noninteractive element cannot have nonnegative tabIndex value
https://svelte.dev/e/a11y_no_noninteractive_tabindex
Short links: 210 published destinations; 210 reserved codes.
vite v7.3.6 building ssr environment for production...
transforming...
8:10:54 PM [vite-plugin-svelte] src/lib/content/articles/data-confidentiality-public-apis-en.md:95:0 noninteractive element cannot have nonnegative tabIndex value
https://svelte.dev/e/a11y_no_noninteractive_tabindex
93:   id="{headingPrefix}comparing-the-methods-at-a-glance"
94: >Comparing the methods at a glance</h2>
95: <div class="prose-table-scroll" tabindex="0"><table>
                  ^
96: <thead>
97: <tr>
8:10:54 PM [vite-plugin-svelte] src/lib/content/articles/data-confidentiality-public-apis-es.md:95:0 noninteractive element cannot have nonnegative tabIndex value
https://svelte.dev/e/a11y_no_noninteractive_tabindex
93:   id="{headingPrefix}comparación-de-los-métodos-de-un-vistazo"
94: >Comparación de los métodos de un vistazo</h2>
95: <div class="prose-table-scroll" tabindex="0"><table>
                  ^
96: <thead>
97: <tr>
8:10:54 PM [vite-plugin-svelte] src/lib/content/articles/data-confidentiality-public-apis.md:87:0 noninteractive element cannot have nonnegative tabIndex value
https://svelte.dev/e/a11y_no_noninteractive_tabindex
85: >نمونه پژوهش FHE برای Llama-3-8B</a>)</p>
86: <h2 id="{headingPrefix}مقایسه-روش-ها-در-یک-نگاه">مقایسه روش‌ها در یک نگاه</h2>
87: <div class="prose-table-scroll" tabindex="0"><table>
                  ^
88: <thead>
89: <tr>
8:10:54 PM [vite-plugin-svelte] src/lib/content/articles/dgx-and-standard-gpu-servers-en.md:13:0 noninteractive element cannot have nonnegative tabIndex value
https://svelte.dev/e/a11y_no_noninteractive_tabindex
11:   id="{headingPrefix}establish-what-is-being-quoted"
12: >Establish what is being quoted</h3>
13: <div class="prose-table-scroll" tabindex="0"><table>
                  ^
14: <thead>
15: <tr>
8:10:54 PM [vite-plugin-svelte] src/lib/content/articles/dgx-and-standard-gpu-servers-es.md:13:0 noninteractive element cannot have nonnegative tabIndex value
https://svelte.dev/e/a11y_no_noninteractive_tabindex
11:   id="{headingPrefix}precisar-qué-incluye-la-oferta"
12: >Precisar qué incluye la oferta</h3>
13: <div class="prose-table-scroll" tabindex="0"><table>
                  ^
14: <thead>
15: <tr>
8:10:54 PM [vite-plugin-svelte] src/lib/content/articles/dgx-and-standard-gpu-servers.md:12:0 noninteractive element cannot have nonnegative tabIndex value
https://svelte.dev/e/a11y_no_noninteractive_tabindex
10:   id="{headingPrefix}تفاوتی-که-باید-پیش-از-استعلام-روشن-شود"
11: >تفاوتی که باید پیش از استعلام روشن شود</h2>
12: <div class="prose-table-scroll" tabindex="0"><table>
                  ^
13: <thead>
14: <tr>
8:10:54 PM [vite-plugin-svelte] src/lib/content/articles/from-stig-cis-to-rbac.md:27:0 noninteractive element cannot have nonnegative tabIndex value
https://svelte.dev/e/a11y_no_noninteractive_tabindex
25:   id="{headingPrefix}stig-و-cis-یک-مأموریت-ندارند"
26: >STIG و CIS یک مأموریت ندارند</h2>
27: <div class="prose-table-scroll" tabindex="0"><table>
                  ^
28: <thead>
29: <tr>
8:10:54 PM [vite-plugin-svelte] src/lib/content/articles/from-stig-cis-to-rbac.md:87:0 noninteractive element cannot have nonnegative tabIndex value
https://svelte.dev/e/a11y_no_noninteractive_tabindex
85: >لایه‌های کنترل در سیستم‌عامل</h2>
86: <p>کنترل‌های استاندارد را می‌توان در چهار لایه دید:</p>
87: <div class="prose-table-scroll" tabindex="0"><table>
                  ^
88: <thead>
89: <tr>
8:10:54 PM [vite-plugin-svelte] src/lib/content/articles/from-zero-trust-to-zero-trust-ai-en.md:41:0 noninteractive element cannot have nonnegative tabIndex value
https://svelte.dev/e/a11y_no_noninteractive_tabindex
39:   id="{headingPrefix}applying-zero-trust-to-the-ai-lifecycle"
40: >Applying zero trust to the AI lifecycle</h2>
41: <div class="prose-table-scroll" tabindex="0"><table>
                  ^
42: <thead>
43: <tr>
8:10:54 PM [vite-plugin-svelte] src/lib/content/articles/from-zero-trust-to-zero-trust-ai-es.md:43:0 noninteractive element cannot have nonnegative tabIndex value
https://svelte.dev/e/a11y_no_noninteractive_tabindex
41:   id="{headingPrefix}aplicar-confianza-cero-al-ciclo-de-vida-de-la-ia"
42: >Aplicar confianza cero al ciclo de vida de la IA</h2>
43: <div class="prose-table-scroll" tabindex="0"><table>
                  ^
44: <thead>
45: <tr>
8:10:54 PM [vite-plugin-svelte] src/lib/content/articles/from-zero-trust-to-zero-trust-ai.md:41:0 noninteractive element cannot have nonnegative tabIndex value
https://svelte.dev/e/a11y_no_noninteractive_tabindex
39: <p>در <strong>به‌روزرسانی مسموم</strong>، مهاجم به‌روزرسانی مدل را تغییر می‌دهد، کد مخرب وارد می‌کند یا مدل را به نتایج نادرست سوق می‌دهد. <strong>نشت اطلاعات</strong> نیز زمانی رخ می‌دهد که مدل بتواند اطلاعات حساس موجود در ورودی یا دادهٔ آموزش را آشکار کند. این تهدیدها نشان می‌دهند امن‌کردن زیرساخت شبکه برای هوش مصنوعی کافی نیست و یکپارچگی داده، مدل و فرآیند باید در تمام چرخهٔ حیات پیوسته تأیید شود.</p>
40: <h2 id="{headingPrefix}تفاوت-zta-و-ztai-در-یک-نگاه">تفاوت ZTA و ZTAI در یک نگاه</h2>
41: <div class="prose-table-scroll" tabindex="0"><table>
                  ^
42: <thead>
43: <tr>
8:10:54 PM [vite-plugin-svelte] src/lib/content/articles/int8-or-fp8-real-gpu-support-en.md:24:0 noninteractive element cannot have nonnegative tabIndex value
https://svelte.dev/e/a11y_no_noninteractive_tabindex
22: >Transformer Engine primer</a> explains the distinction. Floating-point representation alone does not guarantee a smaller error for a particular model.</p>
23: <p>In quantized-model names, <strong>W</strong> refers to weights and <strong>A</strong> to activations—the intermediate values passed through the layers. W8A8 specifies the bit widths of those two groups. It does not, on its own, identify integer or floating-point computation.</p>
24: <div class="prose-table-scroll" tabindex="0"><table>
                  ^
25: <thead>
26: <tr>
8:10:54 PM [vite-plugin-svelte] src/lib/content/articles/int8-or-fp8-real-gpu-support-en.md:84:0 noninteractive element cannot have nonnegative tabIndex value
https://svelte.dev/e/a11y_no_noninteractive_tabindex
82:   target="_blank"
83: >H200 SXM figures</a> are obtained by removing the sparsity multiplier from the vendor’s published rates.</p>
84: <div class="prose-table-scroll" tabindex="0"><table>
                  ^
85: <thead>
86: <tr>
8:10:54 PM [vite-plugin-svelte] src/lib/content/articles/int8-or-fp8-real-gpu-support-en.md:140:0 noninteractive element cannot have nonnegative tabIndex value
https://svelte.dev/e/a11y_no_noninteractive_tabindex
138:   target="_blank"
139: >Spec Sheets Are Not Kernels</a> audits that chain for Blackwell Ultra. It examines documentation and code at specified versions; it does not report speed or model-quality benchmarks. Its findings must be read within that scope.</p>
140: <div class="prose-table-scroll" tabindex="0"><table>
                   ^
141: <thead>
142: <tr>
8:10:54 PM [vite-plugin-svelte] src/lib/content/articles/int8-or-fp8-real-gpu-support-en.md:223:0 noninteractive element cannot have nonnegative tabIndex value
https://svelte.dev/e/a11y_no_noninteractive_tabindex
221: >Ask for a reproducible service test</h3>
222: <p>A purchasing request should name an executable configuration: model version, quantization method, runtime, GPU and workload. The following information makes competing proposals meaningfully comparable.</p>
223: <div class="prose-table-scroll" tabindex="0"><table>
                   ^
224: <thead>
225: <tr>
8:10:54 PM [vite-plugin-svelte] src/lib/content/articles/int8-or-fp8-real-gpu-support-es.md:24:0 noninteractive element cannot have nonnegative tabIndex value
https://svelte.dev/e/a11y_no_noninteractive_tabindex
22: >introducción a Transformer Engine</a> de NVIDIA explica la diferencia. La representación en coma flotante no garantiza por sí sola un error menor en un modelo concreto.</p>
23: <p>En las denominaciones de modelos cuantizados, <strong>W</strong> se refiere a los pesos y <strong>A</strong> a las activaciones: los valores intermedios que pasan por las capas. W8A8 especifica el número de bits de ambos grupos. Por sí solo, no identifica si el cálculo utiliza enteros o coma flotante.</p>
24: <div class="prose-table-scroll" tabindex="0"><table>
                  ^
25: <thead>
26: <tr>
8:10:54 PM [vite-plugin-svelte] src/lib/content/articles/int8-or-fp8-real-gpu-support-es.md:84:0 noninteractive element cannot have nonnegative tabIndex value
https://svelte.dev/e/a11y_no_noninteractive_tabindex
82:   target="_blank"
83: >cifras de H200 SXM</a> se obtienen eliminando el multiplicador por dispersión de los valores publicados por el fabricante.</p>
84: <div class="prose-table-scroll" tabindex="0"><table>
                  ^
85: <thead>
86: <tr>
8:10:54 PM [vite-plugin-svelte] src/lib/content/articles/int8-or-fp8-real-gpu-support-es.md:140:0 noninteractive element cannot have nonnegative tabIndex value
https://svelte.dev/e/a11y_no_noninteractive_tabindex
138:   target="_blank"
139: >Spec Sheets Are Not Kernels</a> examina esa cadena en Blackwell Ultra. Revisa documentación y código de versiones concretas; no presenta pruebas de velocidad ni de calidad de modelos. Sus resultados deben interpretarse dentro de ese alcance.</p>
140: <div class="prose-table-scroll" tabindex="0"><table>
                   ^
141: <thead>
142: <tr>
8:10:54 PM [vite-plugin-svelte] src/lib/content/articles/int8-or-fp8-real-gpu-support-es.md:223:0 noninteractive element cannot have nonnegative tabIndex value
https://svelte.dev/e/a11y_no_noninteractive_tabindex
221: >Solicitar una prueba de servicio reproducible</h3>
222: <p>Una solicitud de compra debe identificar una configuración ejecutable: versión del modelo, método de cuantización, motor, GPU y carga de trabajo. La información siguiente permite comparar propuestas con sentido.</p>
223: <div class="prose-table-scroll" tabindex="0"><table>
                   ^
224: <thead>
225: <tr>
8:10:54 PM [vite-plugin-svelte] src/lib/content/articles/int8-or-fp8-real-gpu-support.md:24:0 noninteractive element cannot have nonnegative tabIndex value
https://svelte.dev/e/a11y_no_noninteractive_tabindex
22: >راهنمای Transformer Engine</a> این تفاوت را توضیح می‌دهد. بنابراین ممیزشناور بودن به‌تنهایی تضمین نمی‌کند که خطای یک مدل کمتر شود.</p>
23: <p>در نام مدل‌های کوانتیزه‌شده، W به وزن‌ها و A به فعال‌سازی‌ها، یعنی داده‌های میانی عبوری از لایه‌ها، اشاره دارد. عبارت W8A8 فقط تعداد بیت این دو گروه را مشخص می‌کند؛ از روی آن نمی‌توان صحیح یا ممیزشناور بودن محاسبات را تعیین کرد.</p>
24: <div class="prose-table-scroll" tabindex="0"><table>
                  ^
25: <thead>
26: <tr>
8:10:54 PM [vite-plugin-svelte] src/lib/content/articles/int8-or-fp8-real-gpu-support.md:84:0 noninteractive element cannot have nonnegative tabIndex value
https://svelte.dev/e/a11y_no_noninteractive_tabindex
82:   target="_blank"
83: >H200 SXM</a> نیز با حذف ضریب تنکی مشخصات سازنده محاسبه شده‌اند.</p>
84: <div class="prose-table-scroll" tabindex="0"><table>
                  ^
85: <thead>
86: <tr>
8:10:54 PM [vite-plugin-svelte] src/lib/content/articles/int8-or-fp8-real-gpu-support.md:140:0 noninteractive element cannot have nonnegative tabIndex value
https://svelte.dev/e/a11y_no_noninteractive_tabindex
138:   target="_blank"
139: >Spec Sheets Are Not Kernels، نسخهٔ دوم، اوت ۲۰۲۶</a> همین زنجیره را در Blackwell Ultra ممیزی کرده است. مطالعه، بررسی مستندات و کد در نسخه‌های مشخص است و بنچمارک سرعت یا کیفیت ارائه نمی‌کند. جزئیات یافته‌های آن را باید با همان نسخه‌ها خواند:</p>
140: <div class="prose-table-scroll" tabindex="0"><table>
                   ^
141: <thead>
142: <tr>
8:10:54 PM [vite-plugin-svelte] src/lib/content/articles/int8-or-fp8-real-gpu-support.md:221:0 noninteractive element cannot have nonnegative tabIndex value
https://svelte.dev/e/a11y_no_noninteractive_tabindex
219: >معیار عملی برای انتخاب زیرساخت</h3>
220: <p>در استعلام خرید بهتر است اجرای یک پیکربندی مشخص مطالبه شود: نسخهٔ مدل، روش کوانتیزه‌سازی، موتور اجرا، GPU و بار آزمون. جدول زیر حداقل اطلاعات لازم برای مقایسهٔ پیشنهادها را جمع می‌کند.</p>
221: <div class="prose-table-scroll" tabindex="0"><table>
                   ^
222: <thead>
223: <tr>
8:10:54 PM [vite-plugin-svelte] src/lib/content/articles/legacy-migration-does-not-remove-risk.md:23:0 noninteractive element cannot have nonnegative tabIndex value
https://svelte.dev/e/a11y_no_noninteractive_tabindex
21: <p>از منظر امنیتی، خطر زمانی عادی می‌شود. runtime منسوخ، الگوریتم قدیمی و دسترسی گسترده به دلیل نبود حادثهٔ آشکار «قابل تحمل» فرض می‌شوند، بدون آنکه این پذیرش آگاهانه، مستند یا زمان‌مند باشد. نداشتن حادثه، به‌ویژه وقتی مشاهده‌پذیری ضعیف است، به معنای نداشتن ریسک نیست.</p>
22: <h2 id="{headingPrefix}سه-گروه-سه-منطق-تصمیم">سه گروه، سه منطق تصمیم</h2>
23: <div class="prose-table-scroll" tabindex="0"><table>
                  ^
24: <thead>
25: <tr>
8:10:54 PM [vite-plugin-svelte] src/lib/content/articles/pcie-gpu-server-selection-en.md:50:0 noninteractive element cannot have nonnegative tabIndex value
https://svelte.dev/e/a11y_no_noninteractive_tabindex
48:   target="_blank"
49: >NVIDIA-Certified Systems</a> are useful references, but the supported combination may depend on CPU choice, firmware, risers, GPU bridges, storage adapters, power supplies and cooling kits.</p>
50: <div class="prose-table-scroll" tabindex="0"><table>
                  ^
51: <thead>
52: <tr>
8:10:54 PM [vite-plugin-svelte] src/lib/content/articles/one-linux-hardening-policy-does-not-fit-all.md:18:0 noninteractive element cannot have nonnegative tabIndex value
https://svelte.dev/e/a11y_no_noninteractive_tabindex
16:   id="{headingPrefix}ده-کاربری-که-نباید-یکسان-دیده-شوند"
17: >ده کاربری که نباید یکسان دیده شوند</h2>
18: <div class="prose-table-scroll" tabindex="0"><table>
                  ^
19: <thead>
20: <tr>
8:10:54 PM [vite-plugin-svelte] src/lib/content/articles/pcie-gpu-server-selection-es.md:50:0 noninteractive element cannot have nonnegative tabIndex value
https://svelte.dev/e/a11y_no_noninteractive_tabindex
48:   target="_blank"
49: >NVIDIA-Certified Systems</a> son referencias útiles, pero la combinación admitida puede depender de la CPU, el firmware, las tarjetas elevadoras, los puentes de GPU, los adaptadores de almacenamiento, las fuentes y los kits de refrigeración.</p>
50: <div class="prose-table-scroll" tabindex="0"><table>
                  ^
51: <thead>
52: <tr>
8:10:54 PM [vite-plugin-svelte] src/lib/content/articles/pcie-vs-sxm-for-ai-en.md:57:0 noninteractive element cannot have nonnegative tabIndex value
https://svelte.dev/e/a11y_no_noninteractive_tabindex
55:   id="{headingPrefix}match-the-platform-to-the-communication-pattern"
56: >Match the platform to the communication pattern</h3>
57: <div class="prose-table-scroll" tabindex="0"><table>
                  ^
58: <thead>
59: <tr>
8:10:54 PM [vite-plugin-svelte] src/lib/content/articles/pcie-vs-sxm-for-ai-es.md:57:0 noninteractive element cannot have nonnegative tabIndex value
https://svelte.dev/e/a11y_no_noninteractive_tabindex
55:   id="{headingPrefix}ajustar-la-plataforma-al-patrón-de-comunicación"
56: >Ajustar la plataforma al patrón de comunicación</h3>
57: <div class="prose-table-scroll" tabindex="0"><table>
                  ^
58: <thead>
59: <tr>
8:10:54 PM [vite-plugin-svelte] src/lib/content/articles/pcie-vs-sxm-for-ai.md:53:0 noninteractive element cannot have nonnegative tabIndex value
https://svelte.dev/e/a11y_no_noninteractive_tabindex
51: <h4 id="{headingPrefix}کارایی-و-کاربرد">کارایی و کاربرد</h4>
52: <p>جدول نسخهٔ اولیه برای مقایسهٔ کاربردی دو رابط مهم بود و در این بازبینی حفظ شده است، اما عبارت‌های قطعی آن اصلاح شده‌اند. حوزهٔ کاربرد به‌تنهایی نوع رابط را تعیین نمی‌کند؛ اندازهٔ مسئله و الگوی تبادل داده تعیین‌کننده است.</p>
53: <div class="prose-table-scroll" tabindex="0"><table>
                  ^
54: <thead>
55: <tr>
8:10:54 PM [vite-plugin-svelte] src/lib/content/articles/rag-cag-kag-fine-tuning-instruction-tuning-en.md:79:0 noninteractive element cannot have nonnegative tabIndex value
https://svelte.dev/e/a11y_no_noninteractive_tabindex
77: <p>The relationship is straightforward: every instance of instruction tuning is a form of fine-tuning, but not every instance of fine-tuning is instruction tuning. Training a model solely to identify a document type or predict a particular label is fine-tuning. Training it on diverse instructions and example responses so that it follows commands better is instruction tuning. Many models with “Instruct” or “Chat” in their names are trained versions of a foundation model. Instruction tuning does not automatically supply live information, new organizational documents or citation capabilities, and it is commonly used alongside RAG, CAG or KAG.</p>
78: <h2 id="{headingPrefix}comparison-at-a-glance">Comparison at a glance</h2>
79: <div class="prose-table-scroll" tabindex="0"><table>
                  ^
80: <thead>
81: <tr>
8:10:54 PM [vite-plugin-svelte] src/lib/content/articles/rag-cag-kag-fine-tuning-instruction-tuning-es.md:79:0 noninteractive element cannot have nonnegative tabIndex value
https://svelte.dev/e/a11y_no_noninteractive_tabindex
77: <p>La relación es sencilla: todo instruction tuning es una forma de fine-tuning, pero no todo fine-tuning es instruction tuning. Si entrenamos un modelo únicamente para identificar un tipo de documento o predecir una etiqueta concreta, hacemos fine-tuning. Si lo entrenamos con instrucciones variadas y respuestas de ejemplo para que siga mejor las órdenes, hacemos instruction tuning. Muchos modelos que incluyen «Instruct» o «Chat» en su nombre son versiones entrenadas de un modelo fundacional. El ajuste por instrucciones tampoco aporta automáticamente información en tiempo real, documentos nuevos de una organización ni capacidad de citar fuentes; suele emplearse junto con RAG, CAG o KAG.</p>
78: <h2 id="{headingPrefix}comparación-de-un-vistazo">Comparación de un vistazo</h2>
79: <div class="prose-table-scroll" tabindex="0"><table>
                  ^
80: <thead>
81: <tr>
8:10:54 PM [vite-plugin-svelte] src/lib/content/articles/rag-cag-kag-fine-tuning-instruction-tuning.md:79:0 noninteractive element cannot have nonnegative tabIndex value
https://svelte.dev/e/a11y_no_noninteractive_tabindex
77: <p>رابطه این دو اصطلاح را می‌توان ساده بیان کرد: هر Instruction tuning نوعی Fine-tuning است، اما هر Fine-tuning لزوما Instruction tuning نیست. اگر مدلی را فقط برای تشخیص نوع یک سند یا پیش‌بینی برچسبی مشخص آموزش دهیم، Fine-tuning انجام داده‌ایم؛ اگر آن را با دستورهای متنوع و پاسخ‌های نمونه آموزش دهیم تا فرمان‌ها را بهتر دنبال کند، وارد Instruction tuning شده‌ایم. بسیاری از مدل‌هایی که در نامشان واژه‌های Instruct یا Chat دیده می‌شود، نسخه‌های آموزش‌دیده یک مدل پایه‌اند. Instruction tuning نیز اطلاعات لحظه‌ای، سند سازمانی تازه یا قابلیت استناد را به‌طور خودکار ایجاد نمی‌کند و معمولا در کنار RAG، CAG یا KAG به کار می‌رود.</p>
78: <h2 id="{headingPrefix}مقایسه-در-یک-نگاه">مقایسه در یک نگاه</h2>
79: <div class="prose-table-scroll" tabindex="0"><table>
                  ^
80: <thead>
81: <tr>
8:10:54 PM [vite-plugin-svelte] src/lib/content/articles/right-model-size-for-the-task.md:44:0 noninteractive element cannot have nonnegative tabIndex value
https://svelte.dev/e/a11y_no_noninteractive_tabindex
42: >جدول تخمینی تناسب اندازه مدل با کاربرد</h2>
43: <p>جدول زیر <strong>جمع‌بندی تحلیلی برای انتخاب گزینه‌های اولیه</strong> است. بازه‌ها تقریبی‌اند و مدل‌های مولد متراکمِ متناسب با زبان و وظیفه را با فرض طول زمینه قابل مدیریت در نظر می‌گیرند؛ امتیاز آزمایش یا تضمین عملکرد همه مدل‌های آن بازه نیستند. «اولویت کمتر» یعنی افزایش ظرفیت برای آن کار ساده، معمولاً پیش از بررسی گزینه کوچک‌تر توجیه روشنی ندارد؛ مدل‌های MoE باید با توجه به کیفیت واقعی، پارامتر کل و فعال جداگانه بررسی شوند.</p>
44: <div class="prose-table-scroll" tabindex="0"><table>
                  ^
45: <thead>
46: <tr>
8:10:54 PM [vite-plugin-svelte] src/lib/content/articles/right-model-size-for-the-task.md:133:0 noninteractive element cannot have nonnegative tabIndex value
https://svelte.dev/e/a11y_no_noninteractive_tabindex
131: >اعداد منتشرشده چه چیزی را روشن می‌کنند؟</h2>
132: <p>در گزارش ناشر SmolLM3، دو مدل کوچک روی دو آزمون نتیجه متفاوتی دارند. IFEval پیروی از دستورهای قابل بررسی و LiveCodeBench توان حل مسئله کدنویسی را می‌سنجد.</p>
133: <div class="prose-table-scroll" tabindex="0"><table>
                   ^
134: <thead>
135: <tr>
8:10:54 PM [vite-plugin-svelte] src/lib/content/articles/zero-trust-ai-maturity-model-en.md:107:0 noninteractive element cannot have nonnegative tabIndex value
https://svelte.dev/e/a11y_no_noninteractive_tabindex
105: <p>The same discipline applies to maintenance. If every difficult failure requires exporting a memory dump or granting unrestricted access, the separation will disappear in practice. Development, diagnostics and recovery tools are part of the security architecture.</p>
106: <h2 id="{headingPrefix}comparing-the-levels">Comparing the levels</h2>
107: <div class="prose-table-scroll" tabindex="0"><table>
                   ^
108: <thead>
109: <tr>
8:10:54 PM [vite-plugin-svelte] src/lib/content/articles/zero-trust-ai-maturity-model-es.md:107:0 noninteractive element cannot have nonnegative tabIndex value
https://svelte.dev/e/a11y_no_noninteractive_tabindex
105: <p>La misma disciplina se aplica al mantenimiento. Si cada fallo difícil exige exportar un volcado de memoria o conceder acceso sin restricciones, la separación desaparecerá en la práctica. Las herramientas de desarrollo, diagnóstico y recuperación forman parte de la arquitectura de seguridad.</p>
106: <h2 id="{headingPrefix}comparación-de-los-niveles">Comparación de los niveles</h2>
107: <div class="prose-table-scroll" tabindex="0"><table>
                   ^
108: <thead>
109: <tr>
8:10:54 PM [vite-plugin-svelte] src/lib/content/articles/zero-trust-ai-maturity-model.md:86:0 noninteractive element cannot have nonnegative tabIndex value
https://svelte.dev/e/a11y_no_noninteractive_tabindex
84: <p>در این سطح، حذف انسان به معنی حذف مسئولیت انسانی نیست. انسان هنوز سیاست را تعریف می‌کند، فرآیند را می‌سازد، بر شواهد نظارت دارد و در استثناها مداخله می‌کند؛ آنچه حذف می‌شود دسترسی مستقیم و غیرضروری به دادهٔ خام و امکان دورزدن مسیر کنترل‌شده است.</p>
85: <h2 id="{headingPrefix}مقایسه-سطوح-بلوغ">مقایسهٔ سطوح بلوغ</h2>
86: <div class="prose-table-scroll" tabindex="0"><table>
                  ^
87: <thead>
88: <tr>
8:10:54 PM [vite-plugin-svelte] src/lib/content/articles/ztai-indirect-data-access-en.md:52:0 noninteractive element cannot have nonnegative tabIndex value
https://svelte.dev/e/a11y_no_noninteractive_tabindex
50: <p>The maturity model describes boundaries around data preparation, training, evaluation and deployment. Output control must run across all four. A data-cleaning report, evaluation metric and model file can each leave the confidential environment; each needs an appropriate release rule.</p>
51: <p>Blocking internet connectivity is not enough. If reports go to an internal experiment dashboard visible to the development team, information can cross the intended boundary there. Confidentiality depends on what the recipient is authorized to receive, not simply on whether the destination is internal.</p>
52: <div class="prose-table-scroll" tabindex="0"><table>
                  ^
53: <thead>
54: <tr>
8:10:54 PM [vite-plugin-svelte] src/lib/content/articles/ztai-indirect-data-access-en.md:169:0 noninteractive element cannot have nonnegative tabIndex value
https://svelte.dev/e/a11y_no_noninteractive_tabindex
167: >What evidence shows that access has actually been restricted?</h2>
168: <p>An architectural claim should lead to testable questions. The absence of a human database account does not account for every route to information. An audit must examine powers that can be combined and outputs that can be received.</p>
169: <div class="prose-table-scroll" tabindex="0"><table>
                   ^
170: <thead>
171: <tr>
8:10:54 PM [vite-plugin-svelte] src/lib/content/articles/ztai-indirect-data-access-es.md:52:0 noninteractive element cannot have nonnegative tabIndex value
https://svelte.dev/e/a11y_no_noninteractive_tabindex
50: <p>El modelo de madurez describe fronteras alrededor de la preparación de datos, el entrenamiento, la evaluación y el despliegue. El control de salida debe atravesar las cuatro. Un informe de limpieza de datos, una métrica de evaluación y un archivo de modelo pueden salir del entorno confidencial; cada uno necesita una regla de publicación adecuada.</p>
51: <p>Bloquear la conexión a internet no basta. Si los informes llegan a un panel interno de experimentos visible para el equipo de desarrollo, la información puede cruzar allí la frontera prevista. La confidencialidad depende de lo que el destinatario esté autorizado a recibir, no simplemente de que el destino sea interno.</p>
52: <div class="prose-table-scroll" tabindex="0"><table>
                  ^
53: <thead>
54: <tr>
8:10:54 PM [vite-plugin-svelte] src/lib/content/articles/ztai-indirect-data-access-es.md:169:0 noninteractive element cannot have nonnegative tabIndex value
https://svelte.dev/e/a11y_no_noninteractive_tabindex
167: >Qué evidencia demuestra que el acceso se ha restringido realmente</h2>
168: <p>Una afirmación arquitectónica debe conducir a preguntas comprobables. La ausencia de una cuenta humana en la base de datos no contempla todas las vías hacia la información. La auditoría debe examinar las facultades que pueden combinarse y los resultados que pueden recibirse.</p>
169: <div class="prose-table-scroll" tabindex="0"><table>
                   ^
170: <thead>
171: <tr>
8:10:54 PM [vite-plugin-svelte] src/lib/content/articles/ztai-data-model-engineering-without-raw-access.md:79:0 noninteractive element cannot have nonnegative tabIndex value
https://svelte.dev/e/a11y_no_noninteractive_tabindex
77: <p>تغییر مهم در فرایند آن است که به‌جای «نمایش رکورد خراب»، یک قاعدهٔ نقض‌شده، دامنهٔ اثر مجاز و آزمون بازتولیدپذیر ارائه شود. موارد مسئله‌دار داخل مرز علامت‌گذاری یا قرنطینه می‌شوند و اصلاح با یک تبدیل نسخه‌دار انجام می‌شود. منبع اولیه حفظ می‌شود؛ پاک‌سازی نباید به دستکاری بی‌ردپای گذشته تبدیل شود.</p>
78: <p>جدول زیر، طراحی پیشنهادی این رابط شواهد است؛ نه تضمین آمادهٔ یک محصول خاص:</p>
79: <div class="prose-table-scroll" tabindex="0"><table>
                  ^
80: <thead>
81: <tr>
8:10:54 PM [vite-plugin-svelte] src/lib/content/articles/ztai-indirect-data-access.md:52:0 noninteractive element cannot have nonnegative tabIndex value
https://svelte.dev/e/a11y_no_noninteractive_tabindex
50: <p>در مدل بلوغ، چهار مرز برای داده، آموزش، ارزیابی و استقرار مطرح شده است. برای تکمیل بحث حاضر، کنترل خروج اطلاعات باید به‌صورت یک مرز مشترک بر همهٔ این مراحل اعمال شود. گزارش پاک‌سازی داده، شاخص ارزیابی و فایل مدل، همگی ممکن است از محیط محرمانه خارج شوند؛ هرکدام به مجوز و قاعدهٔ خروج متناسب نیاز دارند.</p>
51: <p>بستن اتصال به اینترنت لازم است، اما کافی نیست. اگر گزارش به سامانهٔ داخلی آزمایش‌ها ارسال شود و تیم توسعه آن سامانه را ببیند، داده می‌تواند همان‌جا از مرز تعیین‌شده عبور کند. مرز محرمانگی به مجازبودن دریافت‌کننده و اطلاعات دریافتی وابسته است؛ داخلی‌بودن مقصد به‌تنهایی آن را تعیین نمی‌کند.</p>
52: <div class="prose-table-scroll" tabindex="0"><table>
                  ^
53: <thead>
54: <tr>
8:10:54 PM [vite-plugin-svelte] src/lib/content/articles/ztai-indirect-data-access.md:167:0 noninteractive element cannot have nonnegative tabIndex value
https://svelte.dev/e/a11y_no_noninteractive_tabindex
165: >چه شواهدی نشان می‌دهد دسترسی واقعاً محدود شده است؟</h2>
166: <p>ادعای معماری را باید بتوان به پرسش‌های قابل آزمون تبدیل کرد. صرف نبودن حساب انسانی در پایگاه داده، همهٔ مسیرهای دسترسی را پوشش نمی‌دهد. در ممیزی، باید اختیارات قابل ترکیب و خروجی‌های قابل دریافت نیز بررسی شوند.</p>
167: <div class="prose-table-scroll" tabindex="0"><table>
                   ^
168: <thead>
169: <tr>
8:10:54 PM [vite-plugin-svelte] src/lib/content/articles/gpu-inference-latency-throughput-en.md:20:0 noninteractive element cannot have nonnegative tabIndex value
https://svelte.dev/e/a11y_no_noninteractive_tabindex
18: >When we say “fast,” what are we measuring?</h2>
19: <p>A user sends a request, waits, sees the first part of the response, and then receives the rest. That experience involves at least two distinct timing measures: the wait before the response starts and the intervals at which subsequent parts are produced.</p>
20: <div class="prose-table-scroll" tabindex="0"><table>
                  ^
21: <thead>
22: <tr>
8:10:54 PM [vite-plugin-svelte] src/lib/content/articles/gpu-inference-latency-throughput-en.md:81:0 noninteractive element cannot have nonnegative tabIndex value
https://svelte.dev/e/a11y_no_noninteractive_tabindex
79: >Starting sooner does not guarantee finishing sooner</h2>
80: <p>Consider two hypothetical configurations:</p>
81: <div class="prose-table-scroll" tabindex="0"><table>
                  ^
82: <thead>
83: <tr>
8:10:54 PM [vite-plugin-svelte] src/lib/content/articles/gpu-inference-latency-throughput-en.md:156:0 noninteractive element cannot have nonnegative tabIndex value
https://svelte.dev/e/a11y_no_noninteractive_tabindex
154: <p>Running several requests in a batch can improve the use of weights and compute resources. Yet a system may aim to maximize aggregate output even if the interval between tokens increases for each request.</p>
155: <p>To clarify the difference, consider a steady, entirely hypothetical interval in which all requests are decoding:</p>
156: <div class="prose-table-scroll" tabindex="0"><table>
                   ^
157: <thead>
158: <tr>
8:10:54 PM [vite-plugin-svelte] src/lib/content/articles/gpu-inference-latency-throughput-en.md:210:0 noninteractive element cannot have nonnegative tabIndex value
https://svelte.dev/e/a11y_no_noninteractive_tabindex
208: >Read memory figures at the correct scale</h3>
209: <p>The official LPX page lists these specifications:</p>
210: <div class="prose-table-scroll" tabindex="0"><table>
                   ^
211: <thead>
212: <tr>
8:10:54 PM [vite-plugin-svelte] src/lib/content/articles/gpu-inference-latency-throughput-en.md:299:0 noninteractive element cannot have nonnegative tabIndex value
https://svelte.dev/e/a11y_no_noninteractive_tabindex
297: >Define acceptance tests from service requirements</h2>
298: <p>Before comparing cards, the test specification must be fixed and reproducible:</p>
299: <div class="prose-table-scroll" tabindex="0"><table>
                   ^
300: <thead>
301: <tr>
8:10:54 PM [vite-plugin-svelte] src/lib/content/articles/gpu-inference-latency-throughput-es.md:20:0 noninteractive element cannot have nonnegative tabIndex value
https://svelte.dev/e/a11y_no_noninteractive_tabindex
18: >Cuando decimos «rápido», ¿qué estamos midiendo?</h2>
19: <p>El usuario envía una solicitud, espera, ve la primera parte de la respuesta y después recibe el resto. Esa experiencia comprende al menos dos medidas temporales distintas: la espera hasta el inicio de la respuesta y los intervalos de producción de sus partes posteriores.</p>
20: <div class="prose-table-scroll" tabindex="0"><table>
                  ^
21: <thead>
22: <tr>
8:10:54 PM [vite-plugin-svelte] src/lib/content/articles/gpu-inference-latency-throughput-es.md:81:0 noninteractive element cannot have nonnegative tabIndex value
https://svelte.dev/e/a11y_no_noninteractive_tabindex
79: >Empezar antes no garantiza terminar antes</h2>
80: <p>Consideremos dos configuraciones hipotéticas:</p>
81: <div class="prose-table-scroll" tabindex="0"><table>
                  ^
82: <thead>
83: <tr>
8:10:54 PM [vite-plugin-svelte] src/lib/content/articles/gpu-inference-latency-throughput-es.md:156:0 noninteractive element cannot have nonnegative tabIndex value
https://svelte.dev/e/a11y_no_noninteractive_tabindex
154: <p>Ejecutar varias solicitudes en un lote puede mejorar el aprovechamiento de los pesos y los recursos de cálculo. Sin embargo, el objetivo del sistema puede ser maximizar la salida conjunta, aunque aumente el intervalo entre tokens de cada solicitud.</p>
155: <p>Para aclarar la diferencia, consideremos un intervalo estable y totalmente hipotético en el que todas las solicitudes están en decode:</p>
156: <div class="prose-table-scroll" tabindex="0"><table>
                   ^
157: <thead>
158: <tr>
8:10:54 PM [vite-plugin-svelte] src/lib/content/articles/gpu-inference-latency-throughput-es.md:210:0 noninteractive element cannot have nonnegative tabIndex value
https://svelte.dev/e/a11y_no_noninteractive_tabindex
208: >Leer las cifras de memoria en la escala adecuada</h3>
209: <p>La página oficial de LPX anuncia las siguientes especificaciones:</p>
210: <div class="prose-table-scroll" tabindex="0"><table>
                   ^
211: <thead>
212: <tr>
8:10:54 PM [vite-plugin-svelte] src/lib/content/articles/gpu-inference-latency-throughput-es.md:299:0 noninteractive element cannot have nonnegative tabIndex value
https://svelte.dev/e/a11y_no_noninteractive_tabindex
297: >Definir las pruebas de aceptación a partir del servicio</h2>
298: <p>Antes de comparar tarjetas, las especificaciones de la prueba deben ser fijas y reproducibles:</p>
299: <div class="prose-table-scroll" tabindex="0"><table>
                   ^
300: <thead>
301: <tr>
8:10:54 PM [vite-plugin-svelte] src/lib/content/articles/gpu-inference-latency-throughput.md:20:0 noninteractive element cannot have nonnegative tabIndex value
https://svelte.dev/e/a11y_no_noninteractive_tabindex
18: >وقتی می‌گوییم «سریع»، چه چیزی را اندازه می‌گیریم؟</h2>
19: <p>کاربر یک درخواست می‌فرستد، مدتی منتظر می‌ماند، نخستین بخش پاسخ را می‌بیند و سپس ادامهٔ آن را دریافت می‌کند. این تجربه دست‌کم دو زمان مستقل دارد: انتظار تا آغاز پاسخ و فاصلهٔ تولید اجزای بعدی آن.</p>
20: <div class="prose-table-scroll" tabindex="0"><table>
                  ^
21: <thead>
22: <tr>
8:10:54 PM [vite-plugin-svelte] src/lib/content/articles/gpu-inference-latency-throughput.md:81:0 noninteractive element cannot have nonnegative tabIndex value
https://svelte.dev/e/a11y_no_noninteractive_tabindex
79: >شروع زودتر، پایان زودتر را تضمین نمی‌کند</h2>
80: <p>دو پیکربندی فرضی را در نظر بگیریم:</p>
81: <div class="prose-table-scroll" tabindex="0"><table>
                  ^
82: <thead>
83: <tr>
8:10:54 PM [vite-plugin-svelte] src/lib/content/articles/gpu-inference-latency-throughput.md:156:0 noninteractive element cannot have nonnegative tabIndex value
https://svelte.dev/e/a11y_no_noninteractive_tabindex
154: <p>اجرای چند درخواست در یک batch می‌تواند استفاده از وزن‌ها و منابع محاسباتی را مؤثرتر کند. بااین‌حال، هدف سامانه ممکن است بیشینه‌کردن خروجی جمعی باشد، حتی اگر فاصلهٔ توکن‌های هر درخواست افزایش یابد.</p>
155: <p>برای روشن‌شدن تفاوت، یک بازهٔ پایدار و کاملاً فرضی را در نظر بگیریم که همهٔ درخواست‌های آن در حال decode هستند:</p>
156: <div class="prose-table-scroll" tabindex="0"><table>
                   ^
157: <thead>
158: <tr>
8:10:54 PM [vite-plugin-svelte] src/lib/content/articles/gpu-inference-latency-throughput.md:210:0 noninteractive element cannot have nonnegative tabIndex value
https://svelte.dev/e/a11y_no_noninteractive_tabindex
208: >اعداد حافظه را در مقیاس درست بخوانیم</h3>
209: <p>صفحهٔ رسمی LPX مشخصات زیر را اعلام می‌کند:</p>
210: <div class="prose-table-scroll" tabindex="0"><table>
                   ^
211: <thead>
212: <tr>
8:10:54 PM [vite-plugin-svelte] src/lib/content/articles/gpu-inference-latency-throughput.md:299:0 noninteractive element cannot have nonnegative tabIndex value
https://svelte.dev/e/a11y_no_noninteractive_tabindex
297: >آزمون پذیرش را از نیاز سرویس بنویسیم</h2>
298: <p>پیش از مقایسهٔ کارت‌ها، مشخصات آزمون باید ثابت و قابل تکرار باشند:</p>
299: <div class="prose-table-scroll" tabindex="0"><table>
                   ^
300: <thead>
301: <tr>
8:10:54 PM [vite-plugin-svelte] src/lib/content/articles/llms-on-rtx-4090-24gb-vs-48gb.md:29:0 noninteractive element cannot have nonnegative tabIndex value
https://svelte.dev/e/a11y_no_noninteractive_tabindex
27: >چه مدل‌هایی روی یک 4090 جا می‌شوند؟</h2>
28: <p>جدول زیر چند نمونهٔ مشخص را از مدل کوچک تا مدل ۷۰ میلیاردی نشان می‌دهد. مبنای برآورد، یک درخواست فعال با مجموع زمینه و خروجی در حدود ۸ هزار توکن، قرارگیری وزن‌ها و KV cache روی GPU و یک موتور سازگار با فایل منتخب است. برای فایل‌های Q4_K_M، محاسبه با KV شانزده‌بیتی و <bdi dir="ltr" style="white-space:nowrap">۲ GiB</bdi> فضای ذخیره برای موتور انجام شده است؛ مصرف واقعی موتور می‌تواند بیشتر باشد و به‌ویژه در ردیف‌های کم‌حاشیه اهمیت دارد. اندازه‌های فایل از مخازن پیوندشده آمده‌اند و با واحد <strong>GiB، معادل ۲ به توان ۳۰ بایت</strong> نوشته شده‌اند؛ این عدد فقط حجم فایل وزن است و حافظهٔ کامل اجرای مدل را نشان نمی‌دهد. نتیجهٔ ستون‌های کارت، برآورد ظرفیت حافظه برای این سناریو است؛ سرعت و تعداد کاربران از این جدول به‌تنهایی استخراج نمی‌شود.</p>
29: <div class="prose-table-scroll" tabindex="0"><table>
                  ^
30: <thead>
31: <tr>
8:10:54 PM [vite-plugin-svelte] src/lib/content/articles/llms-on-rtx-4090-24gb-vs-48gb.md:203:0 noninteractive element cannot have nonnegative tabIndex value
https://svelte.dev/e/a11y_no_noninteractive_tabindex
201: >پیکربندی رسمی این نسخه</a>، مدل ۴۸ لایه، ۴ سرِ KV و بُعد ۱۲۸ برای هر سر دارد. اگر KV با FP16 یا BF16 ذخیره شود، هر مقدار دو بایت می‌گیرد و برای درخواست‌های هم‌اندازه، حافظهٔ خام آن از رابطهٔ زیر به دست می‌آید؛ در این رابطه T تعداد توکن‌های نگهداری‌شده برای هر درخواست و N تعداد درخواست‌های فعال است.</p>
202: <div class="math-display" dir="ltr"><span class="katex-display"><span class="katex"><span class="katex-mathml"><math xmlns="http://www.w3.org/1998/Math/MathML" display="block"><semantics><mrow><msub><mi>M</mi><mrow><mi>K</mi><mi>V</mi></mrow></msub><mo>=</mo><mn>2</mn><mo>×</mo><mn>48</mn><mo>×</mo><mn>4</mn><mo>×</mo><mn>128</mn><mo>×</mo><mn>2</mn><mo>×</mo><mi>T</mi><mo>×</mo><mi>N</mi><mspace width="1em"/><mtext>bytes</mtext></mrow><annotation encoding="application/x-tex">M_&#123;KV&#125;=2\times48\times4\times128\times2\times T\times N\quad\text&#123;bytes&#125;</annotation></semantics></math></span><span class="katex-html" aria-hidden="true"><span class="base"><span class="strut" style="height:0.8333em;vertical-align:-0.15em;"></span><span class="mord"><span class="mord mathnormal" style="margin-right:0.109em;">M</span><span class="msupsub"><span class="vlist-t vlist-t2"><span class="vlist-r"><span class="vlist" style="height:0.3283em;"><span style="top:-2.55em;margin-left:-0.109em;margin-right:0.05em;"><span class="pstrut" style="height:2.7em;"></span><span class="sizing reset-size6 size3 mtight"><span class="mord mtight"><span class="mord mathnormal mtight" style="margin-right:0.0715em;">K</span><span class="mord mathnormal mtight" style="margin-right:0.2222em;">V</span></span></span></span></span><span class="vlist-s">​</span></span><span class="vlist-r"><span class="vlist" style="height:0.15em;"><span></span></span></span></span></span></span><span class="mspace" style="margin-right:0.2778em;"></span><span class="mrel">=</span><span class="mspace" style="margin-right:0.2778em;"></span></span><span class="base"><span class="strut" style="height:0.7278em;vertical-align:-0.0833em;"></span><span class="mord">2</span><span class="mspace" style="margin-right:0.2222em;"></span><span class="mbin">×</span><span class="mspace" style="margin-right:0.2222em;"></span></span><span class="base"><span class="strut" style="height:0.7278em;vertical-align:-0.0833em;"></span><span class="mord">48</span><span class="mspace" style="margin-right:0.2222em;"></span><span class="mbin">×</span><span class="mspace" style="margin-right:0.2222em;"></span></span><span class="base"><span class="strut" style="height:0.7278em;vertical-align:-0.0833em;"></span><span class="mord">4</span><span class="mspace" style="margin-right:0.2222em;"></span><span class="mbin">×</span><span class="mspace" style="margin-right:0.2222em;"></span></span><span class="base"><span class="strut" style="height:0.7278em;vertical-align:-0.0833em;"></span><span class="mord">128</span><span class="mspace" style="margin-right:0.2222em;"></span><span class="mbin">×</span><span class="mspace" style="margin-right:0.2222em;"></span></span><span class="base"><span class="strut" style="height:0.7278em;vertical-align:-0.0833em;"></span><span class="mord">2</span><span class="mspace" style="margin-right:0.2222em;"></span><span class="mbin">×</span><span class="mspace" style="margin-right:0.2222em;"></span></span><span class="base"><span class="strut" style="height:0.7667em;vertical-align:-0.0833em;"></span><span class="mord mathnormal" style="margin-right:0.1389em;">T</span><span class="mspace" style="margin-right:0.2222em;"></span><span class="mbin">×</span><span class="mspace" style="margin-right:0.2222em;"></span></span><span class="base"><span class="strut" style="height:0.8889em;vertical-align:-0.1944em;"></span><span class="mord mathnormal" style="margin-right:0.109em;">N</span><span class="mspace" style="margin-right:1em;"></span><span class="mord text"><span class="mord">bytes</span></span></span></span></span></span></div>
203: <div class="prose-table-scroll" tabindex="0"><table>
                   ^
204: <thead>
205: <tr>
8:10:54 PM [vite-plugin-svelte] src/lib/content/articles/llms-on-rtx-4090-24gb-vs-48gb.md:261:0 noninteractive element cannot have nonnegative tabIndex value
https://svelte.dev/e/a11y_no_noninteractive_tabindex
259:   href="/articles/right-model-size-for-the-task/"
260: >«برای هر کاربرد واقعاً چه اندازه مدلی لازم داریم؟ از مدل تخصصی و SLM تا LLM»</a> با جزئیات بیشتری توضیح داده شده است.</p>
261: <div class="prose-table-scroll" tabindex="0"><table>
                   ^
262: <thead>
263: <tr>
✓ 490 modules transformed.
rendering chunks...
[plugin vite:reporter] 
(!) /home/user/Projects/ziabary-platform-sveltekit/src/lib/content/articles/accessing-legacy-numenta-content.md is dynamically imported by /home/user/Projects/ziabary-platform-sveltekit/src/lib/content.ts but also statically imported by /home/user/Projects/ziabary-platform-sveltekit/src/lib/content.ts, dynamic import will not move module into another chunk.

[plugin vite:reporter] 
(!) /home/user/Projects/ziabary-platform-sveltekit/src/lib/content/articles/ai-cosmetic-surgery-or-chemotherapy.md is dynamically imported by /home/user/Projects/ziabary-platform-sveltekit/src/lib/content.ts but also statically imported by /home/user/Projects/ziabary-platform-sveltekit/src/lib/content.ts, dynamic import will not move module into another chunk.

[plugin vite:reporter] 
(!) /home/user/Projects/ziabary-platform-sveltekit/src/lib/content/articles/ai-data-access-ito-action.md is dynamically imported by /home/user/Projects/ziabary-platform-sveltekit/src/lib/content.ts but also statically imported by /home/user/Projects/ziabary-platform-sveltekit/src/lib/content.ts, dynamic import will not move module into another chunk.

[plugin vite:reporter] 
(!) /home/user/Projects/ziabary-platform-sveltekit/src/lib/content/articles/ai-data-confidentiality-safe-processing.md is dynamically imported by /home/user/Projects/ziabary-platform-sveltekit/src/lib/content.ts but also statically imported by /home/user/Projects/ziabary-platform-sveltekit/src/lib/content.ts, dynamic import will not move module into another chunk.

[plugin vite:reporter] 
(!) /home/user/Projects/ziabary-platform-sveltekit/src/lib/content/articles/ai-from-gitex-to-parliament.md is dynamically imported by /home/user/Projects/ziabary-platform-sveltekit/src/lib/content.ts but also statically imported by /home/user/Projects/ziabary-platform-sveltekit/src/lib/content.ts, dynamic import will not move module into another chunk.

[plugin vite:reporter] 
(!) /home/user/Projects/ziabary-platform-sveltekit/src/lib/content/articles/ai-infrastructure-security-starts-with-kernel-and-gpu.md is dynamically imported by /home/user/Projects/ziabary-platform-sveltekit/src/lib/content.ts but also statically imported by /home/user/Projects/ziabary-platform-sveltekit/src/lib/content.ts, dynamic import will not move module into another chunk.

[plugin vite:reporter] 
(!) /home/user/Projects/ziabary-platform-sveltekit/src/lib/content/articles/ai-operator-model-private-sector.md is dynamically imported by /home/user/Projects/ziabary-platform-sveltekit/src/lib/content.ts but also statically imported by /home/user/Projects/ziabary-platform-sveltekit/src/lib/content.ts, dynamic import will not move module into another chunk.

[plugin vite:reporter] 
(!) /home/user/Projects/ziabary-platform-sveltekit/src/lib/content/articles/air-gap-moves-trust-boundary.md is dynamically imported by /home/user/Projects/ziabary-platform-sveltekit/src/lib/content.ts but also statically imported by /home/user/Projects/ziabary-platform-sveltekit/src/lib/content.ts, dynamic import will not move module into another chunk.

[plugin vite:reporter] 
(!) /home/user/Projects/ziabary-platform-sveltekit/src/lib/content/articles/apache-mod-jk-log-lock.md is dynamically imported by /home/user/Projects/ziabary-platform-sveltekit/src/lib/content.ts but also statically imported by /home/user/Projects/ziabary-platform-sveltekit/src/lib/content.ts, dynamic import will not move module into another chunk.

[plugin vite:reporter] 
(!) /home/user/Projects/ziabary-platform-sveltekit/src/lib/content/articles/architecture-is-governance.md is dynamically imported by /home/user/Projects/ziabary-platform-sveltekit/src/lib/content.ts but also statically imported by /home/user/Projects/ziabary-platform-sveltekit/src/lib/content.ts, dynamic import will not move module into another chunk.

[plugin vite:reporter] 
(!) /home/user/Projects/ziabary-platform-sveltekit/src/lib/content/articles/ayar-hoomas.md is dynamically imported by /home/user/Projects/ziabary-platform-sveltekit/src/lib/content.ts but also statically imported by /home/user/Projects/ziabary-platform-sveltekit/src/lib/content.ts, dynamic import will not move module into another chunk.

[plugin vite:reporter] 
(!) /home/user/Projects/ziabary-platform-sveltekit/src/lib/content/articles/building-targoman-without-patronage.md is dynamically imported by /home/user/Projects/ziabary-platform-sveltekit/src/lib/content.ts but also statically imported by /home/user/Projects/ziabary-platform-sveltekit/src/lib/content.ts, dynamic import will not move module into another chunk.

[plugin vite:reporter] 
(!) /home/user/Projects/ziabary-platform-sveltekit/src/lib/content/articles/china-travelogue-part-1.md is dynamically imported by /home/user/Projects/ziabary-platform-sveltekit/src/lib/content.ts but also statically imported by /home/user/Projects/ziabary-platform-sveltekit/src/lib/content.ts, dynamic import will not move module into another chunk.

[plugin vite:reporter] 
(!) /home/user/Projects/ziabary-platform-sveltekit/src/lib/content/articles/china-travelogue-part-2.md is dynamically imported by /home/user/Projects/ziabary-platform-sveltekit/src/lib/content.ts but also statically imported by /home/user/Projects/ziabary-platform-sveltekit/src/lib/content.ts, dynamic import will not move module into another chunk.

[plugin vite:reporter] 
(!) /home/user/Projects/ziabary-platform-sveltekit/src/lib/content/articles/choosing-gpu-for-ai-en.md is dynamically imported by /home/user/Projects/ziabary-platform-sveltekit/src/lib/content.ts but also statically imported by /home/user/Projects/ziabary-platform-sveltekit/src/lib/content.ts, dynamic import will not move module into another chunk.

[plugin vite:reporter] 
(!) /home/user/Projects/ziabary-platform-sveltekit/src/lib/content/articles/choosing-gpu-for-ai-es.md is dynamically imported by /home/user/Projects/ziabary-platform-sveltekit/src/lib/content.ts but also statically imported by /home/user/Projects/ziabary-platform-sveltekit/src/lib/content.ts, dynamic import will not move module into another chunk.

[plugin vite:reporter] 
(!) /home/user/Projects/ziabary-platform-sveltekit/src/lib/content/articles/choosing-gpu-for-ai.md is dynamically imported by /home/user/Projects/ziabary-platform-sveltekit/src/lib/content.ts but also statically imported by /home/user/Projects/ziabary-platform-sveltekit/src/lib/content.ts, dynamic import will not move module into another chunk.

[plugin vite:reporter] 
(!) /home/user/Projects/ziabary-platform-sveltekit/src/lib/content/articles/configuration-drift-attestation-and-rollback.md is dynamically imported by /home/user/Projects/ziabary-platform-sveltekit/src/lib/content.ts but also statically imported by /home/user/Projects/ziabary-platform-sveltekit/src/lib/content.ts, dynamic import will not move module into another chunk.

[plugin vite:reporter] 
(!) /home/user/Projects/ziabary-platform-sveltekit/src/lib/content/articles/construir-targoman-sin-padrinos.md is dynamically imported by /home/user/Projects/ziabary-platform-sveltekit/src/lib/content.ts but also statically imported by /home/user/Projects/ziabary-platform-sveltekit/src/lib/content.ts, dynamic import will not move module into another chunk.

[plugin vite:reporter] 
(!) /home/user/Projects/ziabary-platform-sveltekit/src/lib/content/articles/containers-are-not-security-boundaries.md is dynamically imported by /home/user/Projects/ziabary-platform-sveltekit/src/lib/content.ts but also statically imported by /home/user/Projects/ziabary-platform-sveltekit/src/lib/content.ts, dynamic import will not move module into another chunk.

[plugin vite:reporter] 
(!) /home/user/Projects/ziabary-platform-sveltekit/src/lib/content/articles/crypto-shared-portfolio-profit.md is dynamically imported by /home/user/Projects/ziabary-platform-sveltekit/src/lib/content.ts but also statically imported by /home/user/Projects/ziabary-platform-sveltekit/src/lib/content.ts, dynamic import will not move module into another chunk.

[plugin vite:reporter] 
(!) /home/user/Projects/ziabary-platform-sveltekit/src/lib/content/articles/cuando-un-otp-por-sms-reduce-la-seguridad.md is dynamically imported by /home/user/Projects/ziabary-platform-sveltekit/src/lib/content.ts but also statically imported by /home/user/Projects/ziabary-platform-sveltekit/src/lib/content.ts, dynamic import will not move module into another chunk.

[plugin vite:reporter] 
(!) /home/user/Projects/ziabary-platform-sveltekit/src/lib/content/articles/data-confidentiality-public-apis-en.md is dynamically imported by /home/user/Projects/ziabary-platform-sveltekit/src/lib/content.ts but also statically imported by /home/user/Projects/ziabary-platform-sveltekit/src/lib/content.ts, dynamic import will not move module into another chunk.

[plugin vite:reporter] 
(!) /home/user/Projects/ziabary-platform-sveltekit/src/lib/content/articles/data-confidentiality-public-apis-es.md is dynamically imported by /home/user/Projects/ziabary-platform-sveltekit/src/lib/content.ts but also statically imported by /home/user/Projects/ziabary-platform-sveltekit/src/lib/content.ts, dynamic import will not move module into another chunk.

[plugin vite:reporter] 
(!) /home/user/Projects/ziabary-platform-sveltekit/src/lib/content/articles/data-confidentiality-public-apis.md is dynamically imported by /home/user/Projects/ziabary-platform-sveltekit/src/lib/content.ts but also statically imported by /home/user/Projects/ziabary-platform-sveltekit/src/lib/content.ts, dynamic import will not move module into another chunk.

[plugin vite:reporter] 
(!) /home/user/Projects/ziabary-platform-sveltekit/src/lib/content/articles/data-ecosystem-regulation-players.md is dynamically imported by /home/user/Projects/ziabary-platform-sveltekit/src/lib/content.ts but also statically imported by /home/user/Projects/ziabary-platform-sveltekit/src/lib/content.ts, dynamic import will not move module into another chunk.

[plugin vite:reporter] 
(!) /home/user/Projects/ziabary-platform-sveltekit/src/lib/content/articles/data-regulation-balance.md is dynamically imported by /home/user/Projects/ziabary-platform-sveltekit/src/lib/content.ts but also statically imported by /home/user/Projects/ziabary-platform-sveltekit/src/lib/content.ts, dynamic import will not move module into another chunk.

[plugin vite:reporter] 
(!) /home/user/Projects/ziabary-platform-sveltekit/src/lib/content/articles/data-regulation-intergroup-conflicts.md is dynamically imported by /home/user/Projects/ziabary-platform-sveltekit/src/lib/content.ts but also statically imported by /home/user/Projects/ziabary-platform-sveltekit/src/lib/content.ts, dynamic import will not move module into another chunk.

[plugin vite:reporter] 
(!) /home/user/Projects/ziabary-platform-sveltekit/src/lib/content/articles/data-regulation-intragroup-conflicts.md is dynamically imported by /home/user/Projects/ziabary-platform-sveltekit/src/lib/content.ts but also statically imported by /home/user/Projects/ziabary-platform-sveltekit/src/lib/content.ts, dynamic import will not move module into another chunk.

[plugin vite:reporter] 
(!) /home/user/Projects/ziabary-platform-sveltekit/src/lib/content/articles/dgx-and-standard-gpu-servers-en.md is dynamically imported by /home/user/Projects/ziabary-platform-sveltekit/src/lib/content.ts but also statically imported by /home/user/Projects/ziabary-platform-sveltekit/src/lib/content.ts, dynamic import will not move module into another chunk.

[plugin vite:reporter] 
(!) /home/user/Projects/ziabary-platform-sveltekit/src/lib/content/articles/dgx-and-standard-gpu-servers-es.md is dynamically imported by /home/user/Projects/ziabary-platform-sveltekit/src/lib/content.ts but also statically imported by /home/user/Projects/ziabary-platform-sveltekit/src/lib/content.ts, dynamic import will not move module into another chunk.

[plugin vite:reporter] 
(!) /home/user/Projects/ziabary-platform-sveltekit/src/lib/content/articles/dgx-and-standard-gpu-servers.md is dynamically imported by /home/user/Projects/ziabary-platform-sveltekit/src/lib/content.ts but also statically imported by /home/user/Projects/ziabary-platform-sveltekit/src/lib/content.ts, dynamic import will not move module into another chunk.

[plugin vite:reporter] 
(!) /home/user/Projects/ziabary-platform-sveltekit/src/lib/content/articles/dynamic-password-fraud.md is dynamically imported by /home/user/Projects/ziabary-platform-sveltekit/src/lib/content.ts but also statically imported by /home/user/Projects/ziabary-platform-sveltekit/src/lib/content.ts, dynamic import will not move module into another chunk.

[plugin vite:reporter] 
(!) /home/user/Projects/ziabary-platform-sveltekit/src/lib/content/articles/elecomp-29-from-technology-to-synergy.md is dynamically imported by /home/user/Projects/ziabary-platform-sveltekit/src/lib/content.ts but also statically imported by /home/user/Projects/ziabary-platform-sveltekit/src/lib/content.ts, dynamic import will not move module into another chunk.

[plugin vite:reporter] 
(!) /home/user/Projects/ziabary-platform-sveltekit/src/lib/content/articles/from-stig-cis-to-rbac.md is dynamically imported by /home/user/Projects/ziabary-platform-sveltekit/src/lib/content.ts but also statically imported by /home/user/Projects/ziabary-platform-sveltekit/src/lib/content.ts, dynamic import will not move module into another chunk.

[plugin vite:reporter] 
(!) /home/user/Projects/ziabary-platform-sveltekit/src/lib/content/articles/from-zero-trust-to-zero-trust-ai-en.md is dynamically imported by /home/user/Projects/ziabary-platform-sveltekit/src/lib/content.ts but also statically imported by /home/user/Projects/ziabary-platform-sveltekit/src/lib/content.ts, dynamic import will not move module into another chunk.

[plugin vite:reporter] 
(!) /home/user/Projects/ziabary-platform-sveltekit/src/lib/content/articles/from-zero-trust-to-zero-trust-ai-es.md is dynamically imported by /home/user/Projects/ziabary-platform-sveltekit/src/lib/content.ts but also statically imported by /home/user/Projects/ziabary-platform-sveltekit/src/lib/content.ts, dynamic import will not move module into another chunk.

[plugin vite:reporter] 
(!) /home/user/Projects/ziabary-platform-sveltekit/src/lib/content/articles/from-zero-trust-to-zero-trust-ai.md is dynamically imported by /home/user/Projects/ziabary-platform-sveltekit/src/lib/content.ts but also statically imported by /home/user/Projects/ziabary-platform-sveltekit/src/lib/content.ts, dynamic import will not move module into another chunk.

[plugin vite:reporter] 
(!) /home/user/Projects/ziabary-platform-sveltekit/src/lib/content/articles/gitex-2025-report.md is dynamically imported by /home/user/Projects/ziabary-platform-sveltekit/src/lib/content.ts but also statically imported by /home/user/Projects/ziabary-platform-sveltekit/src/lib/content.ts, dynamic import will not move module into another chunk.

[plugin vite:reporter] 
(!) /home/user/Projects/ziabary-platform-sveltekit/src/lib/content/articles/global-data-regulation-experiences.md is dynamically imported by /home/user/Projects/ziabary-platform-sveltekit/src/lib/content.ts but also statically imported by /home/user/Projects/ziabary-platform-sveltekit/src/lib/content.ts, dynamic import will not move module into another chunk.

[plugin vite:reporter] 
(!) /home/user/Projects/ziabary-platform-sveltekit/src/lib/content/articles/google-used-targoman.md is dynamically imported by /home/user/Projects/ziabary-platform-sveltekit/src/lib/content.ts but also statically imported by /home/user/Projects/ziabary-platform-sveltekit/src/lib/content.ts, dynamic import will not move module into another chunk.

[plugin vite:reporter] 
(!) /home/user/Projects/ziabary-platform-sveltekit/src/lib/content/articles/gpu-inference-latency-throughput-en.md is dynamically imported by /home/user/Projects/ziabary-platform-sveltekit/src/lib/content.ts but also statically imported by /home/user/Projects/ziabary-platform-sveltekit/src/lib/content.ts, dynamic import will not move module into another chunk.

[plugin vite:reporter] 
(!) /home/user/Projects/ziabary-platform-sveltekit/src/lib/content/articles/gpu-inference-latency-throughput-es.md is dynamically imported by /home/user/Projects/ziabary-platform-sveltekit/src/lib/content.ts but also statically imported by /home/user/Projects/ziabary-platform-sveltekit/src/lib/content.ts, dynamic import will not move module into another chunk.

[plugin vite:reporter] 
(!) /home/user/Projects/ziabary-platform-sveltekit/src/lib/content/articles/gpu-inference-latency-throughput.md is dynamically imported by /home/user/Projects/ziabary-platform-sveltekit/src/lib/content.ts but also statically imported by /home/user/Projects/ziabary-platform-sveltekit/src/lib/content.ts, dynamic import will not move module into another chunk.

[plugin vite:reporter] 
(!) /home/user/Projects/ziabary-platform-sveltekit/src/lib/content/articles/gpu-server-platform-components-en.md is dynamically imported by /home/user/Projects/ziabary-platform-sveltekit/src/lib/content.ts but also statically imported by /home/user/Projects/ziabary-platform-sveltekit/src/lib/content.ts, dynamic import will not move module into another chunk.

[plugin vite:reporter] 
(!) /home/user/Projects/ziabary-platform-sveltekit/src/lib/content/articles/gpu-server-platform-components-es.md is dynamically imported by /home/user/Projects/ziabary-platform-sveltekit/src/lib/content.ts but also statically imported by /home/user/Projects/ziabary-platform-sveltekit/src/lib/content.ts, dynamic import will not move module into another chunk.

[plugin vite:reporter] 
(!) /home/user/Projects/ziabary-platform-sveltekit/src/lib/content/articles/gpu-server-platform-components.md is dynamically imported by /home/user/Projects/ziabary-platform-sveltekit/src/lib/content.ts but also statically imported by /home/user/Projects/ziabary-platform-sveltekit/src/lib/content.ts, dynamic import will not move module into another chunk.

[plugin vite:reporter] 
(!) /home/user/Projects/ziabary-platform-sveltekit/src/lib/content/articles/gpu-types-for-ai-en.md is dynamically imported by /home/user/Projects/ziabary-platform-sveltekit/src/lib/content.ts but also statically imported by /home/user/Projects/ziabary-platform-sveltekit/src/lib/content.ts, dynamic import will not move module into another chunk.

[plugin vite:reporter] 
(!) /home/user/Projects/ziabary-platform-sveltekit/src/lib/content/articles/gpu-types-for-ai-es.md is dynamically imported by /home/user/Projects/ziabary-platform-sveltekit/src/lib/content.ts but also statically imported by /home/user/Projects/ziabary-platform-sveltekit/src/lib/content.ts, dynamic import will not move module into another chunk.

[plugin vite:reporter] 
(!) /home/user/Projects/ziabary-platform-sveltekit/src/lib/content/articles/gpu-types-for-ai.md is dynamically imported by /home/user/Projects/ziabary-platform-sveltekit/src/lib/content.ts but also statically imported by /home/user/Projects/ziabary-platform-sveltekit/src/lib/content.ts, dynamic import will not move module into another chunk.

[plugin vite:reporter] 
(!) /home/user/Projects/ziabary-platform-sveltekit/src/lib/content/articles/htm-papers-and-books.md is dynamically imported by /home/user/Projects/ziabary-platform-sveltekit/src/lib/content.ts but also statically imported by /home/user/Projects/ziabary-platform-sveltekit/src/lib/content.ts, dynamic import will not move module into another chunk.

[plugin vite:reporter] 
(!) /home/user/Projects/ziabary-platform-sveltekit/src/lib/content/articles/install-dgtechnics-smart-hdtv-linux.md is dynamically imported by /home/user/Projects/ziabary-platform-sveltekit/src/lib/content.ts but also statically imported by /home/user/Projects/ziabary-platform-sveltekit/src/lib/content.ts, dynamic import will not move module into another chunk.

[plugin vite:reporter] 
(!) /home/user/Projects/ziabary-platform-sveltekit/src/lib/content/articles/install-nupic-opensuse.md is dynamically imported by /home/user/Projects/ziabary-platform-sveltekit/src/lib/content.ts but also statically imported by /home/user/Projects/ziabary-platform-sveltekit/src/lib/content.ts, dynamic import will not move module into another chunk.

[plugin vite:reporter] 
(!) /home/user/Projects/ziabary-platform-sveltekit/src/lib/content/articles/install-tbs6980-tbs6981-linux.md is dynamically imported by /home/user/Projects/ziabary-platform-sveltekit/src/lib/content.ts but also statically imported by /home/user/Projects/ziabary-platform-sveltekit/src/lib/content.ts, dynamic import will not move module into another chunk.

[plugin vite:reporter] 
(!) /home/user/Projects/ziabary-platform-sveltekit/src/lib/content/articles/int8-or-fp8-real-gpu-support-en.md is dynamically imported by /home/user/Projects/ziabary-platform-sveltekit/src/lib/content.ts but also statically imported by /home/user/Projects/ziabary-platform-sveltekit/src/lib/content.ts, dynamic import will not move module into another chunk.

[plugin vite:reporter] 
(!) /home/user/Projects/ziabary-platform-sveltekit/src/lib/content/articles/int8-or-fp8-real-gpu-support-es.md is dynamically imported by /home/user/Projects/ziabary-platform-sveltekit/src/lib/content.ts but also statically imported by /home/user/Projects/ziabary-platform-sveltekit/src/lib/content.ts, dynamic import will not move module into another chunk.

[plugin vite:reporter] 
(!) /home/user/Projects/ziabary-platform-sveltekit/src/lib/content/articles/int8-or-fp8-real-gpu-support.md is dynamically imported by /home/user/Projects/ziabary-platform-sveltekit/src/lib/content.ts but also statically imported by /home/user/Projects/ziabary-platform-sveltekit/src/lib/content.ts, dynamic import will not move module into another chunk.

[plugin vite:reporter] 
(!) /home/user/Projects/ziabary-platform-sveltekit/src/lib/content/articles/investment-in-ai.md is dynamically imported by /home/user/Projects/ziabary-platform-sveltekit/src/lib/content.ts but also statically imported by /home/user/Projects/ziabary-platform-sveltekit/src/lib/content.ts, dynamic import will not move module into another chunk.

[plugin vite:reporter] 
(!) /home/user/Projects/ziabary-platform-sveltekit/src/lib/content/articles/iran-ai-ranking-analysis.md is dynamically imported by /home/user/Projects/ziabary-platform-sveltekit/src/lib/content.ts but also statically imported by /home/user/Projects/ziabary-platform-sveltekit/src/lib/content.ts, dynamic import will not move module into another chunk.

[plugin vite:reporter] 
(!) /home/user/Projects/ziabary-platform-sveltekit/src/lib/content/articles/iran-ai-top-ten-roadmap.md is dynamically imported by /home/user/Projects/ziabary-platform-sveltekit/src/lib/content.ts but also statically imported by /home/user/Projects/ziabary-platform-sveltekit/src/lib/content.ts, dynamic import will not move module into another chunk.

[plugin vite:reporter] 
(!) /home/user/Projects/ziabary-platform-sveltekit/src/lib/content/articles/iran-israel-war-ai.md is dynamically imported by /home/user/Projects/ziabary-platform-sveltekit/src/lib/content.ts but also statically imported by /home/user/Projects/ziabary-platform-sveltekit/src/lib/content.ts, dynamic import will not move module into another chunk.

[plugin vite:reporter] 
(!) /home/user/Projects/ziabary-platform-sveltekit/src/lib/content/articles/iran-third-generation-warfare.md is dynamically imported by /home/user/Projects/ziabary-platform-sveltekit/src/lib/content.ts but also statically imported by /home/user/Projects/ziabary-platform-sveltekit/src/lib/content.ts, dynamic import will not move module into another chunk.

[plugin vite:reporter] 
(!) /home/user/Projects/ziabary-platform-sveltekit/src/lib/content/articles/language-identification-reading-list.md is dynamically imported by /home/user/Projects/ziabary-platform-sveltekit/src/lib/content.ts but also statically imported by /home/user/Projects/ziabary-platform-sveltekit/src/lib/content.ts, dynamic import will not move module into another chunk.

[plugin vite:reporter] 
(!) /home/user/Projects/ziabary-platform-sveltekit/src/lib/content/articles/legacy-migration-does-not-remove-risk.md is dynamically imported by /home/user/Projects/ziabary-platform-sveltekit/src/lib/content.ts but also statically imported by /home/user/Projects/ziabary-platform-sveltekit/src/lib/content.ts, dynamic import will not move module into another chunk.

[plugin vite:reporter] 
(!) /home/user/Projects/ziabary-platform-sveltekit/src/lib/content/articles/linux-distribution-as-security-governance.md is dynamically imported by /home/user/Projects/ziabary-platform-sveltekit/src/lib/content.ts but also statically imported by /home/user/Projects/ziabary-platform-sveltekit/src/lib/content.ts, dynamic import will not move module into another chunk.

[plugin vite:reporter] 
(!) /home/user/Projects/ziabary-platform-sveltekit/src/lib/content/articles/llms-on-rtx-4090-24gb-vs-48gb.md is dynamically imported by /home/user/Projects/ziabary-platform-sveltekit/src/lib/content.ts but also statically imported by /home/user/Projects/ziabary-platform-sveltekit/src/lib/content.ts, dynamic import will not move module into another chunk.

[plugin vite:reporter] 
(!) /home/user/Projects/ziabary-platform-sveltekit/src/lib/content/articles/longest-bachelors-degree.md is dynamically imported by /home/user/Projects/ziabary-platform-sveltekit/src/lib/content.ts but also statically imported by /home/user/Projects/ziabary-platform-sveltekit/src/lib/content.ts, dynamic import will not move module into another chunk.

[plugin vite:reporter] 
(!) /home/user/Projects/ziabary-platform-sveltekit/src/lib/content/articles/mlops-foundation-of-zero-trust-ai-en.md is dynamically imported by /home/user/Projects/ziabary-platform-sveltekit/src/lib/content.ts but also statically imported by /home/user/Projects/ziabary-platform-sveltekit/src/lib/content.ts, dynamic import will not move module into another chunk.

[plugin vite:reporter] 
(!) /home/user/Projects/ziabary-platform-sveltekit/src/lib/content/articles/mlops-foundation-of-zero-trust-ai-es.md is dynamically imported by /home/user/Projects/ziabary-platform-sveltekit/src/lib/content.ts but also statically imported by /home/user/Projects/ziabary-platform-sveltekit/src/lib/content.ts, dynamic import will not move module into another chunk.

[plugin vite:reporter] 
(!) /home/user/Projects/ziabary-platform-sveltekit/src/lib/content/articles/mlops-foundation-of-zero-trust-ai.md is dynamically imported by /home/user/Projects/ziabary-platform-sveltekit/src/lib/content.ts but also statically imported by /home/user/Projects/ziabary-platform-sveltekit/src/lib/content.ts, dynamic import will not move module into another chunk.

[plugin vite:reporter] 
(!) /home/user/Projects/ziabary-platform-sveltekit/src/lib/content/articles/national-ai-organization-from-law-to-impact.md is dynamically imported by /home/user/Projects/ziabary-platform-sveltekit/src/lib/content.ts but also statically imported by /home/user/Projects/ziabary-platform-sveltekit/src/lib/content.ts, dynamic import will not move module into another chunk.

[plugin vite:reporter] 
(!) /home/user/Projects/ziabary-platform-sveltekit/src/lib/content/articles/national-ai-organization-not-headquarters.md is dynamically imported by /home/user/Projects/ziabary-platform-sveltekit/src/lib/content.ts but also statically imported by /home/user/Projects/ziabary-platform-sveltekit/src/lib/content.ts, dynamic import will not move module into another chunk.

[plugin vite:reporter] 
(!) /home/user/Projects/ziabary-platform-sveltekit/src/lib/content/articles/national-ai-platform.md is dynamically imported by /home/user/Projects/ziabary-platform-sveltekit/src/lib/content.ts but also statically imported by /home/user/Projects/ziabary-platform-sveltekit/src/lib/content.ts, dynamic import will not move module into another chunk.

[plugin vite:reporter] 
(!) /home/user/Projects/ziabary-platform-sveltekit/src/lib/content/articles/noafarin-plan.md is dynamically imported by /home/user/Projects/ziabary-platform-sveltekit/src/lib/content.ts but also statically imported by /home/user/Projects/ziabary-platform-sveltekit/src/lib/content.ts, dynamic import will not move module into another chunk.

[plugin vite:reporter] 
(!) /home/user/Projects/ziabary-platform-sveltekit/src/lib/content/articles/one-linux-hardening-policy-does-not-fit-all.md is dynamically imported by /home/user/Projects/ziabary-platform-sveltekit/src/lib/content.ts but also statically imported by /home/user/Projects/ziabary-platform-sveltekit/src/lib/content.ts, dynamic import will not move module into another chunk.

[plugin vite:reporter] 
(!) /home/user/Projects/ziabary-platform-sveltekit/src/lib/content/articles/pcie-gpu-server-selection-en.md is dynamically imported by /home/user/Projects/ziabary-platform-sveltekit/src/lib/content.ts but also statically imported by /home/user/Projects/ziabary-platform-sveltekit/src/lib/content.ts, dynamic import will not move module into another chunk.

[plugin vite:reporter] 
(!) /home/user/Projects/ziabary-platform-sveltekit/src/lib/content/articles/pcie-gpu-server-selection-es.md is dynamically imported by /home/user/Projects/ziabary-platform-sveltekit/src/lib/content.ts but also statically imported by /home/user/Projects/ziabary-platform-sveltekit/src/lib/content.ts, dynamic import will not move module into another chunk.

[plugin vite:reporter] 
(!) /home/user/Projects/ziabary-platform-sveltekit/src/lib/content/articles/pcie-gpu-server-selection.md is dynamically imported by /home/user/Projects/ziabary-platform-sveltekit/src/lib/content.ts but also statically imported by /home/user/Projects/ziabary-platform-sveltekit/src/lib/content.ts, dynamic import will not move module into another chunk.

[plugin vite:reporter] 
(!) /home/user/Projects/ziabary-platform-sveltekit/src/lib/content/articles/pcie-vs-sxm-for-ai-en.md is dynamically imported by /home/user/Projects/ziabary-platform-sveltekit/src/lib/content.ts but also statically imported by /home/user/Projects/ziabary-platform-sveltekit/src/lib/content.ts, dynamic import will not move module into another chunk.

[plugin vite:reporter] 
(!) /home/user/Projects/ziabary-platform-sveltekit/src/lib/content/articles/pcie-vs-sxm-for-ai-es.md is dynamically imported by /home/user/Projects/ziabary-platform-sveltekit/src/lib/content.ts but also statically imported by /home/user/Projects/ziabary-platform-sveltekit/src/lib/content.ts, dynamic import will not move module into another chunk.

[plugin vite:reporter] 
(!) /home/user/Projects/ziabary-platform-sveltekit/src/lib/content/articles/pcie-vs-sxm-for-ai.md is dynamically imported by /home/user/Projects/ziabary-platform-sveltekit/src/lib/content.ts but also statically imported by /home/user/Projects/ziabary-platform-sveltekit/src/lib/content.ts, dynamic import will not move module into another chunk.

[plugin vite:reporter] 
(!) /home/user/Projects/ziabary-platform-sveltekit/src/lib/content/articles/rag-cag-kag-fine-tuning-instruction-tuning-en.md is dynamically imported by /home/user/Projects/ziabary-platform-sveltekit/src/lib/content.ts but also statically imported by /home/user/Projects/ziabary-platform-sveltekit/src/lib/content.ts, dynamic import will not move module into another chunk.

[plugin vite:reporter] 
(!) /home/user/Projects/ziabary-platform-sveltekit/src/lib/content/articles/rag-cag-kag-fine-tuning-instruction-tuning-es.md is dynamically imported by /home/user/Projects/ziabary-platform-sveltekit/src/lib/content.ts but also statically imported by /home/user/Projects/ziabary-platform-sveltekit/src/lib/content.ts, dynamic import will not move module into another chunk.

[plugin vite:reporter] 
(!) /home/user/Projects/ziabary-platform-sveltekit/src/lib/content/articles/rag-cag-kag-fine-tuning-instruction-tuning.md is dynamically imported by /home/user/Projects/ziabary-platform-sveltekit/src/lib/content.ts but also statically imported by /home/user/Projects/ziabary-platform-sveltekit/src/lib/content.ts, dynamic import will not move module into another chunk.

[plugin vite:reporter] 
(!) /home/user/Projects/ziabary-platform-sveltekit/src/lib/content/articles/right-model-size-for-the-task.md is dynamically imported by /home/user/Projects/ziabary-platform-sveltekit/src/lib/content.ts but also statically imported by /home/user/Projects/ziabary-platform-sveltekit/src/lib/content.ts, dynamic import will not move module into another chunk.

[plugin vite:reporter] 
(!) /home/user/Projects/ziabary-platform-sveltekit/src/lib/content/articles/secure-rag-agent.md is dynamically imported by /home/user/Projects/ziabary-platform-sveltekit/src/lib/content.ts but also statically imported by /home/user/Projects/ziabary-platform-sveltekit/src/lib/content.ts, dynamic import will not move module into another chunk.

[plugin vite:reporter] 
(!) /home/user/Projects/ziabary-platform-sveltekit/src/lib/content/articles/seventy-million-words-a-day.md is dynamically imported by /home/user/Projects/ziabary-platform-sveltekit/src/lib/content.ts but also statically imported by /home/user/Projects/ziabary-platform-sveltekit/src/lib/content.ts, dynamic import will not move module into another chunk.

[plugin vite:reporter] 
(!) /home/user/Projects/ziabary-platform-sveltekit/src/lib/content/articles/slow-ai-in-iran.md is dynamically imported by /home/user/Projects/ziabary-platform-sveltekit/src/lib/content.ts but also statically imported by /home/user/Projects/ziabary-platform-sveltekit/src/lib/content.ts, dynamic import will not move module into another chunk.

[plugin vite:reporter] 
(!) /home/user/Projects/ziabary-platform-sveltekit/src/lib/content/articles/sms-otp-security-design.md is dynamically imported by /home/user/Projects/ziabary-platform-sveltekit/src/lib/content.ts but also statically imported by /home/user/Projects/ziabary-platform-sveltekit/src/lib/content.ts, dynamic import will not move module into another chunk.

[plugin vite:reporter] 
(!) /home/user/Projects/ziabary-platform-sveltekit/src/lib/content/articles/software-raid-opensuse.md is dynamically imported by /home/user/Projects/ziabary-platform-sveltekit/src/lib/content.ts but also statically imported by /home/user/Projects/ziabary-platform-sveltekit/src/lib/content.ts, dynamic import will not move module into another chunk.

[plugin vite:reporter] 
(!) /home/user/Projects/ziabary-platform-sveltekit/src/lib/content/articles/targoman-transformer-update.md is dynamically imported by /home/user/Projects/ziabary-platform-sveltekit/src/lib/content.ts but also statically imported by /home/user/Projects/ziabary-platform-sveltekit/src/lib/content.ts, dynamic import will not move module into another chunk.

[plugin vite:reporter] 
(!) /home/user/Projects/ziabary-platform-sveltekit/src/lib/content/articles/targoman-without-rent.md is dynamically imported by /home/user/Projects/ziabary-platform-sveltekit/src/lib/content.ts but also statically imported by /home/user/Projects/ziabary-platform-sveltekit/src/lib/content.ts, dynamic import will not move module into another chunk.

[plugin vite:reporter] 
(!) /home/user/Projects/ziabary-platform-sveltekit/src/lib/content/articles/third-revolution-in-warfare.md is dynamically imported by /home/user/Projects/ziabary-platform-sveltekit/src/lib/content.ts but also statically imported by /home/user/Projects/ziabary-platform-sveltekit/src/lib/content.ts, dynamic import will not move module into another chunk.

[plugin vite:reporter] 
(!) /home/user/Projects/ziabary-platform-sveltekit/src/lib/content/articles/why-shamsa.md is dynamically imported by /home/user/Projects/ziabary-platform-sveltekit/src/lib/content.ts but also statically imported by /home/user/Projects/ziabary-platform-sveltekit/src/lib/content.ts, dynamic import will not move module into another chunk.

[plugin vite:reporter] 
(!) /home/user/Projects/ziabary-platform-sveltekit/src/lib/content/articles/xaas-tax-laws.md is dynamically imported by /home/user/Projects/ziabary-platform-sveltekit/src/lib/content.ts but also statically imported by /home/user/Projects/ziabary-platform-sveltekit/src/lib/content.ts, dynamic import will not move module into another chunk.

[plugin vite:reporter] 
(!) /home/user/Projects/ziabary-platform-sveltekit/src/lib/content/articles/zero-trust-ai-maturity-model-en.md is dynamically imported by /home/user/Projects/ziabary-platform-sveltekit/src/lib/content.ts but also statically imported by /home/user/Projects/ziabary-platform-sveltekit/src/lib/content.ts, dynamic import will not move module into another chunk.

[plugin vite:reporter] 
(!) /home/user/Projects/ziabary-platform-sveltekit/src/lib/content/articles/zero-trust-ai-maturity-model-es.md is dynamically imported by /home/user/Projects/ziabary-platform-sveltekit/src/lib/content.ts but also statically imported by /home/user/Projects/ziabary-platform-sveltekit/src/lib/content.ts, dynamic import will not move module into another chunk.

[plugin vite:reporter] 
(!) /home/user/Projects/ziabary-platform-sveltekit/src/lib/content/articles/zero-trust-ai-maturity-model.md is dynamically imported by /home/user/Projects/ziabary-platform-sveltekit/src/lib/content.ts but also statically imported by /home/user/Projects/ziabary-platform-sveltekit/src/lib/content.ts, dynamic import will not move module into another chunk.

[plugin vite:reporter] 
(!) /home/user/Projects/ziabary-platform-sveltekit/src/lib/content/articles/zero-trust-ai-principles-and-controls-en.md is dynamically imported by /home/user/Projects/ziabary-platform-sveltekit/src/lib/content.ts but also statically imported by /home/user/Projects/ziabary-platform-sveltekit/src/lib/content.ts, dynamic import will not move module into another chunk.

[plugin vite:reporter] 
(!) /home/user/Projects/ziabary-platform-sveltekit/src/lib/content/articles/zero-trust-ai-principles-and-controls-es.md is dynamically imported by /home/user/Projects/ziabary-platform-sveltekit/src/lib/content.ts but also statically imported by /home/user/Projects/ziabary-platform-sveltekit/src/lib/content.ts, dynamic import will not move module into another chunk.

[plugin vite:reporter] 
(!) /home/user/Projects/ziabary-platform-sveltekit/src/lib/content/articles/zero-trust-ai-principles-and-controls.md is dynamically imported by /home/user/Projects/ziabary-platform-sveltekit/src/lib/content.ts but also statically imported by /home/user/Projects/ziabary-platform-sveltekit/src/lib/content.ts, dynamic import will not move module into another chunk.

[plugin vite:reporter] 
(!) /home/user/Projects/ziabary-platform-sveltekit/src/lib/content/articles/ztai-data-model-engineering-without-raw-access.md is dynamically imported by /home/user/Projects/ziabary-platform-sveltekit/src/lib/content.ts but also statically imported by /home/user/Projects/ziabary-platform-sveltekit/src/lib/content.ts, dynamic import will not move module into another chunk.

[plugin vite:reporter] 
(!) /home/user/Projects/ziabary-platform-sveltekit/src/lib/content/articles/ztai-indirect-data-access-en.md is dynamically imported by /home/user/Projects/ziabary-platform-sveltekit/src/lib/content.ts but also statically imported by /home/user/Projects/ziabary-platform-sveltekit/src/lib/content.ts, dynamic import will not move module into another chunk.

[plugin vite:reporter] 
(!) /home/user/Projects/ziabary-platform-sveltekit/src/lib/content/articles/ztai-indirect-data-access-es.md is dynamically imported by /home/user/Projects/ziabary-platform-sveltekit/src/lib/content.ts but also statically imported by /home/user/Projects/ziabary-platform-sveltekit/src/lib/content.ts, dynamic import will not move module into another chunk.

[plugin vite:reporter] 
(!) /home/user/Projects/ziabary-platform-sveltekit/src/lib/content/articles/ztai-indirect-data-access.md is dynamically imported by /home/user/Projects/ziabary-platform-sveltekit/src/lib/content.ts but also statically imported by /home/user/Projects/ziabary-platform-sveltekit/src/lib/content.ts, dynamic import will not move module into another chunk.

vite v7.3.6 building client environment for production...
transforming...
8:10:57 PM [vite-plugin-svelte] src/lib/content/articles/data-confidentiality-public-apis-en.md:95:0 noninteractive element cannot have nonnegative tabIndex value
https://svelte.dev/e/a11y_no_noninteractive_tabindex
93:   id="{headingPrefix}comparing-the-methods-at-a-glance"
94: >Comparing the methods at a glance</h2>
95: <div class="prose-table-scroll" tabindex="0"><table>
                  ^
96: <thead>
97: <tr>
8:10:57 PM [vite-plugin-svelte] src/lib/content/articles/data-confidentiality-public-apis-es.md:95:0 noninteractive element cannot have nonnegative tabIndex value
https://svelte.dev/e/a11y_no_noninteractive_tabindex
93:   id="{headingPrefix}comparación-de-los-métodos-de-un-vistazo"
94: >Comparación de los métodos de un vistazo</h2>
95: <div class="prose-table-scroll" tabindex="0"><table>
                  ^
96: <thead>
97: <tr>
8:10:57 PM [vite-plugin-svelte] src/lib/content/articles/data-confidentiality-public-apis.md:87:0 noninteractive element cannot have nonnegative tabIndex value
https://svelte.dev/e/a11y_no_noninteractive_tabindex
85: >نمونه پژوهش FHE برای Llama-3-8B</a>)</p>
86: <h2 id="{headingPrefix}مقایسه-روش-ها-در-یک-نگاه">مقایسه روش‌ها در یک نگاه</h2>
87: <div class="prose-table-scroll" tabindex="0"><table>
                  ^
88: <thead>
89: <tr>
8:10:57 PM [vite-plugin-svelte] src/lib/content/articles/dgx-and-standard-gpu-servers-en.md:13:0 noninteractive element cannot have nonnegative tabIndex value
https://svelte.dev/e/a11y_no_noninteractive_tabindex
11:   id="{headingPrefix}establish-what-is-being-quoted"
12: >Establish what is being quoted</h3>
13: <div class="prose-table-scroll" tabindex="0"><table>
                  ^
14: <thead>
15: <tr>
8:10:57 PM [vite-plugin-svelte] src/lib/content/articles/dgx-and-standard-gpu-servers-es.md:13:0 noninteractive element cannot have nonnegative tabIndex value
https://svelte.dev/e/a11y_no_noninteractive_tabindex
11:   id="{headingPrefix}precisar-qué-incluye-la-oferta"
12: >Precisar qué incluye la oferta</h3>
13: <div class="prose-table-scroll" tabindex="0"><table>
                  ^
14: <thead>
15: <tr>
8:10:57 PM [vite-plugin-svelte] src/lib/content/articles/dgx-and-standard-gpu-servers.md:12:0 noninteractive element cannot have nonnegative tabIndex value
https://svelte.dev/e/a11y_no_noninteractive_tabindex
10:   id="{headingPrefix}تفاوتی-که-باید-پیش-از-استعلام-روشن-شود"
11: >تفاوتی که باید پیش از استعلام روشن شود</h2>
12: <div class="prose-table-scroll" tabindex="0"><table>
                  ^
13: <thead>
14: <tr>
8:10:57 PM [vite-plugin-svelte] src/lib/content/articles/from-stig-cis-to-rbac.md:27:0 noninteractive element cannot have nonnegative tabIndex value
https://svelte.dev/e/a11y_no_noninteractive_tabindex
25:   id="{headingPrefix}stig-و-cis-یک-مأموریت-ندارند"
26: >STIG و CIS یک مأموریت ندارند</h2>
27: <div class="prose-table-scroll" tabindex="0"><table>
                  ^
28: <thead>
29: <tr>
8:10:57 PM [vite-plugin-svelte] src/lib/content/articles/from-stig-cis-to-rbac.md:87:0 noninteractive element cannot have nonnegative tabIndex value
https://svelte.dev/e/a11y_no_noninteractive_tabindex
85: >لایه‌های کنترل در سیستم‌عامل</h2>
86: <p>کنترل‌های استاندارد را می‌توان در چهار لایه دید:</p>
87: <div class="prose-table-scroll" tabindex="0"><table>
                  ^
88: <thead>
89: <tr>
8:10:57 PM [vite-plugin-svelte] src/lib/content/articles/from-zero-trust-to-zero-trust-ai-en.md:41:0 noninteractive element cannot have nonnegative tabIndex value
https://svelte.dev/e/a11y_no_noninteractive_tabindex
39:   id="{headingPrefix}applying-zero-trust-to-the-ai-lifecycle"
40: >Applying zero trust to the AI lifecycle</h2>
41: <div class="prose-table-scroll" tabindex="0"><table>
                  ^
42: <thead>
43: <tr>
8:10:57 PM [vite-plugin-svelte] src/lib/content/articles/from-zero-trust-to-zero-trust-ai-es.md:43:0 noninteractive element cannot have nonnegative tabIndex value
https://svelte.dev/e/a11y_no_noninteractive_tabindex
41:   id="{headingPrefix}aplicar-confianza-cero-al-ciclo-de-vida-de-la-ia"
42: >Aplicar confianza cero al ciclo de vida de la IA</h2>
43: <div class="prose-table-scroll" tabindex="0"><table>
                  ^
44: <thead>
45: <tr>
8:10:57 PM [vite-plugin-svelte] src/lib/content/articles/from-zero-trust-to-zero-trust-ai.md:41:0 noninteractive element cannot have nonnegative tabIndex value
https://svelte.dev/e/a11y_no_noninteractive_tabindex
39: <p>در <strong>به‌روزرسانی مسموم</strong>، مهاجم به‌روزرسانی مدل را تغییر می‌دهد، کد مخرب وارد می‌کند یا مدل را به نتایج نادرست سوق می‌دهد. <strong>نشت اطلاعات</strong> نیز زمانی رخ می‌دهد که مدل بتواند اطلاعات حساس موجود در ورودی یا دادهٔ آموزش را آشکار کند. این تهدیدها نشان می‌دهند امن‌کردن زیرساخت شبکه برای هوش مصنوعی کافی نیست و یکپارچگی داده، مدل و فرآیند باید در تمام چرخهٔ حیات پیوسته تأیید شود.</p>
40: <h2 id="{headingPrefix}تفاوت-zta-و-ztai-در-یک-نگاه">تفاوت ZTA و ZTAI در یک نگاه</h2>
41: <div class="prose-table-scroll" tabindex="0"><table>
                  ^
42: <thead>
43: <tr>
8:10:57 PM [vite-plugin-svelte] src/lib/content/articles/gpu-inference-latency-throughput-en.md:20:0 noninteractive element cannot have nonnegative tabIndex value
https://svelte.dev/e/a11y_no_noninteractive_tabindex
18: >When we say “fast,” what are we measuring?</h2>
19: <p>A user sends a request, waits, sees the first part of the response, and then receives the rest. That experience involves at least two distinct timing measures: the wait before the response starts and the intervals at which subsequent parts are produced.</p>
20: <div class="prose-table-scroll" tabindex="0"><table>
                  ^
21: <thead>
22: <tr>
8:10:57 PM [vite-plugin-svelte] src/lib/content/articles/gpu-inference-latency-throughput-en.md:81:0 noninteractive element cannot have nonnegative tabIndex value
https://svelte.dev/e/a11y_no_noninteractive_tabindex
79: >Starting sooner does not guarantee finishing sooner</h2>
80: <p>Consider two hypothetical configurations:</p>
81: <div class="prose-table-scroll" tabindex="0"><table>
                  ^
82: <thead>
83: <tr>
8:10:57 PM [vite-plugin-svelte] src/lib/content/articles/gpu-inference-latency-throughput-en.md:156:0 noninteractive element cannot have nonnegative tabIndex value
https://svelte.dev/e/a11y_no_noninteractive_tabindex
154: <p>Running several requests in a batch can improve the use of weights and compute resources. Yet a system may aim to maximize aggregate output even if the interval between tokens increases for each request.</p>
155: <p>To clarify the difference, consider a steady, entirely hypothetical interval in which all requests are decoding:</p>
156: <div class="prose-table-scroll" tabindex="0"><table>
                   ^
157: <thead>
158: <tr>
8:10:57 PM [vite-plugin-svelte] src/lib/content/articles/gpu-inference-latency-throughput-en.md:210:0 noninteractive element cannot have nonnegative tabIndex value
https://svelte.dev/e/a11y_no_noninteractive_tabindex
208: >Read memory figures at the correct scale</h3>
209: <p>The official LPX page lists these specifications:</p>
210: <div class="prose-table-scroll" tabindex="0"><table>
                   ^
211: <thead>
212: <tr>
8:10:57 PM [vite-plugin-svelte] src/lib/content/articles/gpu-inference-latency-throughput-en.md:299:0 noninteractive element cannot have nonnegative tabIndex value
https://svelte.dev/e/a11y_no_noninteractive_tabindex
297: >Define acceptance tests from service requirements</h2>
298: <p>Before comparing cards, the test specification must be fixed and reproducible:</p>
299: <div class="prose-table-scroll" tabindex="0"><table>
                   ^
300: <thead>
301: <tr>
8:10:57 PM [vite-plugin-svelte] src/lib/content/articles/gpu-inference-latency-throughput.md:20:0 noninteractive element cannot have nonnegative tabIndex value
https://svelte.dev/e/a11y_no_noninteractive_tabindex
18: >وقتی می‌گوییم «سریع»، چه چیزی را اندازه می‌گیریم؟</h2>
19: <p>کاربر یک درخواست می‌فرستد، مدتی منتظر می‌ماند، نخستین بخش پاسخ را می‌بیند و سپس ادامهٔ آن را دریافت می‌کند. این تجربه دست‌کم دو زمان مستقل دارد: انتظار تا آغاز پاسخ و فاصلهٔ تولید اجزای بعدی آن.</p>
20: <div class="prose-table-scroll" tabindex="0"><table>
                  ^
21: <thead>
22: <tr>
8:10:57 PM [vite-plugin-svelte] src/lib/content/articles/gpu-inference-latency-throughput.md:81:0 noninteractive element cannot have nonnegative tabIndex value
https://svelte.dev/e/a11y_no_noninteractive_tabindex
79: >شروع زودتر، پایان زودتر را تضمین نمی‌کند</h2>
80: <p>دو پیکربندی فرضی را در نظر بگیریم:</p>
81: <div class="prose-table-scroll" tabindex="0"><table>
                  ^
82: <thead>
83: <tr>
8:10:57 PM [vite-plugin-svelte] src/lib/content/articles/gpu-inference-latency-throughput.md:156:0 noninteractive element cannot have nonnegative tabIndex value
https://svelte.dev/e/a11y_no_noninteractive_tabindex
154: <p>اجرای چند درخواست در یک batch می‌تواند استفاده از وزن‌ها و منابع محاسباتی را مؤثرتر کند. بااین‌حال، هدف سامانه ممکن است بیشینه‌کردن خروجی جمعی باشد، حتی اگر فاصلهٔ توکن‌های هر درخواست افزایش یابد.</p>
155: <p>برای روشن‌شدن تفاوت، یک بازهٔ پایدار و کاملاً فرضی را در نظر بگیریم که همهٔ درخواست‌های آن در حال decode هستند:</p>
156: <div class="prose-table-scroll" tabindex="0"><table>
                   ^
157: <thead>
158: <tr>
8:10:57 PM [vite-plugin-svelte] src/lib/content/articles/gpu-inference-latency-throughput.md:210:0 noninteractive element cannot have nonnegative tabIndex value
https://svelte.dev/e/a11y_no_noninteractive_tabindex
208: >اعداد حافظه را در مقیاس درست بخوانیم</h3>
209: <p>صفحهٔ رسمی LPX مشخصات زیر را اعلام می‌کند:</p>
210: <div class="prose-table-scroll" tabindex="0"><table>
                   ^
211: <thead>
212: <tr>
8:10:57 PM [vite-plugin-svelte] src/lib/content/articles/gpu-inference-latency-throughput.md:299:0 noninteractive element cannot have nonnegative tabIndex value
https://svelte.dev/e/a11y_no_noninteractive_tabindex
297: >آزمون پذیرش را از نیاز سرویس بنویسیم</h2>
298: <p>پیش از مقایسهٔ کارت‌ها، مشخصات آزمون باید ثابت و قابل تکرار باشند:</p>
299: <div class="prose-table-scroll" tabindex="0"><table>
                   ^
300: <thead>
301: <tr>
8:10:57 PM [vite-plugin-svelte] src/lib/content/articles/gpu-inference-latency-throughput-es.md:20:0 noninteractive element cannot have nonnegative tabIndex value
https://svelte.dev/e/a11y_no_noninteractive_tabindex
18: >Cuando decimos «rápido», ¿qué estamos midiendo?</h2>
19: <p>El usuario envía una solicitud, espera, ve la primera parte de la respuesta y después recibe el resto. Esa experiencia comprende al menos dos medidas temporales distintas: la espera hasta el inicio de la respuesta y los intervalos de producción de sus partes posteriores.</p>
20: <div class="prose-table-scroll" tabindex="0"><table>
                  ^
21: <thead>
22: <tr>
8:10:57 PM [vite-plugin-svelte] src/lib/content/articles/gpu-inference-latency-throughput-es.md:81:0 noninteractive element cannot have nonnegative tabIndex value
https://svelte.dev/e/a11y_no_noninteractive_tabindex
79: >Empezar antes no garantiza terminar antes</h2>
80: <p>Consideremos dos configuraciones hipotéticas:</p>
81: <div class="prose-table-scroll" tabindex="0"><table>
                  ^
82: <thead>
83: <tr>
8:10:57 PM [vite-plugin-svelte] src/lib/content/articles/gpu-inference-latency-throughput-es.md:156:0 noninteractive element cannot have nonnegative tabIndex value
https://svelte.dev/e/a11y_no_noninteractive_tabindex
154: <p>Ejecutar varias solicitudes en un lote puede mejorar el aprovechamiento de los pesos y los recursos de cálculo. Sin embargo, el objetivo del sistema puede ser maximizar la salida conjunta, aunque aumente el intervalo entre tokens de cada solicitud.</p>
155: <p>Para aclarar la diferencia, consideremos un intervalo estable y totalmente hipotético en el que todas las solicitudes están en decode:</p>
156: <div class="prose-table-scroll" tabindex="0"><table>
                   ^
157: <thead>
158: <tr>
8:10:57 PM [vite-plugin-svelte] src/lib/content/articles/gpu-inference-latency-throughput-es.md:210:0 noninteractive element cannot have nonnegative tabIndex value
https://svelte.dev/e/a11y_no_noninteractive_tabindex
208: >Leer las cifras de memoria en la escala adecuada</h3>
209: <p>La página oficial de LPX anuncia las siguientes especificaciones:</p>
210: <div class="prose-table-scroll" tabindex="0"><table>
                   ^
211: <thead>
212: <tr>
8:10:57 PM [vite-plugin-svelte] src/lib/content/articles/gpu-inference-latency-throughput-es.md:299:0 noninteractive element cannot have nonnegative tabIndex value
https://svelte.dev/e/a11y_no_noninteractive_tabindex
297: >Definir las pruebas de aceptación a partir del servicio</h2>
298: <p>Antes de comparar tarjetas, las especificaciones de la prueba deben ser fijas y reproducibles:</p>
299: <div class="prose-table-scroll" tabindex="0"><table>
                   ^
300: <thead>
301: <tr>
8:10:57 PM [vite-plugin-svelte] src/lib/content/articles/int8-or-fp8-real-gpu-support-en.md:24:0 noninteractive element cannot have nonnegative tabIndex value
https://svelte.dev/e/a11y_no_noninteractive_tabindex
22: >Transformer Engine primer</a> explains the distinction. Floating-point representation alone does not guarantee a smaller error for a particular model.</p>
23: <p>In quantized-model names, <strong>W</strong> refers to weights and <strong>A</strong> to activations—the intermediate values passed through the layers. W8A8 specifies the bit widths of those two groups. It does not, on its own, identify integer or floating-point computation.</p>
24: <div class="prose-table-scroll" tabindex="0"><table>
                  ^
25: <thead>
26: <tr>
8:10:57 PM [vite-plugin-svelte] src/lib/content/articles/int8-or-fp8-real-gpu-support-en.md:84:0 noninteractive element cannot have nonnegative tabIndex value
https://svelte.dev/e/a11y_no_noninteractive_tabindex
82:   target="_blank"
83: >H200 SXM figures</a> are obtained by removing the sparsity multiplier from the vendor’s published rates.</p>
84: <div class="prose-table-scroll" tabindex="0"><table>
                  ^
85: <thead>
86: <tr>
8:10:57 PM [vite-plugin-svelte] src/lib/content/articles/int8-or-fp8-real-gpu-support-en.md:140:0 noninteractive element cannot have nonnegative tabIndex value
https://svelte.dev/e/a11y_no_noninteractive_tabindex
138:   target="_blank"
139: >Spec Sheets Are Not Kernels</a> audits that chain for Blackwell Ultra. It examines documentation and code at specified versions; it does not report speed or model-quality benchmarks. Its findings must be read within that scope.</p>
140: <div class="prose-table-scroll" tabindex="0"><table>
                   ^
141: <thead>
142: <tr>
8:10:57 PM [vite-plugin-svelte] src/lib/content/articles/int8-or-fp8-real-gpu-support-en.md:223:0 noninteractive element cannot have nonnegative tabIndex value
https://svelte.dev/e/a11y_no_noninteractive_tabindex
221: >Ask for a reproducible service test</h3>
222: <p>A purchasing request should name an executable configuration: model version, quantization method, runtime, GPU and workload. The following information makes competing proposals meaningfully comparable.</p>
223: <div class="prose-table-scroll" tabindex="0"><table>
                   ^
224: <thead>
225: <tr>
8:10:57 PM [vite-plugin-svelte] src/lib/content/articles/int8-or-fp8-real-gpu-support-es.md:24:0 noninteractive element cannot have nonnegative tabIndex value
https://svelte.dev/e/a11y_no_noninteractive_tabindex
22: >introducción a Transformer Engine</a> de NVIDIA explica la diferencia. La representación en coma flotante no garantiza por sí sola un error menor en un modelo concreto.</p>
23: <p>En las denominaciones de modelos cuantizados, <strong>W</strong> se refiere a los pesos y <strong>A</strong> a las activaciones: los valores intermedios que pasan por las capas. W8A8 especifica el número de bits de ambos grupos. Por sí solo, no identifica si el cálculo utiliza enteros o coma flotante.</p>
24: <div class="prose-table-scroll" tabindex="0"><table>
                  ^
25: <thead>
26: <tr>
8:10:57 PM [vite-plugin-svelte] src/lib/content/articles/int8-or-fp8-real-gpu-support-es.md:84:0 noninteractive element cannot have nonnegative tabIndex value
https://svelte.dev/e/a11y_no_noninteractive_tabindex
82:   target="_blank"
83: >cifras de H200 SXM</a> se obtienen eliminando el multiplicador por dispersión de los valores publicados por el fabricante.</p>
84: <div class="prose-table-scroll" tabindex="0"><table>
                  ^
85: <thead>
86: <tr>
8:10:57 PM [vite-plugin-svelte] src/lib/content/articles/int8-or-fp8-real-gpu-support-es.md:140:0 noninteractive element cannot have nonnegative tabIndex value
https://svelte.dev/e/a11y_no_noninteractive_tabindex
138:   target="_blank"
139: >Spec Sheets Are Not Kernels</a> examina esa cadena en Blackwell Ultra. Revisa documentación y código de versiones concretas; no presenta pruebas de velocidad ni de calidad de modelos. Sus resultados deben interpretarse dentro de ese alcance.</p>
140: <div class="prose-table-scroll" tabindex="0"><table>
                   ^
141: <thead>
142: <tr>
8:10:57 PM [vite-plugin-svelte] src/lib/content/articles/int8-or-fp8-real-gpu-support-es.md:223:0 noninteractive element cannot have nonnegative tabIndex value
https://svelte.dev/e/a11y_no_noninteractive_tabindex
221: >Solicitar una prueba de servicio reproducible</h3>
222: <p>Una solicitud de compra debe identificar una configuración ejecutable: versión del modelo, método de cuantización, motor, GPU y carga de trabajo. La información siguiente permite comparar propuestas con sentido.</p>
223: <div class="prose-table-scroll" tabindex="0"><table>
                   ^
224: <thead>
225: <tr>
8:10:57 PM [vite-plugin-svelte] src/lib/content/articles/int8-or-fp8-real-gpu-support.md:24:0 noninteractive element cannot have nonnegative tabIndex value
https://svelte.dev/e/a11y_no_noninteractive_tabindex
22: >راهنمای Transformer Engine</a> این تفاوت را توضیح می‌دهد. بنابراین ممیزشناور بودن به‌تنهایی تضمین نمی‌کند که خطای یک مدل کمتر شود.</p>
23: <p>در نام مدل‌های کوانتیزه‌شده، W به وزن‌ها و A به فعال‌سازی‌ها، یعنی داده‌های میانی عبوری از لایه‌ها، اشاره دارد. عبارت W8A8 فقط تعداد بیت این دو گروه را مشخص می‌کند؛ از روی آن نمی‌توان صحیح یا ممیزشناور بودن محاسبات را تعیین کرد.</p>
24: <div class="prose-table-scroll" tabindex="0"><table>
                  ^
25: <thead>
26: <tr>
8:10:57 PM [vite-plugin-svelte] src/lib/content/articles/int8-or-fp8-real-gpu-support.md:84:0 noninteractive element cannot have nonnegative tabIndex value
https://svelte.dev/e/a11y_no_noninteractive_tabindex
82:   target="_blank"
83: >H200 SXM</a> نیز با حذف ضریب تنکی مشخصات سازنده محاسبه شده‌اند.</p>
84: <div class="prose-table-scroll" tabindex="0"><table>
                  ^
85: <thead>
86: <tr>
8:10:57 PM [vite-plugin-svelte] src/lib/content/articles/int8-or-fp8-real-gpu-support.md:140:0 noninteractive element cannot have nonnegative tabIndex value
https://svelte.dev/e/a11y_no_noninteractive_tabindex
138:   target="_blank"
139: >Spec Sheets Are Not Kernels، نسخهٔ دوم، اوت ۲۰۲۶</a> همین زنجیره را در Blackwell Ultra ممیزی کرده است. مطالعه، بررسی مستندات و کد در نسخه‌های مشخص است و بنچمارک سرعت یا کیفیت ارائه نمی‌کند. جزئیات یافته‌های آن را باید با همان نسخه‌ها خواند:</p>
140: <div class="prose-table-scroll" tabindex="0"><table>
                   ^
141: <thead>
142: <tr>
8:10:57 PM [vite-plugin-svelte] src/lib/content/articles/int8-or-fp8-real-gpu-support.md:221:0 noninteractive element cannot have nonnegative tabIndex value
https://svelte.dev/e/a11y_no_noninteractive_tabindex
219: >معیار عملی برای انتخاب زیرساخت</h3>
220: <p>در استعلام خرید بهتر است اجرای یک پیکربندی مشخص مطالبه شود: نسخهٔ مدل، روش کوانتیزه‌سازی، موتور اجرا، GPU و بار آزمون. جدول زیر حداقل اطلاعات لازم برای مقایسهٔ پیشنهادها را جمع می‌کند.</p>
221: <div class="prose-table-scroll" tabindex="0"><table>
                   ^
222: <thead>
223: <tr>
8:10:57 PM [vite-plugin-svelte] src/lib/content/articles/legacy-migration-does-not-remove-risk.md:23:0 noninteractive element cannot have nonnegative tabIndex value
https://svelte.dev/e/a11y_no_noninteractive_tabindex
21: <p>از منظر امنیتی، خطر زمانی عادی می‌شود. runtime منسوخ، الگوریتم قدیمی و دسترسی گسترده به دلیل نبود حادثهٔ آشکار «قابل تحمل» فرض می‌شوند، بدون آنکه این پذیرش آگاهانه، مستند یا زمان‌مند باشد. نداشتن حادثه، به‌ویژه وقتی مشاهده‌پذیری ضعیف است، به معنای نداشتن ریسک نیست.</p>
22: <h2 id="{headingPrefix}سه-گروه-سه-منطق-تصمیم">سه گروه، سه منطق تصمیم</h2>
23: <div class="prose-table-scroll" tabindex="0"><table>
                  ^
24: <thead>
25: <tr>
8:10:57 PM [vite-plugin-svelte] src/lib/content/articles/llms-on-rtx-4090-24gb-vs-48gb.md:29:0 noninteractive element cannot have nonnegative tabIndex value
https://svelte.dev/e/a11y_no_noninteractive_tabindex
27: >چه مدل‌هایی روی یک 4090 جا می‌شوند؟</h2>
28: <p>جدول زیر چند نمونهٔ مشخص را از مدل کوچک تا مدل ۷۰ میلیاردی نشان می‌دهد. مبنای برآورد، یک درخواست فعال با مجموع زمینه و خروجی در حدود ۸ هزار توکن، قرارگیری وزن‌ها و KV cache روی GPU و یک موتور سازگار با فایل منتخب است. برای فایل‌های Q4_K_M، محاسبه با KV شانزده‌بیتی و <bdi dir="ltr" style="white-space:nowrap">۲ GiB</bdi> فضای ذخیره برای موتور انجام شده است؛ مصرف واقعی موتور می‌تواند بیشتر باشد و به‌ویژه در ردیف‌های کم‌حاشیه اهمیت دارد. اندازه‌های فایل از مخازن پیوندشده آمده‌اند و با واحد <strong>GiB، معادل ۲ به توان ۳۰ بایت</strong> نوشته شده‌اند؛ این عدد فقط حجم فایل وزن است و حافظهٔ کامل اجرای مدل را نشان نمی‌دهد. نتیجهٔ ستون‌های کارت، برآورد ظرفیت حافظه برای این سناریو است؛ سرعت و تعداد کاربران از این جدول به‌تنهایی استخراج نمی‌شود.</p>
29: <div class="prose-table-scroll" tabindex="0"><table>
                  ^
30: <thead>
31: <tr>
8:10:57 PM [vite-plugin-svelte] src/lib/content/articles/llms-on-rtx-4090-24gb-vs-48gb.md:203:0 noninteractive element cannot have nonnegative tabIndex value
https://svelte.dev/e/a11y_no_noninteractive_tabindex
201: >پیکربندی رسمی این نسخه</a>، مدل ۴۸ لایه، ۴ سرِ KV و بُعد ۱۲۸ برای هر سر دارد. اگر KV با FP16 یا BF16 ذخیره شود، هر مقدار دو بایت می‌گیرد و برای درخواست‌های هم‌اندازه، حافظهٔ خام آن از رابطهٔ زیر به دست می‌آید؛ در این رابطه T تعداد توکن‌های نگهداری‌شده برای هر درخواست و N تعداد درخواست‌های فعال است.</p>
202: <div class="math-display" dir="ltr"><span class="katex-display"><span class="katex"><span class="katex-mathml"><math xmlns="http://www.w3.org/1998/Math/MathML" display="block"><semantics><mrow><msub><mi>M</mi><mrow><mi>K</mi><mi>V</mi></mrow></msub><mo>=</mo><mn>2</mn><mo>×</mo><mn>48</mn><mo>×</mo><mn>4</mn><mo>×</mo><mn>128</mn><mo>×</mo><mn>2</mn><mo>×</mo><mi>T</mi><mo>×</mo><mi>N</mi><mspace width="1em"/><mtext>bytes</mtext></mrow><annotation encoding="application/x-tex">M_&#123;KV&#125;=2\times48\times4\times128\times2\times T\times N\quad\text&#123;bytes&#125;</annotation></semantics></math></span><span class="katex-html" aria-hidden="true"><span class="base"><span class="strut" style="height:0.8333em;vertical-align:-0.15em;"></span><span class="mord"><span class="mord mathnormal" style="margin-right:0.109em;">M</span><span class="msupsub"><span class="vlist-t vlist-t2"><span class="vlist-r"><span class="vlist" style="height:0.3283em;"><span style="top:-2.55em;margin-left:-0.109em;margin-right:0.05em;"><span class="pstrut" style="height:2.7em;"></span><span class="sizing reset-size6 size3 mtight"><span class="mord mtight"><span class="mord mathnormal mtight" style="margin-right:0.0715em;">K</span><span class="mord mathnormal mtight" style="margin-right:0.2222em;">V</span></span></span></span></span><span class="vlist-s">​</span></span><span class="vlist-r"><span class="vlist" style="height:0.15em;"><span></span></span></span></span></span></span><span class="mspace" style="margin-right:0.2778em;"></span><span class="mrel">=</span><span class="mspace" style="margin-right:0.2778em;"></span></span><span class="base"><span class="strut" style="height:0.7278em;vertical-align:-0.0833em;"></span><span class="mord">2</span><span class="mspace" style="margin-right:0.2222em;"></span><span class="mbin">×</span><span class="mspace" style="margin-right:0.2222em;"></span></span><span class="base"><span class="strut" style="height:0.7278em;vertical-align:-0.0833em;"></span><span class="mord">48</span><span class="mspace" style="margin-right:0.2222em;"></span><span class="mbin">×</span><span class="mspace" style="margin-right:0.2222em;"></span></span><span class="base"><span class="strut" style="height:0.7278em;vertical-align:-0.0833em;"></span><span class="mord">4</span><span class="mspace" style="margin-right:0.2222em;"></span><span class="mbin">×</span><span class="mspace" style="margin-right:0.2222em;"></span></span><span class="base"><span class="strut" style="height:0.7278em;vertical-align:-0.0833em;"></span><span class="mord">128</span><span class="mspace" style="margin-right:0.2222em;"></span><span class="mbin">×</span><span class="mspace" style="margin-right:0.2222em;"></span></span><span class="base"><span class="strut" style="height:0.7278em;vertical-align:-0.0833em;"></span><span class="mord">2</span><span class="mspace" style="margin-right:0.2222em;"></span><span class="mbin">×</span><span class="mspace" style="margin-right:0.2222em;"></span></span><span class="base"><span class="strut" style="height:0.7667em;vertical-align:-0.0833em;"></span><span class="mord mathnormal" style="margin-right:0.1389em;">T</span><span class="mspace" style="margin-right:0.2222em;"></span><span class="mbin">×</span><span class="mspace" style="margin-right:0.2222em;"></span></span><span class="base"><span class="strut" style="height:0.8889em;vertical-align:-0.1944em;"></span><span class="mord mathnormal" style="margin-right:0.109em;">N</span><span class="mspace" style="margin-right:1em;"></span><span class="mord text"><span class="mord">bytes</span></span></span></span></span></span></div>
203: <div class="prose-table-scroll" tabindex="0"><table>
                   ^
204: <thead>
205: <tr>
8:10:57 PM [vite-plugin-svelte] src/lib/content/articles/llms-on-rtx-4090-24gb-vs-48gb.md:261:0 noninteractive element cannot have nonnegative tabIndex value
https://svelte.dev/e/a11y_no_noninteractive_tabindex
259:   href="/articles/right-model-size-for-the-task/"
260: >«برای هر کاربرد واقعاً چه اندازه مدلی لازم داریم؟ از مدل تخصصی و SLM تا LLM»</a> با جزئیات بیشتری توضیح داده شده است.</p>
261: <div class="prose-table-scroll" tabindex="0"><table>
                   ^
262: <thead>
263: <tr>
8:10:57 PM [vite-plugin-svelte] src/lib/content/articles/one-linux-hardening-policy-does-not-fit-all.md:18:0 noninteractive element cannot have nonnegative tabIndex value
https://svelte.dev/e/a11y_no_noninteractive_tabindex
16:   id="{headingPrefix}ده-کاربری-که-نباید-یکسان-دیده-شوند"
17: >ده کاربری که نباید یکسان دیده شوند</h2>
18: <div class="prose-table-scroll" tabindex="0"><table>
                  ^
19: <thead>
20: <tr>
8:10:57 PM [vite-plugin-svelte] src/lib/content/articles/pcie-gpu-server-selection-en.md:50:0 noninteractive element cannot have nonnegative tabIndex value
https://svelte.dev/e/a11y_no_noninteractive_tabindex
48:   target="_blank"
49: >NVIDIA-Certified Systems</a> are useful references, but the supported combination may depend on CPU choice, firmware, risers, GPU bridges, storage adapters, power supplies and cooling kits.</p>
50: <div class="prose-table-scroll" tabindex="0"><table>
                  ^
51: <thead>
52: <tr>
8:10:57 PM [vite-plugin-svelte] src/lib/content/articles/pcie-gpu-server-selection-es.md:50:0 noninteractive element cannot have nonnegative tabIndex value
https://svelte.dev/e/a11y_no_noninteractive_tabindex
48:   target="_blank"
49: >NVIDIA-Certified Systems</a> son referencias útiles, pero la combinación admitida puede depender de la CPU, el firmware, las tarjetas elevadoras, los puentes de GPU, los adaptadores de almacenamiento, las fuentes y los kits de refrigeración.</p>
50: <div class="prose-table-scroll" tabindex="0"><table>
                  ^
51: <thead>
52: <tr>
8:10:57 PM [vite-plugin-svelte] src/lib/content/articles/pcie-vs-sxm-for-ai-en.md:57:0 noninteractive element cannot have nonnegative tabIndex value
https://svelte.dev/e/a11y_no_noninteractive_tabindex
55:   id="{headingPrefix}match-the-platform-to-the-communication-pattern"
56: >Match the platform to the communication pattern</h3>
57: <div class="prose-table-scroll" tabindex="0"><table>
                  ^
58: <thead>
59: <tr>
8:10:57 PM [vite-plugin-svelte] src/lib/content/articles/pcie-vs-sxm-for-ai-es.md:57:0 noninteractive element cannot have nonnegative tabIndex value
https://svelte.dev/e/a11y_no_noninteractive_tabindex
55:   id="{headingPrefix}ajustar-la-plataforma-al-patrón-de-comunicación"
56: >Ajustar la plataforma al patrón de comunicación</h3>
57: <div class="prose-table-scroll" tabindex="0"><table>
                  ^
58: <thead>
59: <tr>
8:10:57 PM [vite-plugin-svelte] src/lib/content/articles/pcie-vs-sxm-for-ai.md:53:0 noninteractive element cannot have nonnegative tabIndex value
https://svelte.dev/e/a11y_no_noninteractive_tabindex
51: <h4 id="{headingPrefix}کارایی-و-کاربرد">کارایی و کاربرد</h4>
52: <p>جدول نسخهٔ اولیه برای مقایسهٔ کاربردی دو رابط مهم بود و در این بازبینی حفظ شده است، اما عبارت‌های قطعی آن اصلاح شده‌اند. حوزهٔ کاربرد به‌تنهایی نوع رابط را تعیین نمی‌کند؛ اندازهٔ مسئله و الگوی تبادل داده تعیین‌کننده است.</p>
53: <div class="prose-table-scroll" tabindex="0"><table>
                  ^
54: <thead>
55: <tr>
8:10:57 PM [vite-plugin-svelte] src/lib/content/articles/rag-cag-kag-fine-tuning-instruction-tuning-en.md:79:0 noninteractive element cannot have nonnegative tabIndex value
https://svelte.dev/e/a11y_no_noninteractive_tabindex
77: <p>The relationship is straightforward: every instance of instruction tuning is a form of fine-tuning, but not every instance of fine-tuning is instruction tuning. Training a model solely to identify a document type or predict a particular label is fine-tuning. Training it on diverse instructions and example responses so that it follows commands better is instruction tuning. Many models with “Instruct” or “Chat” in their names are trained versions of a foundation model. Instruction tuning does not automatically supply live information, new organizational documents or citation capabilities, and it is commonly used alongside RAG, CAG or KAG.</p>
78: <h2 id="{headingPrefix}comparison-at-a-glance">Comparison at a glance</h2>
79: <div class="prose-table-scroll" tabindex="0"><table>
                  ^
80: <thead>
81: <tr>
8:10:57 PM [vite-plugin-svelte] src/lib/content/articles/rag-cag-kag-fine-tuning-instruction-tuning-es.md:79:0 noninteractive element cannot have nonnegative tabIndex value
https://svelte.dev/e/a11y_no_noninteractive_tabindex
77: <p>La relación es sencilla: todo instruction tuning es una forma de fine-tuning, pero no todo fine-tuning es instruction tuning. Si entrenamos un modelo únicamente para identificar un tipo de documento o predecir una etiqueta concreta, hacemos fine-tuning. Si lo entrenamos con instrucciones variadas y respuestas de ejemplo para que siga mejor las órdenes, hacemos instruction tuning. Muchos modelos que incluyen «Instruct» o «Chat» en su nombre son versiones entrenadas de un modelo fundacional. El ajuste por instrucciones tampoco aporta automáticamente información en tiempo real, documentos nuevos de una organización ni capacidad de citar fuentes; suele emplearse junto con RAG, CAG o KAG.</p>
78: <h2 id="{headingPrefix}comparación-de-un-vistazo">Comparación de un vistazo</h2>
79: <div class="prose-table-scroll" tabindex="0"><table>
                  ^
80: <thead>
81: <tr>
8:10:57 PM [vite-plugin-svelte] src/lib/content/articles/rag-cag-kag-fine-tuning-instruction-tuning.md:79:0 noninteractive element cannot have nonnegative tabIndex value
https://svelte.dev/e/a11y_no_noninteractive_tabindex
77: <p>رابطه این دو اصطلاح را می‌توان ساده بیان کرد: هر Instruction tuning نوعی Fine-tuning است، اما هر Fine-tuning لزوما Instruction tuning نیست. اگر مدلی را فقط برای تشخیص نوع یک سند یا پیش‌بینی برچسبی مشخص آموزش دهیم، Fine-tuning انجام داده‌ایم؛ اگر آن را با دستورهای متنوع و پاسخ‌های نمونه آموزش دهیم تا فرمان‌ها را بهتر دنبال کند، وارد Instruction tuning شده‌ایم. بسیاری از مدل‌هایی که در نامشان واژه‌های Instruct یا Chat دیده می‌شود، نسخه‌های آموزش‌دیده یک مدل پایه‌اند. Instruction tuning نیز اطلاعات لحظه‌ای، سند سازمانی تازه یا قابلیت استناد را به‌طور خودکار ایجاد نمی‌کند و معمولا در کنار RAG، CAG یا KAG به کار می‌رود.</p>
78: <h2 id="{headingPrefix}مقایسه-در-یک-نگاه">مقایسه در یک نگاه</h2>
79: <div class="prose-table-scroll" tabindex="0"><table>
                  ^
80: <thead>
81: <tr>
8:10:58 PM [vite-plugin-svelte] src/lib/content/articles/right-model-size-for-the-task.md:44:0 noninteractive element cannot have nonnegative tabIndex value
https://svelte.dev/e/a11y_no_noninteractive_tabindex
42: >جدول تخمینی تناسب اندازه مدل با کاربرد</h2>
43: <p>جدول زیر <strong>جمع‌بندی تحلیلی برای انتخاب گزینه‌های اولیه</strong> است. بازه‌ها تقریبی‌اند و مدل‌های مولد متراکمِ متناسب با زبان و وظیفه را با فرض طول زمینه قابل مدیریت در نظر می‌گیرند؛ امتیاز آزمایش یا تضمین عملکرد همه مدل‌های آن بازه نیستند. «اولویت کمتر» یعنی افزایش ظرفیت برای آن کار ساده، معمولاً پیش از بررسی گزینه کوچک‌تر توجیه روشنی ندارد؛ مدل‌های MoE باید با توجه به کیفیت واقعی، پارامتر کل و فعال جداگانه بررسی شوند.</p>
44: <div class="prose-table-scroll" tabindex="0"><table>
                  ^
45: <thead>
46: <tr>
8:10:58 PM [vite-plugin-svelte] src/lib/content/articles/right-model-size-for-the-task.md:133:0 noninteractive element cannot have nonnegative tabIndex value
https://svelte.dev/e/a11y_no_noninteractive_tabindex
131: >اعداد منتشرشده چه چیزی را روشن می‌کنند؟</h2>
132: <p>در گزارش ناشر SmolLM3، دو مدل کوچک روی دو آزمون نتیجه متفاوتی دارند. IFEval پیروی از دستورهای قابل بررسی و LiveCodeBench توان حل مسئله کدنویسی را می‌سنجد.</p>
133: <div class="prose-table-scroll" tabindex="0"><table>
                   ^
134: <thead>
135: <tr>
8:10:58 PM [vite-plugin-svelte] src/lib/content/articles/zero-trust-ai-maturity-model-en.md:107:0 noninteractive element cannot have nonnegative tabIndex value
https://svelte.dev/e/a11y_no_noninteractive_tabindex
105: <p>The same discipline applies to maintenance. If every difficult failure requires exporting a memory dump or granting unrestricted access, the separation will disappear in practice. Development, diagnostics and recovery tools are part of the security architecture.</p>
106: <h2 id="{headingPrefix}comparing-the-levels">Comparing the levels</h2>
107: <div class="prose-table-scroll" tabindex="0"><table>
                   ^
108: <thead>
109: <tr>
8:10:58 PM [vite-plugin-svelte] src/lib/content/articles/zero-trust-ai-maturity-model-es.md:107:0 noninteractive element cannot have nonnegative tabIndex value
https://svelte.dev/e/a11y_no_noninteractive_tabindex
105: <p>La misma disciplina se aplica al mantenimiento. Si cada fallo difícil exige exportar un volcado de memoria o conceder acceso sin restricciones, la separación desaparecerá en la práctica. Las herramientas de desarrollo, diagnóstico y recuperación forman parte de la arquitectura de seguridad.</p>
106: <h2 id="{headingPrefix}comparación-de-los-niveles">Comparación de los niveles</h2>
107: <div class="prose-table-scroll" tabindex="0"><table>
                   ^
108: <thead>
109: <tr>
8:10:58 PM [vite-plugin-svelte] src/lib/content/articles/zero-trust-ai-maturity-model.md:86:0 noninteractive element cannot have nonnegative tabIndex value
https://svelte.dev/e/a11y_no_noninteractive_tabindex
84: <p>در این سطح، حذف انسان به معنی حذف مسئولیت انسانی نیست. انسان هنوز سیاست را تعریف می‌کند، فرآیند را می‌سازد، بر شواهد نظارت دارد و در استثناها مداخله می‌کند؛ آنچه حذف می‌شود دسترسی مستقیم و غیرضروری به دادهٔ خام و امکان دورزدن مسیر کنترل‌شده است.</p>
85: <h2 id="{headingPrefix}مقایسه-سطوح-بلوغ">مقایسهٔ سطوح بلوغ</h2>
86: <div class="prose-table-scroll" tabindex="0"><table>
                  ^
87: <thead>
88: <tr>
8:10:58 PM [vite-plugin-svelte] src/lib/content/articles/ztai-indirect-data-access-en.md:52:0 noninteractive element cannot have nonnegative tabIndex value
https://svelte.dev/e/a11y_no_noninteractive_tabindex
50: <p>The maturity model describes boundaries around data preparation, training, evaluation and deployment. Output control must run across all four. A data-cleaning report, evaluation metric and model file can each leave the confidential environment; each needs an appropriate release rule.</p>
51: <p>Blocking internet connectivity is not enough. If reports go to an internal experiment dashboard visible to the development team, information can cross the intended boundary there. Confidentiality depends on what the recipient is authorized to receive, not simply on whether the destination is internal.</p>
52: <div class="prose-table-scroll" tabindex="0"><table>
                  ^
53: <thead>
54: <tr>
8:10:58 PM [vite-plugin-svelte] src/lib/content/articles/ztai-indirect-data-access-en.md:169:0 noninteractive element cannot have nonnegative tabIndex value
https://svelte.dev/e/a11y_no_noninteractive_tabindex
167: >What evidence shows that access has actually been restricted?</h2>
168: <p>An architectural claim should lead to testable questions. The absence of a human database account does not account for every route to information. An audit must examine powers that can be combined and outputs that can be received.</p>
169: <div class="prose-table-scroll" tabindex="0"><table>
                   ^
170: <thead>
171: <tr>
8:10:58 PM [vite-plugin-svelte] src/lib/content/articles/ztai-indirect-data-access-es.md:52:0 noninteractive element cannot have nonnegative tabIndex value
https://svelte.dev/e/a11y_no_noninteractive_tabindex
50: <p>El modelo de madurez describe fronteras alrededor de la preparación de datos, el entrenamiento, la evaluación y el despliegue. El control de salida debe atravesar las cuatro. Un informe de limpieza de datos, una métrica de evaluación y un archivo de modelo pueden salir del entorno confidencial; cada uno necesita una regla de publicación adecuada.</p>
51: <p>Bloquear la conexión a internet no basta. Si los informes llegan a un panel interno de experimentos visible para el equipo de desarrollo, la información puede cruzar allí la frontera prevista. La confidencialidad depende de lo que el destinatario esté autorizado a recibir, no simplemente de que el destino sea interno.</p>
52: <div class="prose-table-scroll" tabindex="0"><table>
                  ^
53: <thead>
54: <tr>
8:10:58 PM [vite-plugin-svelte] src/lib/content/articles/ztai-indirect-data-access-es.md:169:0 noninteractive element cannot have nonnegative tabIndex value
https://svelte.dev/e/a11y_no_noninteractive_tabindex
167: >Qué evidencia demuestra que el acceso se ha restringido realmente</h2>
168: <p>Una afirmación arquitectónica debe conducir a preguntas comprobables. La ausencia de una cuenta humana en la base de datos no contempla todas las vías hacia la información. La auditoría debe examinar las facultades que pueden combinarse y los resultados que pueden recibirse.</p>
169: <div class="prose-table-scroll" tabindex="0"><table>
                   ^
170: <thead>
171: <tr>
8:10:58 PM [vite-plugin-svelte] src/lib/content/articles/ztai-data-model-engineering-without-raw-access.md:79:0 noninteractive element cannot have nonnegative tabIndex value
https://svelte.dev/e/a11y_no_noninteractive_tabindex
77: <p>تغییر مهم در فرایند آن است که به‌جای «نمایش رکورد خراب»، یک قاعدهٔ نقض‌شده، دامنهٔ اثر مجاز و آزمون بازتولیدپذیر ارائه شود. موارد مسئله‌دار داخل مرز علامت‌گذاری یا قرنطینه می‌شوند و اصلاح با یک تبدیل نسخه‌دار انجام می‌شود. منبع اولیه حفظ می‌شود؛ پاک‌سازی نباید به دستکاری بی‌ردپای گذشته تبدیل شود.</p>
78: <p>جدول زیر، طراحی پیشنهادی این رابط شواهد است؛ نه تضمین آمادهٔ یک محصول خاص:</p>
79: <div class="prose-table-scroll" tabindex="0"><table>
                  ^
80: <thead>
81: <tr>
8:10:58 PM [vite-plugin-svelte] src/lib/content/articles/ztai-indirect-data-access.md:52:0 noninteractive element cannot have nonnegative tabIndex value
https://svelte.dev/e/a11y_no_noninteractive_tabindex
50: <p>در مدل بلوغ، چهار مرز برای داده، آموزش، ارزیابی و استقرار مطرح شده است. برای تکمیل بحث حاضر، کنترل خروج اطلاعات باید به‌صورت یک مرز مشترک بر همهٔ این مراحل اعمال شود. گزارش پاک‌سازی داده، شاخص ارزیابی و فایل مدل، همگی ممکن است از محیط محرمانه خارج شوند؛ هرکدام به مجوز و قاعدهٔ خروج متناسب نیاز دارند.</p>
51: <p>بستن اتصال به اینترنت لازم است، اما کافی نیست. اگر گزارش به سامانهٔ داخلی آزمایش‌ها ارسال شود و تیم توسعه آن سامانه را ببیند، داده می‌تواند همان‌جا از مرز تعیین‌شده عبور کند. مرز محرمانگی به مجازبودن دریافت‌کننده و اطلاعات دریافتی وابسته است؛ داخلی‌بودن مقصد به‌تنهایی آن را تعیین نمی‌کند.</p>
52: <div class="prose-table-scroll" tabindex="0"><table>
                  ^
53: <thead>
54: <tr>
8:10:58 PM [vite-plugin-svelte] src/lib/content/articles/ztai-indirect-data-access.md:167:0 noninteractive element cannot have nonnegative tabIndex value
https://svelte.dev/e/a11y_no_noninteractive_tabindex
165: >چه شواهدی نشان می‌دهد دسترسی واقعاً محدود شده است؟</h2>
166: <p>ادعای معماری را باید بتوان به پرسش‌های قابل آزمون تبدیل کرد. صرف نبودن حساب انسانی در پایگاه داده، همهٔ مسیرهای دسترسی را پوشش نمی‌دهد. در ممیزی، باید اختیارات قابل ترکیب و خروجی‌های قابل دریافت نیز بررسی شوند.</p>
167: <div class="prose-table-scroll" tabindex="0"><table>
                   ^
168: <thead>
169: <tr>
✓ 539 modules transformed.
rendering chunks...
[plugin vite:reporter] 
(!) /home/user/Projects/ziabary-platform-sveltekit/src/lib/content/articles/accessing-legacy-numenta-content.md is dynamically imported by /home/user/Projects/ziabary-platform-sveltekit/src/lib/content.ts but also statically imported by /home/user/Projects/ziabary-platform-sveltekit/src/lib/content.ts, dynamic import will not move module into another chunk.

[plugin vite:reporter] 
(!) /home/user/Projects/ziabary-platform-sveltekit/src/lib/content/articles/ai-cosmetic-surgery-or-chemotherapy.md is dynamically imported by /home/user/Projects/ziabary-platform-sveltekit/src/lib/content.ts but also statically imported by /home/user/Projects/ziabary-platform-sveltekit/src/lib/content.ts, dynamic import will not move module into another chunk.

[plugin vite:reporter] 
(!) /home/user/Projects/ziabary-platform-sveltekit/src/lib/content/articles/ai-data-access-ito-action.md is dynamically imported by /home/user/Projects/ziabary-platform-sveltekit/src/lib/content.ts but also statically imported by /home/user/Projects/ziabary-platform-sveltekit/src/lib/content.ts, dynamic import will not move module into another chunk.

[plugin vite:reporter] 
(!) /home/user/Projects/ziabary-platform-sveltekit/src/lib/content/articles/ai-data-confidentiality-safe-processing.md is dynamically imported by /home/user/Projects/ziabary-platform-sveltekit/src/lib/content.ts but also statically imported by /home/user/Projects/ziabary-platform-sveltekit/src/lib/content.ts, dynamic import will not move module into another chunk.

[plugin vite:reporter] 
(!) /home/user/Projects/ziabary-platform-sveltekit/src/lib/content/articles/ai-from-gitex-to-parliament.md is dynamically imported by /home/user/Projects/ziabary-platform-sveltekit/src/lib/content.ts but also statically imported by /home/user/Projects/ziabary-platform-sveltekit/src/lib/content.ts, dynamic import will not move module into another chunk.

[plugin vite:reporter] 
(!) /home/user/Projects/ziabary-platform-sveltekit/src/lib/content/articles/ai-infrastructure-security-starts-with-kernel-and-gpu.md is dynamically imported by /home/user/Projects/ziabary-platform-sveltekit/src/lib/content.ts but also statically imported by /home/user/Projects/ziabary-platform-sveltekit/src/lib/content.ts, dynamic import will not move module into another chunk.

[plugin vite:reporter] 
(!) /home/user/Projects/ziabary-platform-sveltekit/src/lib/content/articles/ai-operator-model-private-sector.md is dynamically imported by /home/user/Projects/ziabary-platform-sveltekit/src/lib/content.ts but also statically imported by /home/user/Projects/ziabary-platform-sveltekit/src/lib/content.ts, dynamic import will not move module into another chunk.

[plugin vite:reporter] 
(!) /home/user/Projects/ziabary-platform-sveltekit/src/lib/content/articles/air-gap-moves-trust-boundary.md is dynamically imported by /home/user/Projects/ziabary-platform-sveltekit/src/lib/content.ts but also statically imported by /home/user/Projects/ziabary-platform-sveltekit/src/lib/content.ts, dynamic import will not move module into another chunk.

[plugin vite:reporter] 
(!) /home/user/Projects/ziabary-platform-sveltekit/src/lib/content/articles/apache-mod-jk-log-lock.md is dynamically imported by /home/user/Projects/ziabary-platform-sveltekit/src/lib/content.ts but also statically imported by /home/user/Projects/ziabary-platform-sveltekit/src/lib/content.ts, dynamic import will not move module into another chunk.

[plugin vite:reporter] 
(!) /home/user/Projects/ziabary-platform-sveltekit/src/lib/content/articles/architecture-is-governance.md is dynamically imported by /home/user/Projects/ziabary-platform-sveltekit/src/lib/content.ts but also statically imported by /home/user/Projects/ziabary-platform-sveltekit/src/lib/content.ts, dynamic import will not move module into another chunk.

[plugin vite:reporter] 
(!) /home/user/Projects/ziabary-platform-sveltekit/src/lib/content/articles/ayar-hoomas.md is dynamically imported by /home/user/Projects/ziabary-platform-sveltekit/src/lib/content.ts but also statically imported by /home/user/Projects/ziabary-platform-sveltekit/src/lib/content.ts, dynamic import will not move module into another chunk.

[plugin vite:reporter] 
(!) /home/user/Projects/ziabary-platform-sveltekit/src/lib/content/articles/building-targoman-without-patronage.md is dynamically imported by /home/user/Projects/ziabary-platform-sveltekit/src/lib/content.ts but also statically imported by /home/user/Projects/ziabary-platform-sveltekit/src/lib/content.ts, dynamic import will not move module into another chunk.

[plugin vite:reporter] 
(!) /home/user/Projects/ziabary-platform-sveltekit/src/lib/content/articles/china-travelogue-part-1.md is dynamically imported by /home/user/Projects/ziabary-platform-sveltekit/src/lib/content.ts but also statically imported by /home/user/Projects/ziabary-platform-sveltekit/src/lib/content.ts, dynamic import will not move module into another chunk.

[plugin vite:reporter] 
(!) /home/user/Projects/ziabary-platform-sveltekit/src/lib/content/articles/china-travelogue-part-2.md is dynamically imported by /home/user/Projects/ziabary-platform-sveltekit/src/lib/content.ts but also statically imported by /home/user/Projects/ziabary-platform-sveltekit/src/lib/content.ts, dynamic import will not move module into another chunk.

[plugin vite:reporter] 
(!) /home/user/Projects/ziabary-platform-sveltekit/src/lib/content/articles/choosing-gpu-for-ai-en.md is dynamically imported by /home/user/Projects/ziabary-platform-sveltekit/src/lib/content.ts but also statically imported by /home/user/Projects/ziabary-platform-sveltekit/src/lib/content.ts, dynamic import will not move module into another chunk.

[plugin vite:reporter] 
(!) /home/user/Projects/ziabary-platform-sveltekit/src/lib/content/articles/choosing-gpu-for-ai-es.md is dynamically imported by /home/user/Projects/ziabary-platform-sveltekit/src/lib/content.ts but also statically imported by /home/user/Projects/ziabary-platform-sveltekit/src/lib/content.ts, dynamic import will not move module into another chunk.

[plugin vite:reporter] 
(!) /home/user/Projects/ziabary-platform-sveltekit/src/lib/content/articles/choosing-gpu-for-ai.md is dynamically imported by /home/user/Projects/ziabary-platform-sveltekit/src/lib/content.ts but also statically imported by /home/user/Projects/ziabary-platform-sveltekit/src/lib/content.ts, dynamic import will not move module into another chunk.

[plugin vite:reporter] 
(!) /home/user/Projects/ziabary-platform-sveltekit/src/lib/content/articles/configuration-drift-attestation-and-rollback.md is dynamically imported by /home/user/Projects/ziabary-platform-sveltekit/src/lib/content.ts but also statically imported by /home/user/Projects/ziabary-platform-sveltekit/src/lib/content.ts, dynamic import will not move module into another chunk.

[plugin vite:reporter] 
(!) /home/user/Projects/ziabary-platform-sveltekit/src/lib/content/articles/construir-targoman-sin-padrinos.md is dynamically imported by /home/user/Projects/ziabary-platform-sveltekit/src/lib/content.ts but also statically imported by /home/user/Projects/ziabary-platform-sveltekit/src/lib/content.ts, dynamic import will not move module into another chunk.

[plugin vite:reporter] 
(!) /home/user/Projects/ziabary-platform-sveltekit/src/lib/content/articles/containers-are-not-security-boundaries.md is dynamically imported by /home/user/Projects/ziabary-platform-sveltekit/src/lib/content.ts but also statically imported by /home/user/Projects/ziabary-platform-sveltekit/src/lib/content.ts, dynamic import will not move module into another chunk.

[plugin vite:reporter] 
(!) /home/user/Projects/ziabary-platform-sveltekit/src/lib/content/articles/crypto-shared-portfolio-profit.md is dynamically imported by /home/user/Projects/ziabary-platform-sveltekit/src/lib/content.ts but also statically imported by /home/user/Projects/ziabary-platform-sveltekit/src/lib/content.ts, dynamic import will not move module into another chunk.

[plugin vite:reporter] 
(!) /home/user/Projects/ziabary-platform-sveltekit/src/lib/content/articles/cuando-un-otp-por-sms-reduce-la-seguridad.md is dynamically imported by /home/user/Projects/ziabary-platform-sveltekit/src/lib/content.ts but also statically imported by /home/user/Projects/ziabary-platform-sveltekit/src/lib/content.ts, dynamic import will not move module into another chunk.

[plugin vite:reporter] 
(!) /home/user/Projects/ziabary-platform-sveltekit/src/lib/content/articles/data-confidentiality-public-apis-en.md is dynamically imported by /home/user/Projects/ziabary-platform-sveltekit/src/lib/content.ts but also statically imported by /home/user/Projects/ziabary-platform-sveltekit/src/lib/content.ts, dynamic import will not move module into another chunk.

[plugin vite:reporter] 
(!) /home/user/Projects/ziabary-platform-sveltekit/src/lib/content/articles/data-confidentiality-public-apis-es.md is dynamically imported by /home/user/Projects/ziabary-platform-sveltekit/src/lib/content.ts but also statically imported by /home/user/Projects/ziabary-platform-sveltekit/src/lib/content.ts, dynamic import will not move module into another chunk.

[plugin vite:reporter] 
(!) /home/user/Projects/ziabary-platform-sveltekit/src/lib/content/articles/data-confidentiality-public-apis.md is dynamically imported by /home/user/Projects/ziabary-platform-sveltekit/src/lib/content.ts but also statically imported by /home/user/Projects/ziabary-platform-sveltekit/src/lib/content.ts, dynamic import will not move module into another chunk.

[plugin vite:reporter] 
(!) /home/user/Projects/ziabary-platform-sveltekit/src/lib/content/articles/data-ecosystem-regulation-players.md is dynamically imported by /home/user/Projects/ziabary-platform-sveltekit/src/lib/content.ts but also statically imported by /home/user/Projects/ziabary-platform-sveltekit/src/lib/content.ts, dynamic import will not move module into another chunk.

[plugin vite:reporter] 
(!) /home/user/Projects/ziabary-platform-sveltekit/src/lib/content/articles/data-regulation-balance.md is dynamically imported by /home/user/Projects/ziabary-platform-sveltekit/src/lib/content.ts but also statically imported by /home/user/Projects/ziabary-platform-sveltekit/src/lib/content.ts, dynamic import will not move module into another chunk.

[plugin vite:reporter] 
(!) /home/user/Projects/ziabary-platform-sveltekit/src/lib/content/articles/data-regulation-intergroup-conflicts.md is dynamically imported by /home/user/Projects/ziabary-platform-sveltekit/src/lib/content.ts but also statically imported by /home/user/Projects/ziabary-platform-sveltekit/src/lib/content.ts, dynamic import will not move module into another chunk.

[plugin vite:reporter] 
(!) /home/user/Projects/ziabary-platform-sveltekit/src/lib/content/articles/data-regulation-intragroup-conflicts.md is dynamically imported by /home/user/Projects/ziabary-platform-sveltekit/src/lib/content.ts but also statically imported by /home/user/Projects/ziabary-platform-sveltekit/src/lib/content.ts, dynamic import will not move module into another chunk.

[plugin vite:reporter] 
(!) /home/user/Projects/ziabary-platform-sveltekit/src/lib/content/articles/dgx-and-standard-gpu-servers-en.md is dynamically imported by /home/user/Projects/ziabary-platform-sveltekit/src/lib/content.ts but also statically imported by /home/user/Projects/ziabary-platform-sveltekit/src/lib/content.ts, dynamic import will not move module into another chunk.

[plugin vite:reporter] 
(!) /home/user/Projects/ziabary-platform-sveltekit/src/lib/content/articles/dgx-and-standard-gpu-servers-es.md is dynamically imported by /home/user/Projects/ziabary-platform-sveltekit/src/lib/content.ts but also statically imported by /home/user/Projects/ziabary-platform-sveltekit/src/lib/content.ts, dynamic import will not move module into another chunk.

[plugin vite:reporter] 
(!) /home/user/Projects/ziabary-platform-sveltekit/src/lib/content/articles/dgx-and-standard-gpu-servers.md is dynamically imported by /home/user/Projects/ziabary-platform-sveltekit/src/lib/content.ts but also statically imported by /home/user/Projects/ziabary-platform-sveltekit/src/lib/content.ts, dynamic import will not move module into another chunk.

[plugin vite:reporter] 
(!) /home/user/Projects/ziabary-platform-sveltekit/src/lib/content/articles/dynamic-password-fraud.md is dynamically imported by /home/user/Projects/ziabary-platform-sveltekit/src/lib/content.ts but also statically imported by /home/user/Projects/ziabary-platform-sveltekit/src/lib/content.ts, dynamic import will not move module into another chunk.

[plugin vite:reporter] 
(!) /home/user/Projects/ziabary-platform-sveltekit/src/lib/content/articles/elecomp-29-from-technology-to-synergy.md is dynamically imported by /home/user/Projects/ziabary-platform-sveltekit/src/lib/content.ts but also statically imported by /home/user/Projects/ziabary-platform-sveltekit/src/lib/content.ts, dynamic import will not move module into another chunk.

[plugin vite:reporter] 
(!) /home/user/Projects/ziabary-platform-sveltekit/src/lib/content/articles/from-stig-cis-to-rbac.md is dynamically imported by /home/user/Projects/ziabary-platform-sveltekit/src/lib/content.ts but also statically imported by /home/user/Projects/ziabary-platform-sveltekit/src/lib/content.ts, dynamic import will not move module into another chunk.

[plugin vite:reporter] 
(!) /home/user/Projects/ziabary-platform-sveltekit/src/lib/content/articles/from-zero-trust-to-zero-trust-ai-en.md is dynamically imported by /home/user/Projects/ziabary-platform-sveltekit/src/lib/content.ts but also statically imported by /home/user/Projects/ziabary-platform-sveltekit/src/lib/content.ts, dynamic import will not move module into another chunk.

[plugin vite:reporter] 
(!) /home/user/Projects/ziabary-platform-sveltekit/src/lib/content/articles/from-zero-trust-to-zero-trust-ai-es.md is dynamically imported by /home/user/Projects/ziabary-platform-sveltekit/src/lib/content.ts but also statically imported by /home/user/Projects/ziabary-platform-sveltekit/src/lib/content.ts, dynamic import will not move module into another chunk.

[plugin vite:reporter] 
(!) /home/user/Projects/ziabary-platform-sveltekit/src/lib/content/articles/from-zero-trust-to-zero-trust-ai.md is dynamically imported by /home/user/Projects/ziabary-platform-sveltekit/src/lib/content.ts but also statically imported by /home/user/Projects/ziabary-platform-sveltekit/src/lib/content.ts, dynamic import will not move module into another chunk.

[plugin vite:reporter] 
(!) /home/user/Projects/ziabary-platform-sveltekit/src/lib/content/articles/gitex-2025-report.md is dynamically imported by /home/user/Projects/ziabary-platform-sveltekit/src/lib/content.ts but also statically imported by /home/user/Projects/ziabary-platform-sveltekit/src/lib/content.ts, dynamic import will not move module into another chunk.

[plugin vite:reporter] 
(!) /home/user/Projects/ziabary-platform-sveltekit/src/lib/content/articles/global-data-regulation-experiences.md is dynamically imported by /home/user/Projects/ziabary-platform-sveltekit/src/lib/content.ts but also statically imported by /home/user/Projects/ziabary-platform-sveltekit/src/lib/content.ts, dynamic import will not move module into another chunk.

[plugin vite:reporter] 
(!) /home/user/Projects/ziabary-platform-sveltekit/src/lib/content/articles/google-used-targoman.md is dynamically imported by /home/user/Projects/ziabary-platform-sveltekit/src/lib/content.ts but also statically imported by /home/user/Projects/ziabary-platform-sveltekit/src/lib/content.ts, dynamic import will not move module into another chunk.

[plugin vite:reporter] 
(!) /home/user/Projects/ziabary-platform-sveltekit/src/lib/content/articles/gpu-inference-latency-throughput-en.md is dynamically imported by /home/user/Projects/ziabary-platform-sveltekit/src/lib/content.ts but also statically imported by /home/user/Projects/ziabary-platform-sveltekit/src/lib/content.ts, dynamic import will not move module into another chunk.

[plugin vite:reporter] 
(!) /home/user/Projects/ziabary-platform-sveltekit/src/lib/content/articles/gpu-inference-latency-throughput-es.md is dynamically imported by /home/user/Projects/ziabary-platform-sveltekit/src/lib/content.ts but also statically imported by /home/user/Projects/ziabary-platform-sveltekit/src/lib/content.ts, dynamic import will not move module into another chunk.

[plugin vite:reporter] 
(!) /home/user/Projects/ziabary-platform-sveltekit/src/lib/content/articles/gpu-inference-latency-throughput.md is dynamically imported by /home/user/Projects/ziabary-platform-sveltekit/src/lib/content.ts but also statically imported by /home/user/Projects/ziabary-platform-sveltekit/src/lib/content.ts, dynamic import will not move module into another chunk.

[plugin vite:reporter] 
(!) /home/user/Projects/ziabary-platform-sveltekit/src/lib/content/articles/gpu-server-platform-components-en.md is dynamically imported by /home/user/Projects/ziabary-platform-sveltekit/src/lib/content.ts but also statically imported by /home/user/Projects/ziabary-platform-sveltekit/src/lib/content.ts, dynamic import will not move module into another chunk.

[plugin vite:reporter] 
(!) /home/user/Projects/ziabary-platform-sveltekit/src/lib/content/articles/gpu-server-platform-components-es.md is dynamically imported by /home/user/Projects/ziabary-platform-sveltekit/src/lib/content.ts but also statically imported by /home/user/Projects/ziabary-platform-sveltekit/src/lib/content.ts, dynamic import will not move module into another chunk.

[plugin vite:reporter] 
(!) /home/user/Projects/ziabary-platform-sveltekit/src/lib/content/articles/gpu-server-platform-components.md is dynamically imported by /home/user/Projects/ziabary-platform-sveltekit/src/lib/content.ts but also statically imported by /home/user/Projects/ziabary-platform-sveltekit/src/lib/content.ts, dynamic import will not move module into another chunk.

[plugin vite:reporter] 
(!) /home/user/Projects/ziabary-platform-sveltekit/src/lib/content/articles/gpu-types-for-ai-en.md is dynamically imported by /home/user/Projects/ziabary-platform-sveltekit/src/lib/content.ts but also statically imported by /home/user/Projects/ziabary-platform-sveltekit/src/lib/content.ts, dynamic import will not move module into another chunk.

[plugin vite:reporter] 
(!) /home/user/Projects/ziabary-platform-sveltekit/src/lib/content/articles/gpu-types-for-ai-es.md is dynamically imported by /home/user/Projects/ziabary-platform-sveltekit/src/lib/content.ts but also statically imported by /home/user/Projects/ziabary-platform-sveltekit/src/lib/content.ts, dynamic import will not move module into another chunk.

[plugin vite:reporter] 
(!) /home/user/Projects/ziabary-platform-sveltekit/src/lib/content/articles/gpu-types-for-ai.md is dynamically imported by /home/user/Projects/ziabary-platform-sveltekit/src/lib/content.ts but also statically imported by /home/user/Projects/ziabary-platform-sveltekit/src/lib/content.ts, dynamic import will not move module into another chunk.

[plugin vite:reporter] 
(!) /home/user/Projects/ziabary-platform-sveltekit/src/lib/content/articles/htm-papers-and-books.md is dynamically imported by /home/user/Projects/ziabary-platform-sveltekit/src/lib/content.ts but also statically imported by /home/user/Projects/ziabary-platform-sveltekit/src/lib/content.ts, dynamic import will not move module into another chunk.

[plugin vite:reporter] 
(!) /home/user/Projects/ziabary-platform-sveltekit/src/lib/content/articles/install-dgtechnics-smart-hdtv-linux.md is dynamically imported by /home/user/Projects/ziabary-platform-sveltekit/src/lib/content.ts but also statically imported by /home/user/Projects/ziabary-platform-sveltekit/src/lib/content.ts, dynamic import will not move module into another chunk.

[plugin vite:reporter] 
(!) /home/user/Projects/ziabary-platform-sveltekit/src/lib/content/articles/install-nupic-opensuse.md is dynamically imported by /home/user/Projects/ziabary-platform-sveltekit/src/lib/content.ts but also statically imported by /home/user/Projects/ziabary-platform-sveltekit/src/lib/content.ts, dynamic import will not move module into another chunk.

[plugin vite:reporter] 
(!) /home/user/Projects/ziabary-platform-sveltekit/src/lib/content/articles/install-tbs6980-tbs6981-linux.md is dynamically imported by /home/user/Projects/ziabary-platform-sveltekit/src/lib/content.ts but also statically imported by /home/user/Projects/ziabary-platform-sveltekit/src/lib/content.ts, dynamic import will not move module into another chunk.

[plugin vite:reporter] 
(!) /home/user/Projects/ziabary-platform-sveltekit/src/lib/content/articles/int8-or-fp8-real-gpu-support-en.md is dynamically imported by /home/user/Projects/ziabary-platform-sveltekit/src/lib/content.ts but also statically imported by /home/user/Projects/ziabary-platform-sveltekit/src/lib/content.ts, dynamic import will not move module into another chunk.

[plugin vite:reporter] 
(!) /home/user/Projects/ziabary-platform-sveltekit/src/lib/content/articles/int8-or-fp8-real-gpu-support-es.md is dynamically imported by /home/user/Projects/ziabary-platform-sveltekit/src/lib/content.ts but also statically imported by /home/user/Projects/ziabary-platform-sveltekit/src/lib/content.ts, dynamic import will not move module into another chunk.

[plugin vite:reporter] 
(!) /home/user/Projects/ziabary-platform-sveltekit/src/lib/content/articles/int8-or-fp8-real-gpu-support.md is dynamically imported by /home/user/Projects/ziabary-platform-sveltekit/src/lib/content.ts but also statically imported by /home/user/Projects/ziabary-platform-sveltekit/src/lib/content.ts, dynamic import will not move module into another chunk.

[plugin vite:reporter] 
(!) /home/user/Projects/ziabary-platform-sveltekit/src/lib/content/articles/investment-in-ai.md is dynamically imported by /home/user/Projects/ziabary-platform-sveltekit/src/lib/content.ts but also statically imported by /home/user/Projects/ziabary-platform-sveltekit/src/lib/content.ts, dynamic import will not move module into another chunk.

[plugin vite:reporter] 
(!) /home/user/Projects/ziabary-platform-sveltekit/src/lib/content/articles/iran-ai-ranking-analysis.md is dynamically imported by /home/user/Projects/ziabary-platform-sveltekit/src/lib/content.ts but also statically imported by /home/user/Projects/ziabary-platform-sveltekit/src/lib/content.ts, dynamic import will not move module into another chunk.

[plugin vite:reporter] 
(!) /home/user/Projects/ziabary-platform-sveltekit/src/lib/content/articles/iran-ai-top-ten-roadmap.md is dynamically imported by /home/user/Projects/ziabary-platform-sveltekit/src/lib/content.ts but also statically imported by /home/user/Projects/ziabary-platform-sveltekit/src/lib/content.ts, dynamic import will not move module into another chunk.

[plugin vite:reporter] 
(!) /home/user/Projects/ziabary-platform-sveltekit/src/lib/content/articles/iran-israel-war-ai.md is dynamically imported by /home/user/Projects/ziabary-platform-sveltekit/src/lib/content.ts but also statically imported by /home/user/Projects/ziabary-platform-sveltekit/src/lib/content.ts, dynamic import will not move module into another chunk.

[plugin vite:reporter] 
(!) /home/user/Projects/ziabary-platform-sveltekit/src/lib/content/articles/iran-third-generation-warfare.md is dynamically imported by /home/user/Projects/ziabary-platform-sveltekit/src/lib/content.ts but also statically imported by /home/user/Projects/ziabary-platform-sveltekit/src/lib/content.ts, dynamic import will not move module into another chunk.

[plugin vite:reporter] 
(!) /home/user/Projects/ziabary-platform-sveltekit/src/lib/content/articles/language-identification-reading-list.md is dynamically imported by /home/user/Projects/ziabary-platform-sveltekit/src/lib/content.ts but also statically imported by /home/user/Projects/ziabary-platform-sveltekit/src/lib/content.ts, dynamic import will not move module into another chunk.

[plugin vite:reporter] 
(!) /home/user/Projects/ziabary-platform-sveltekit/src/lib/content/articles/legacy-migration-does-not-remove-risk.md is dynamically imported by /home/user/Projects/ziabary-platform-sveltekit/src/lib/content.ts but also statically imported by /home/user/Projects/ziabary-platform-sveltekit/src/lib/content.ts, dynamic import will not move module into another chunk.

[plugin vite:reporter] 
(!) /home/user/Projects/ziabary-platform-sveltekit/src/lib/content/articles/linux-distribution-as-security-governance.md is dynamically imported by /home/user/Projects/ziabary-platform-sveltekit/src/lib/content.ts but also statically imported by /home/user/Projects/ziabary-platform-sveltekit/src/lib/content.ts, dynamic import will not move module into another chunk.

[plugin vite:reporter] 
(!) /home/user/Projects/ziabary-platform-sveltekit/src/lib/content/articles/llms-on-rtx-4090-24gb-vs-48gb.md is dynamically imported by /home/user/Projects/ziabary-platform-sveltekit/src/lib/content.ts but also statically imported by /home/user/Projects/ziabary-platform-sveltekit/src/lib/content.ts, dynamic import will not move module into another chunk.

[plugin vite:reporter] 
(!) /home/user/Projects/ziabary-platform-sveltekit/src/lib/content/articles/longest-bachelors-degree.md is dynamically imported by /home/user/Projects/ziabary-platform-sveltekit/src/lib/content.ts but also statically imported by /home/user/Projects/ziabary-platform-sveltekit/src/lib/content.ts, dynamic import will not move module into another chunk.

[plugin vite:reporter] 
(!) /home/user/Projects/ziabary-platform-sveltekit/src/lib/content/articles/mlops-foundation-of-zero-trust-ai-en.md is dynamically imported by /home/user/Projects/ziabary-platform-sveltekit/src/lib/content.ts but also statically imported by /home/user/Projects/ziabary-platform-sveltekit/src/lib/content.ts, dynamic import will not move module into another chunk.

[plugin vite:reporter] 
(!) /home/user/Projects/ziabary-platform-sveltekit/src/lib/content/articles/mlops-foundation-of-zero-trust-ai-es.md is dynamically imported by /home/user/Projects/ziabary-platform-sveltekit/src/lib/content.ts but also statically imported by /home/user/Projects/ziabary-platform-sveltekit/src/lib/content.ts, dynamic import will not move module into another chunk.

[plugin vite:reporter] 
(!) /home/user/Projects/ziabary-platform-sveltekit/src/lib/content/articles/mlops-foundation-of-zero-trust-ai.md is dynamically imported by /home/user/Projects/ziabary-platform-sveltekit/src/lib/content.ts but also statically imported by /home/user/Projects/ziabary-platform-sveltekit/src/lib/content.ts, dynamic import will not move module into another chunk.

[plugin vite:reporter] 
(!) /home/user/Projects/ziabary-platform-sveltekit/src/lib/content/articles/national-ai-organization-from-law-to-impact.md is dynamically imported by /home/user/Projects/ziabary-platform-sveltekit/src/lib/content.ts but also statically imported by /home/user/Projects/ziabary-platform-sveltekit/src/lib/content.ts, dynamic import will not move module into another chunk.

[plugin vite:reporter] 
(!) /home/user/Projects/ziabary-platform-sveltekit/src/lib/content/articles/national-ai-organization-not-headquarters.md is dynamically imported by /home/user/Projects/ziabary-platform-sveltekit/src/lib/content.ts but also statically imported by /home/user/Projects/ziabary-platform-sveltekit/src/lib/content.ts, dynamic import will not move module into another chunk.

[plugin vite:reporter] 
(!) /home/user/Projects/ziabary-platform-sveltekit/src/lib/content/articles/national-ai-platform.md is dynamically imported by /home/user/Projects/ziabary-platform-sveltekit/src/lib/content.ts but also statically imported by /home/user/Projects/ziabary-platform-sveltekit/src/lib/content.ts, dynamic import will not move module into another chunk.

[plugin vite:reporter] 
(!) /home/user/Projects/ziabary-platform-sveltekit/src/lib/content/articles/noafarin-plan.md is dynamically imported by /home/user/Projects/ziabary-platform-sveltekit/src/lib/content.ts but also statically imported by /home/user/Projects/ziabary-platform-sveltekit/src/lib/content.ts, dynamic import will not move module into another chunk.

[plugin vite:reporter] 
(!) /home/user/Projects/ziabary-platform-sveltekit/src/lib/content/articles/one-linux-hardening-policy-does-not-fit-all.md is dynamically imported by /home/user/Projects/ziabary-platform-sveltekit/src/lib/content.ts but also statically imported by /home/user/Projects/ziabary-platform-sveltekit/src/lib/content.ts, dynamic import will not move module into another chunk.

[plugin vite:reporter] 
(!) /home/user/Projects/ziabary-platform-sveltekit/src/lib/content/articles/pcie-gpu-server-selection-en.md is dynamically imported by /home/user/Projects/ziabary-platform-sveltekit/src/lib/content.ts but also statically imported by /home/user/Projects/ziabary-platform-sveltekit/src/lib/content.ts, dynamic import will not move module into another chunk.

[plugin vite:reporter] 
(!) /home/user/Projects/ziabary-platform-sveltekit/src/lib/content/articles/pcie-gpu-server-selection-es.md is dynamically imported by /home/user/Projects/ziabary-platform-sveltekit/src/lib/content.ts but also statically imported by /home/user/Projects/ziabary-platform-sveltekit/src/lib/content.ts, dynamic import will not move module into another chunk.

[plugin vite:reporter] 
(!) /home/user/Projects/ziabary-platform-sveltekit/src/lib/content/articles/pcie-gpu-server-selection.md is dynamically imported by /home/user/Projects/ziabary-platform-sveltekit/src/lib/content.ts but also statically imported by /home/user/Projects/ziabary-platform-sveltekit/src/lib/content.ts, dynamic import will not move module into another chunk.

[plugin vite:reporter] 
(!) /home/user/Projects/ziabary-platform-sveltekit/src/lib/content/articles/pcie-vs-sxm-for-ai-en.md is dynamically imported by /home/user/Projects/ziabary-platform-sveltekit/src/lib/content.ts but also statically imported by /home/user/Projects/ziabary-platform-sveltekit/src/lib/content.ts, dynamic import will not move module into another chunk.

[plugin vite:reporter] 
(!) /home/user/Projects/ziabary-platform-sveltekit/src/lib/content/articles/pcie-vs-sxm-for-ai-es.md is dynamically imported by /home/user/Projects/ziabary-platform-sveltekit/src/lib/content.ts but also statically imported by /home/user/Projects/ziabary-platform-sveltekit/src/lib/content.ts, dynamic import will not move module into another chunk.

[plugin vite:reporter] 
(!) /home/user/Projects/ziabary-platform-sveltekit/src/lib/content/articles/pcie-vs-sxm-for-ai.md is dynamically imported by /home/user/Projects/ziabary-platform-sveltekit/src/lib/content.ts but also statically imported by /home/user/Projects/ziabary-platform-sveltekit/src/lib/content.ts, dynamic import will not move module into another chunk.

[plugin vite:reporter] 
(!) /home/user/Projects/ziabary-platform-sveltekit/src/lib/content/articles/rag-cag-kag-fine-tuning-instruction-tuning-en.md is dynamically imported by /home/user/Projects/ziabary-platform-sveltekit/src/lib/content.ts but also statically imported by /home/user/Projects/ziabary-platform-sveltekit/src/lib/content.ts, dynamic import will not move module into another chunk.

[plugin vite:reporter] 
(!) /home/user/Projects/ziabary-platform-sveltekit/src/lib/content/articles/rag-cag-kag-fine-tuning-instruction-tuning-es.md is dynamically imported by /home/user/Projects/ziabary-platform-sveltekit/src/lib/content.ts but also statically imported by /home/user/Projects/ziabary-platform-sveltekit/src/lib/content.ts, dynamic import will not move module into another chunk.

[plugin vite:reporter] 
(!) /home/user/Projects/ziabary-platform-sveltekit/src/lib/content/articles/rag-cag-kag-fine-tuning-instruction-tuning.md is dynamically imported by /home/user/Projects/ziabary-platform-sveltekit/src/lib/content.ts but also statically imported by /home/user/Projects/ziabary-platform-sveltekit/src/lib/content.ts, dynamic import will not move module into another chunk.

[plugin vite:reporter] 
(!) /home/user/Projects/ziabary-platform-sveltekit/src/lib/content/articles/right-model-size-for-the-task.md is dynamically imported by /home/user/Projects/ziabary-platform-sveltekit/src/lib/content.ts but also statically imported by /home/user/Projects/ziabary-platform-sveltekit/src/lib/content.ts, dynamic import will not move module into another chunk.

[plugin vite:reporter] 
(!) /home/user/Projects/ziabary-platform-sveltekit/src/lib/content/articles/secure-rag-agent.md is dynamically imported by /home/user/Projects/ziabary-platform-sveltekit/src/lib/content.ts but also statically imported by /home/user/Projects/ziabary-platform-sveltekit/src/lib/content.ts, dynamic import will not move module into another chunk.

[plugin vite:reporter] 
(!) /home/user/Projects/ziabary-platform-sveltekit/src/lib/content/articles/seventy-million-words-a-day.md is dynamically imported by /home/user/Projects/ziabary-platform-sveltekit/src/lib/content.ts but also statically imported by /home/user/Projects/ziabary-platform-sveltekit/src/lib/content.ts, dynamic import will not move module into another chunk.

[plugin vite:reporter] 
(!) /home/user/Projects/ziabary-platform-sveltekit/src/lib/content/articles/slow-ai-in-iran.md is dynamically imported by /home/user/Projects/ziabary-platform-sveltekit/src/lib/content.ts but also statically imported by /home/user/Projects/ziabary-platform-sveltekit/src/lib/content.ts, dynamic import will not move module into another chunk.

[plugin vite:reporter] 
(!) /home/user/Projects/ziabary-platform-sveltekit/src/lib/content/articles/sms-otp-security-design.md is dynamically imported by /home/user/Projects/ziabary-platform-sveltekit/src/lib/content.ts but also statically imported by /home/user/Projects/ziabary-platform-sveltekit/src/lib/content.ts, dynamic import will not move module into another chunk.

[plugin vite:reporter] 
(!) /home/user/Projects/ziabary-platform-sveltekit/src/lib/content/articles/software-raid-opensuse.md is dynamically imported by /home/user/Projects/ziabary-platform-sveltekit/src/lib/content.ts but also statically imported by /home/user/Projects/ziabary-platform-sveltekit/src/lib/content.ts, dynamic import will not move module into another chunk.

[plugin vite:reporter] 
(!) /home/user/Projects/ziabary-platform-sveltekit/src/lib/content/articles/targoman-transformer-update.md is dynamically imported by /home/user/Projects/ziabary-platform-sveltekit/src/lib/content.ts but also statically imported by /home/user/Projects/ziabary-platform-sveltekit/src/lib/content.ts, dynamic import will not move module into another chunk.

[plugin vite:reporter] 
(!) /home/user/Projects/ziabary-platform-sveltekit/src/lib/content/articles/targoman-without-rent.md is dynamically imported by /home/user/Projects/ziabary-platform-sveltekit/src/lib/content.ts but also statically imported by /home/user/Projects/ziabary-platform-sveltekit/src/lib/content.ts, dynamic import will not move module into another chunk.

[plugin vite:reporter] 
(!) /home/user/Projects/ziabary-platform-sveltekit/src/lib/content/articles/third-revolution-in-warfare.md is dynamically imported by /home/user/Projects/ziabary-platform-sveltekit/src/lib/content.ts but also statically imported by /home/user/Projects/ziabary-platform-sveltekit/src/lib/content.ts, dynamic import will not move module into another chunk.

[plugin vite:reporter] 
(!) /home/user/Projects/ziabary-platform-sveltekit/src/lib/content/articles/why-shamsa.md is dynamically imported by /home/user/Projects/ziabary-platform-sveltekit/src/lib/content.ts but also statically imported by /home/user/Projects/ziabary-platform-sveltekit/src/lib/content.ts, dynamic import will not move module into another chunk.

[plugin vite:reporter] 
(!) /home/user/Projects/ziabary-platform-sveltekit/src/lib/content/articles/xaas-tax-laws.md is dynamically imported by /home/user/Projects/ziabary-platform-sveltekit/src/lib/content.ts but also statically imported by /home/user/Projects/ziabary-platform-sveltekit/src/lib/content.ts, dynamic import will not move module into another chunk.

[plugin vite:reporter] 
(!) /home/user/Projects/ziabary-platform-sveltekit/src/lib/content/articles/zero-trust-ai-maturity-model-en.md is dynamically imported by /home/user/Projects/ziabary-platform-sveltekit/src/lib/content.ts but also statically imported by /home/user/Projects/ziabary-platform-sveltekit/src/lib/content.ts, dynamic import will not move module into another chunk.

[plugin vite:reporter] 
(!) /home/user/Projects/ziabary-platform-sveltekit/src/lib/content/articles/zero-trust-ai-maturity-model-es.md is dynamically imported by /home/user/Projects/ziabary-platform-sveltekit/src/lib/content.ts but also statically imported by /home/user/Projects/ziabary-platform-sveltekit/src/lib/content.ts, dynamic import will not move module into another chunk.

[plugin vite:reporter] 
(!) /home/user/Projects/ziabary-platform-sveltekit/src/lib/content/articles/zero-trust-ai-maturity-model.md is dynamically imported by /home/user/Projects/ziabary-platform-sveltekit/src/lib/content.ts but also statically imported by /home/user/Projects/ziabary-platform-sveltekit/src/lib/content.ts, dynamic import will not move module into another chunk.

[plugin vite:reporter] 
(!) /home/user/Projects/ziabary-platform-sveltekit/src/lib/content/articles/zero-trust-ai-principles-and-controls-en.md is dynamically imported by /home/user/Projects/ziabary-platform-sveltekit/src/lib/content.ts but also statically imported by /home/user/Projects/ziabary-platform-sveltekit/src/lib/content.ts, dynamic import will not move module into another chunk.

[plugin vite:reporter] 
(!) /home/user/Projects/ziabary-platform-sveltekit/src/lib/content/articles/zero-trust-ai-principles-and-controls-es.md is dynamically imported by /home/user/Projects/ziabary-platform-sveltekit/src/lib/content.ts but also statically imported by /home/user/Projects/ziabary-platform-sveltekit/src/lib/content.ts, dynamic import will not move module into another chunk.

[plugin vite:reporter] 
(!) /home/user/Projects/ziabary-platform-sveltekit/src/lib/content/articles/zero-trust-ai-principles-and-controls.md is dynamically imported by /home/user/Projects/ziabary-platform-sveltekit/src/lib/content.ts but also statically imported by /home/user/Projects/ziabary-platform-sveltekit/src/lib/content.ts, dynamic import will not move module into another chunk.

[plugin vite:reporter] 
(!) /home/user/Projects/ziabary-platform-sveltekit/src/lib/content/articles/ztai-data-model-engineering-without-raw-access.md is dynamically imported by /home/user/Projects/ziabary-platform-sveltekit/src/lib/content.ts but also statically imported by /home/user/Projects/ziabary-platform-sveltekit/src/lib/content.ts, dynamic import will not move module into another chunk.

[plugin vite:reporter] 
(!) /home/user/Projects/ziabary-platform-sveltekit/src/lib/content/articles/ztai-indirect-data-access-en.md is dynamically imported by /home/user/Projects/ziabary-platform-sveltekit/src/lib/content.ts but also statically imported by /home/user/Projects/ziabary-platform-sveltekit/src/lib/content.ts, dynamic import will not move module into another chunk.

[plugin vite:reporter] 
(!) /home/user/Projects/ziabary-platform-sveltekit/src/lib/content/articles/ztai-indirect-data-access-es.md is dynamically imported by /home/user/Projects/ziabary-platform-sveltekit/src/lib/content.ts but also statically imported by /home/user/Projects/ziabary-platform-sveltekit/src/lib/content.ts, dynamic import will not move module into another chunk.

[plugin vite:reporter] 
(!) /home/user/Projects/ziabary-platform-sveltekit/src/lib/content/articles/ztai-indirect-data-access.md is dynamically imported by /home/user/Projects/ziabary-platform-sveltekit/src/lib/content.ts but also statically imported by /home/user/Projects/ziabary-platform-sveltekit/src/lib/content.ts, dynamic import will not move module into another chunk.

computing gzip size...
.svelte-kit/output/client/_app/version.json                                                   0.02 kB │ gzip:   0.04 kB
.svelte-kit/output/client/_app/immutable/assets/KaTeX_Size3-Regular.CTq5MqoE.woff             4.42 kB
.svelte-kit/output/client/_app/immutable/assets/KaTeX_Size4-Regular.Dl5lxZxV.woff2            4.93 kB
.svelte-kit/output/client/_app/immutable/assets/KaTeX_Size2-Regular.Dy4dx90m.woff2            5.21 kB
.svelte-kit/output/client/_app/immutable/assets/KaTeX_Size1-Regular.mCD8mA8B.woff2            5.47 kB
.svelte-kit/output/client/_app/immutable/assets/KaTeX_Size4-Regular.BF-4gkZK.woff             5.98 kB
.svelte-kit/output/client/_app/immutable/assets/KaTeX_Size2-Regular.oD1tc_U0.woff             6.19 kB
.svelte-kit/output/client/_app/immutable/assets/KaTeX_Size1-Regular.C195tn64.woff             6.50 kB
.svelte-kit/output/client/_app/immutable/assets/KaTeX_Caligraphic-Regular.Di6jR-x-.woff2      6.91 kB
.svelte-kit/output/client/_app/immutable/assets/KaTeX_Caligraphic-Bold.Dq_IR9rO.woff2         6.91 kB
.svelte-kit/output/client/_app/immutable/assets/KaTeX_Size3-Regular.DgpXs0kz.ttf              7.59 kB
.svelte-kit/output/client/_app/immutable/assets/KaTeX_Caligraphic-Regular.CTRA-rTL.woff       7.66 kB
.svelte-kit/output/client/_app/immutable/assets/KaTeX_Caligraphic-Bold.BEiXGLvX.woff          7.72 kB
.svelte-kit/output/client/_app/immutable/assets/KaTeX_Script-Regular.D3wIWfF6.woff2           9.64 kB
.svelte-kit/output/client/_app/immutable/assets/KaTeX_SansSerif-Regular.DDBCnlJ7.woff2       10.34 kB
.svelte-kit/output/client/_app/immutable/assets/KaTeX_Size4-Regular.DWFBv043.ttf             10.36 kB
.svelte-kit/output/client/_app/immutable/assets/KaTeX_Script-Regular.D5yQViql.woff           10.59 kB
.svelte-kit/output/client/_app/immutable/assets/KaTeX_Fraktur-Regular.CTYiF6lA.woff2         11.32 kB
.svelte-kit/output/client/_app/immutable/assets/KaTeX_Fraktur-Bold.CL6g_b3V.woff2            11.35 kB
.svelte-kit/output/client/_app/immutable/assets/KaTeX_Size2-Regular.B7gKUWhC.ttf             11.51 kB
.svelte-kit/output/client/_app/immutable/assets/KaTeX_SansSerif-Italic.C3H0VqGB.woff2        12.03 kB
.svelte-kit/output/client/_app/immutable/assets/KaTeX_SansSerif-Bold.D1sUS0GD.woff2          12.22 kB
.svelte-kit/output/client/_app/immutable/assets/KaTeX_Size1-Regular.Dbsnue_I.ttf             12.23 kB
.svelte-kit/output/client/_app/immutable/assets/KaTeX_SansSerif-Regular.CS6fqUqJ.woff        12.32 kB
.svelte-kit/output/client/_app/immutable/assets/KaTeX_Caligraphic-Regular.wX97UBjC.ttf       12.34 kB
.svelte-kit/output/client/_app/immutable/assets/KaTeX_Caligraphic-Bold.ATXxdsX0.ttf          12.37 kB
.svelte-kit/output/client/_app/immutable/assets/KaTeX_Fraktur-Regular.Dxdc4cR9.woff          13.21 kB
.svelte-kit/output/client/_app/immutable/assets/KaTeX_Fraktur-Bold.BsDP51OF.woff             13.30 kB
.svelte-kit/output/client/_app/immutable/assets/KaTeX_Typewriter-Regular.CO6r4hn1.woff2      13.57 kB
.svelte-kit/output/client/_app/immutable/assets/KaTeX_SansSerif-Italic.DN2j7dab.woff         14.11 kB
.svelte-kit/output/client/_app/immutable/assets/KaTeX_SansSerif-Bold.DbIhKOiC.woff           14.41 kB
.svelte-kit/output/client/_app/immutable/assets/KaTeX_Typewriter-Regular.C0xS9mPB.woff       16.03 kB
.svelte-kit/output/client/_app/immutable/assets/KaTeX_Math-BoldItalic.CZnvNsCZ.woff2         16.40 kB
.svelte-kit/output/client/_app/immutable/assets/KaTeX_Math-Italic.t53AETM-.woff2             16.44 kB
.svelte-kit/output/client/_app/immutable/assets/KaTeX_Script-Regular.C5JkGWo-.ttf            16.65 kB
.svelte-kit/output/client/_app/immutable/assets/KaTeX_Main-BoldItalic.DxDJ3AOS.woff2         16.78 kB
.svelte-kit/output/client/_app/immutable/assets/KaTeX_Main-Italic.NWA7e6Wa.woff2             16.99 kB
.svelte-kit/output/client/_app/immutable/assets/KaTeX_Math-BoldItalic.iY-2wyZ7.woff          18.67 kB
.svelte-kit/output/client/_app/immutable/assets/KaTeX_Math-Italic.DA0__PXp.woff              18.75 kB
.svelte-kit/output/client/_app/immutable/assets/KaTeX_Main-BoldItalic.SpSLRI95.woff          19.41 kB
.svelte-kit/output/client/_app/immutable/assets/KaTeX_SansSerif-Regular.BNo7hRIc.ttf         19.44 kB
.svelte-kit/output/client/_app/immutable/assets/KaTeX_Fraktur-Regular.CB_wures.ttf           19.57 kB
.svelte-kit/output/client/_app/immutable/assets/KaTeX_Fraktur-Bold.BdnERNNW.ttf              19.58 kB
.svelte-kit/output/client/_app/immutable/assets/KaTeX_Main-Italic.BMLOBm91.woff              19.68 kB
.svelte-kit/output/client/_app/immutable/assets/KaTeX_SansSerif-Italic.YYjJ1zSn.ttf          22.36 kB
.svelte-kit/output/client/_app/immutable/assets/KaTeX_SansSerif-Bold.CFMepnvq.ttf            24.50 kB
.svelte-kit/output/client/_app/immutable/assets/KaTeX_Main-Bold.Cx986IdX.woff2               25.32 kB
.svelte-kit/output/client/_app/immutable/assets/KaTeX_Main-Regular.B22Nviop.woff2            26.27 kB
.svelte-kit/output/client/_app/immutable/assets/KaTeX_Typewriter-Regular.D3Ib7_Hf.ttf        27.56 kB
.svelte-kit/output/client/_app/immutable/assets/KaTeX_AMS-Regular.BQhdFMY1.woff2             28.08 kB
.svelte-kit/output/client/_app/immutable/assets/KaTeX_Main-Bold.Jm3AIy58.woff                29.91 kB
.svelte-kit/output/client/_app/immutable/assets/KaTeX_Main-Regular.Dr94JaBh.woff             30.77 kB
.svelte-kit/output/client/_app/immutable/assets/KaTeX_Math-BoldItalic.B3XSjfu4.ttf           31.20 kB
.svelte-kit/output/client/_app/immutable/assets/KaTeX_Math-Italic.flOr_0UB.ttf               31.31 kB
.svelte-kit/output/client/_app/immutable/assets/KaTeX_Main-BoldItalic.DzxPMmG6.ttf           32.97 kB
.svelte-kit/output/client/_app/immutable/assets/KaTeX_AMS-Regular.DMm9YOAa.woff              33.52 kB
.svelte-kit/output/client/_app/immutable/assets/KaTeX_Main-Italic.3WenGoN9.ttf               33.58 kB
.svelte-kit/output/client/_app/immutable/assets/KaTeX_Main-Bold.waoOVXN0.ttf                 51.34 kB
.svelte-kit/output/client/.vite/manifest.json                                                53.36 kB │ gzip:   5.39 kB
.svelte-kit/output/client/_app/immutable/assets/KaTeX_Main-Regular.ypZvNtVU.ttf              53.58 kB
.svelte-kit/output/client/_app/immutable/assets/KaTeX_AMS-Regular.DRggAlZN.ttf               63.63 kB
.svelte-kit/output/client/_app/immutable/assets/LocalizedGuides.Dp3LD5hG.css                  0.06 kB │ gzip:   0.08 kB
.svelte-kit/output/client/_app/immutable/assets/5.Biyywo6p.css                                0.48 kB │ gzip:   0.25 kB
.svelte-kit/output/client/_app/immutable/assets/34.BXaied4s.css                               0.63 kB │ gzip:   0.27 kB
.svelte-kit/output/client/_app/immutable/assets/LocalizedMedia.ClwciWag.css                   0.88 kB │ gzip:   0.39 kB
.svelte-kit/output/client/_app/immutable/assets/LocalizedHome.BHC6PeEJ.css                    1.50 kB │ gzip:   0.45 kB
.svelte-kit/output/client/_app/immutable/assets/35.Cj4cyfW8.css                               1.51 kB │ gzip:   0.60 kB
.svelte-kit/output/client/_app/immutable/assets/ArticlePage.unBaggkn.css                      1.78 kB │ gzip:   0.69 kB
.svelte-kit/output/client/_app/immutable/assets/SlidesArchive.CWa9YuCj.css                    2.26 kB │ gzip:   0.72 kB
.svelte-kit/output/client/_app/immutable/assets/home-previews.q4_KImq6.css                    2.78 kB │ gzip:   0.91 kB
.svelte-kit/output/client/_app/immutable/assets/PresentationDetail.Buxdb_P9.css               3.28 kB │ gzip:   0.85 kB
.svelte-kit/output/client/_app/immutable/assets/ArticleArchive.zTikAHKi.css                   3.35 kB │ gzip:   0.94 kB
.svelte-kit/output/client/_app/immutable/assets/GuideCollectionsGrid.slAlOfaD.css             3.43 kB │ gzip:   1.13 kB
.svelte-kit/output/client/_app/immutable/assets/LocalizedThought.B-0QfIm9.css                 3.72 kB │ gzip:   0.96 kB
.svelte-kit/output/client/_app/immutable/assets/LocalizedResume.DG70koNY.css                  3.91 kB │ gzip:   0.87 kB
.svelte-kit/output/client/_app/immutable/assets/39.D8SSPeg1.css                               4.59 kB │ gzip:   1.10 kB
.svelte-kit/output/client/_app/immutable/assets/LocalizedArticleCollection.CC-JMvGA.css       5.34 kB │ gzip:   1.34 kB
.svelte-kit/output/client/_app/immutable/assets/gallery.DgYAhUom.css                          5.92 kB │ gzip:   1.54 kB
.svelte-kit/output/client/_app/immutable/assets/contents-navigation.TtNV1-H2.css             29.22 kB │ gzip:   8.14 kB
.svelte-kit/output/client/_app/immutable/assets/LlmGuidePage.wRkoHvlb.css                    46.43 kB │ gzip:   7.54 kB
.svelte-kit/output/client/_app/immutable/assets/GuidePage.v9b_E84B.css                       46.63 kB │ gzip:   6.29 kB
.svelte-kit/output/client/_app/immutable/assets/0.D9GaZeDm.css                               72.77 kB │ gzip:  20.15 kB
.svelte-kit/output/client/_app/immutable/entry/start.UvztQ0PV.js                              0.08 kB │ gzip:   0.09 kB
.svelte-kit/output/client/_app/immutable/chunks/Dr0UTSVU.js                                   0.14 kB │ gzip:   0.12 kB
.svelte-kit/output/client/_app/immutable/nodes/37.BUY1NiMN.js                                 0.15 kB │ gzip:   0.13 kB
.svelte-kit/output/client/_app/immutable/nodes/11.CZ5Dz2BC.js                                 0.16 kB │ gzip:   0.14 kB
.svelte-kit/output/client/_app/immutable/nodes/13.Db-ah6F9.js                                 0.16 kB │ gzip:   0.14 kB
.svelte-kit/output/client/_app/immutable/nodes/14.BzTdghW4.js                                 0.16 kB │ gzip:   0.14 kB
.svelte-kit/output/client/_app/immutable/nodes/15.D_jCtKGF.js                                 0.16 kB │ gzip:   0.14 kB
.svelte-kit/output/client/_app/immutable/nodes/17.BCMxelmS.js                                 0.16 kB │ gzip:   0.14 kB
.svelte-kit/output/client/_app/immutable/nodes/19.Ciu0bSCf.js                                 0.16 kB │ gzip:   0.14 kB
.svelte-kit/output/client/_app/immutable/nodes/23.CSAHIAyE.js                                 0.16 kB │ gzip:   0.14 kB
.svelte-kit/output/client/_app/immutable/nodes/25.CZC4fvdj.js                                 0.16 kB │ gzip:   0.14 kB
.svelte-kit/output/client/_app/immutable/nodes/26.Btjrt5B1.js                                 0.16 kB │ gzip:   0.14 kB
.svelte-kit/output/client/_app/immutable/nodes/27.UIW8xr6j.js                                 0.16 kB │ gzip:   0.14 kB
.svelte-kit/output/client/_app/immutable/nodes/29.DdxpnoKe.js                                 0.16 kB │ gzip:   0.14 kB
.svelte-kit/output/client/_app/immutable/nodes/7.akQiNcpy.js                                  0.16 kB │ gzip:   0.14 kB
.svelte-kit/output/client/_app/immutable/chunks/fSODM-w0.js                                   0.19 kB │ gzip:   0.17 kB
.svelte-kit/output/client/_app/immutable/chunks/BWOkCXuN.js                                   0.19 kB │ gzip:   0.14 kB
.svelte-kit/output/client/_app/immutable/chunks/C46OY41B.js                                   0.20 kB │ gzip:   0.17 kB
.svelte-kit/output/client/_app/immutable/chunks/IdYMXHjb.js                                   0.23 kB │ gzip:   0.16 kB
.svelte-kit/output/client/_app/immutable/chunks/BxDaqHYi.js                                   0.37 kB │ gzip:   0.26 kB
.svelte-kit/output/client/_app/immutable/chunks/DX2B5J9o.js                                   0.37 kB │ gzip:   0.27 kB
.svelte-kit/output/client/_app/immutable/chunks/BeHy5_Cv.js                                   0.44 kB │ gzip:   0.29 kB
.svelte-kit/output/client/_app/immutable/chunks/C17bzCiP.js                                   0.51 kB │ gzip:   0.33 kB
.svelte-kit/output/client/_app/immutable/nodes/1.BuyBbiCf.js                                  0.51 kB │ gzip:   0.32 kB
.svelte-kit/output/client/_app/immutable/nodes/16.CXpjzrWC.js                                 0.51 kB │ gzip:   0.34 kB
.svelte-kit/output/client/_app/immutable/nodes/28.BI5claQ7.js                                 0.51 kB │ gzip:   0.34 kB
.svelte-kit/output/client/_app/immutable/nodes/38.BMeXFaXz.js                                 0.51 kB │ gzip:   0.34 kB
.svelte-kit/output/client/_app/immutable/nodes/18.CxD1lDZm.js                                 0.53 kB │ gzip:   0.36 kB
.svelte-kit/output/client/_app/immutable/nodes/40.H465Wn7M.js                                 0.53 kB │ gzip:   0.36 kB
.svelte-kit/output/client/_app/immutable/nodes/30.CIeyLEyN.js                                 0.54 kB │ gzip:   0.36 kB
.svelte-kit/output/client/_app/immutable/chunks/CMykb0YZ.js                                   0.55 kB │ gzip:   0.36 kB
.svelte-kit/output/client/_app/immutable/nodes/20.C2jNJ0ut.js                                 0.59 kB │ gzip:   0.36 kB
.svelte-kit/output/client/_app/immutable/nodes/4.DDLeCiBV.js                                  0.59 kB │ gzip:   0.36 kB
.svelte-kit/output/client/_app/immutable/nodes/8.CRw9Kc6K.js                                  0.59 kB │ gzip:   0.36 kB
.svelte-kit/output/client/_app/immutable/chunks/m3OwLxWf.js                                   0.63 kB │ gzip:   0.40 kB
.svelte-kit/output/client/_app/immutable/nodes/10.C-1TlT0D.js                                 0.64 kB │ gzip:   0.39 kB
.svelte-kit/output/client/_app/immutable/nodes/22.CKXa6Aj1.js                                 0.64 kB │ gzip:   0.39 kB
.svelte-kit/output/client/_app/immutable/nodes/6.eLX_xvIS.js                                  0.64 kB │ gzip:   0.39 kB
.svelte-kit/output/client/_app/immutable/chunks/C3NgzpY9.js                                   0.64 kB │ gzip:   0.40 kB
.svelte-kit/output/client/_app/immutable/chunks/OA8UcISh.js                                   0.64 kB │ gzip:   0.39 kB
.svelte-kit/output/client/_app/immutable/chunks/mrsWaMRV.js                                   0.70 kB │ gzip:   0.46 kB
.svelte-kit/output/client/_app/immutable/nodes/31.CF2nxaBd.js                                 0.75 kB │ gzip:   0.48 kB
.svelte-kit/output/client/_app/immutable/chunks/BciA0WYC.js                                   0.75 kB │ gzip:   0.48 kB
.svelte-kit/output/client/_app/immutable/nodes/9.EIfAc1f3.js                                  0.86 kB │ gzip:   0.51 kB
.svelte-kit/output/client/_app/immutable/nodes/21.CylTDk_r.js                                 0.87 kB │ gzip:   0.52 kB
.svelte-kit/output/client/_app/immutable/chunks/3NCbTqpU.js                                   0.90 kB │ gzip:   0.54 kB
.svelte-kit/output/client/_app/immutable/nodes/33.k3eHqwiH.js                                 1.01 kB │ gzip:   0.59 kB
.svelte-kit/output/client/_app/immutable/chunks/rQiRfDpU.js                                   1.02 kB │ gzip:   0.61 kB
.svelte-kit/output/client/_app/immutable/chunks/PPVm8Dsz.js                                   1.23 kB │ gzip:   0.72 kB
.svelte-kit/output/client/_app/immutable/chunks/BRi-heop.js                                   1.23 kB │ gzip:   0.70 kB
.svelte-kit/output/client/_app/immutable/chunks/wbPk3Yxo.js                                   1.37 kB │ gzip:   0.66 kB
.svelte-kit/output/client/_app/immutable/chunks/DPm-NL-X.js                                   1.41 kB │ gzip:   0.78 kB
.svelte-kit/output/client/_app/immutable/nodes/12.CVdVsp7K.js                                 1.43 kB │ gzip:   0.70 kB
.svelte-kit/output/client/_app/immutable/nodes/24.BPehlRtI.js                                 1.44 kB │ gzip:   0.70 kB
.svelte-kit/output/client/_app/immutable/nodes/32.eEg7gUtc.js                                 1.63 kB │ gzip:   0.93 kB
.svelte-kit/output/client/_app/immutable/chunks/h3YmuLoc.js                                   1.63 kB │ gzip:   0.82 kB
.svelte-kit/output/client/_app/immutable/chunks/CX0MBbTq.js                                   1.75 kB │ gzip:   0.89 kB
.svelte-kit/output/client/_app/immutable/chunks/DjqM5Coj.js                                   1.79 kB │ gzip:   0.90 kB
.svelte-kit/output/client/_app/immutable/chunks/8HPjZGXH.js                                   1.83 kB │ gzip:   0.85 kB
.svelte-kit/output/client/_app/immutable/chunks/CacYvY2s.js                                   1.91 kB │ gzip:   0.98 kB
.svelte-kit/output/client/_app/immutable/chunks/BPjvjH1a.js                                   2.57 kB │ gzip:   1.31 kB
.svelte-kit/output/client/_app/immutable/nodes/34.B3gem07O.js                                 2.63 kB │ gzip:   1.32 kB
.svelte-kit/output/client/_app/immutable/chunks/BAg-XF_k.js                                   3.39 kB │ gzip:   1.41 kB
.svelte-kit/output/client/_app/immutable/chunks/CbjRZJXL.js                                   3.51 kB │ gzip:   1.50 kB
.svelte-kit/output/client/_app/immutable/chunks/DNMrlW4v.js                                   4.23 kB │ gzip:   1.70 kB
.svelte-kit/output/client/_app/immutable/nodes/5.DQMdvfcr.js                                  4.58 kB │ gzip:   2.25 kB
.svelte-kit/output/client/_app/immutable/chunks/BHDIPxCN.js                                   4.74 kB │ gzip:   2.13 kB
.svelte-kit/output/client/_app/immutable/chunks/DSMaGf52.js                                   5.03 kB │ gzip:   2.18 kB
.svelte-kit/output/client/_app/immutable/chunks/CwSWD1aC.js                                   5.37 kB │ gzip:   2.40 kB
.svelte-kit/output/client/_app/immutable/nodes/36.C1Ikw5d8.js                                 5.68 kB │ gzip:   2.27 kB
.svelte-kit/output/client/_app/immutable/nodes/2.ClSd2bA4.js                                  5.92 kB │ gzip:   2.59 kB
.svelte-kit/output/client/_app/immutable/chunks/XXjSJ8nX.js                                   6.58 kB │ gzip:   2.84 kB
.svelte-kit/output/client/_app/immutable/chunks/CWJe-e2o.js                                   7.07 kB │ gzip:   3.03 kB
.svelte-kit/output/client/_app/immutable/chunks/ZBrZVFAb.js                                   8.46 kB │ gzip:   3.35 kB
.svelte-kit/output/client/_app/immutable/chunks/BTIjSdx_.js                                   9.39 kB │ gzip:   3.62 kB
.svelte-kit/output/client/_app/immutable/chunks/CqRW8TrQ.js                                   9.51 kB │ gzip:   3.45 kB
.svelte-kit/output/client/_app/immutable/chunks/h23BQK1Q.js                                   9.67 kB │ gzip:   3.91 kB
.svelte-kit/output/client/_app/immutable/chunks/BjTmLhP3.js                                  10.35 kB │ gzip:   3.95 kB
.svelte-kit/output/client/_app/immutable/chunks/BlhAn2L7.js                                  11.59 kB │ gzip:   5.18 kB
.svelte-kit/output/client/_app/immutable/chunks/C4H2hqVi.js                                  12.22 kB │ gzip:   5.07 kB
.svelte-kit/output/client/_app/immutable/entry/app.DQWq0nVr.js                               13.35 kB │ gzip:   4.05 kB
.svelte-kit/output/client/_app/immutable/chunks/Dj1HZo9m.js                                  16.40 kB │ gzip:   5.51 kB
.svelte-kit/output/client/_app/immutable/nodes/3.BWg5RhKz.js                                 16.50 kB │ gzip:   6.75 kB
.svelte-kit/output/client/_app/immutable/chunks/CmDAKRoy.js                                  16.58 kB │ gzip:   7.00 kB
.svelte-kit/output/client/_app/immutable/nodes/0.DDvuFELr.js                                 20.73 kB │ gzip:   7.46 kB
.svelte-kit/output/client/_app/immutable/nodes/39.D62Qxc9p.js                                23.05 kB │ gzip:   6.96 kB
.svelte-kit/output/client/_app/immutable/chunks/Df9bd-xO.js                                  23.17 kB │ gzip:   7.93 kB
.svelte-kit/output/client/_app/immutable/chunks/RSc8rgOS.js                                  24.26 kB │ gzip:   7.69 kB
.svelte-kit/output/client/_app/immutable/chunks/CGx1wX3E.js                                  27.27 kB │ gzip:  10.51 kB
.svelte-kit/output/client/_app/immutable/nodes/35.D78A1EKX.js                                28.18 kB │ gzip:   8.77 kB
.svelte-kit/output/client/_app/immutable/chunks/5XIIdagv.js                                  28.46 kB │ gzip:  11.06 kB
.svelte-kit/output/client/_app/immutable/chunks/pckfvWRH.js                                  31.47 kB │ gzip:   8.94 kB
.svelte-kit/output/client/_app/immutable/chunks/CVguWTjh.js                                  54.25 kB │ gzip:  10.48 kB
.svelte-kit/output/client/_app/immutable/chunks/CR-Roy0u.js                                  82.39 kB │ gzip:   9.91 kB
.svelte-kit/output/client/_app/immutable/chunks/CP_Dl-3n.js                                  83.94 kB │ gzip:  19.72 kB
.svelte-kit/output/client/_app/immutable/chunks/DGov9tBn.js                                 109.45 kB │ gzip:  21.16 kB
.svelte-kit/output/client/_app/immutable/chunks/CED4xzMl.js                                 409.37 kB │ gzip: 117.52 kB
.svelte-kit/output/client/_app/immutable/chunks/BmXwiJjK.js                                 469.86 kB │ gzip: 106.39 kB
.svelte-kit/output/client/_app/immutable/chunks/Sz2RdnoB.js                               1,821.00 kB │ gzip: 499.15 kB
.svelte-kit/output/client/_app/immutable/chunks/gEhmb8dM.js                               5,503.33 kB │ gzip: 393.48 kB

(!) Some chunks are larger than 500 kB after minification. Consider:
- Using dynamic import() to code-split the application
- Use build.rollupOptions.output.manualChunks to improve chunking: https://rollupjs.org/configuration-options/#output-manualchunks
- Adjust chunk size limit for this warning via build.chunkSizeWarningLimit.
✓ built in 3.89s
.svelte-kit/output/server/_app/immutable/assets/KaTeX_Size3-Regular.CTq5MqoE.woff             4.42 kB
.svelte-kit/output/server/_app/immutable/assets/KaTeX_Size4-Regular.Dl5lxZxV.woff2            4.93 kB
.svelte-kit/output/server/_app/immutable/assets/KaTeX_Size2-Regular.Dy4dx90m.woff2            5.21 kB
.svelte-kit/output/server/_app/immutable/assets/KaTeX_Size1-Regular.mCD8mA8B.woff2            5.47 kB
.svelte-kit/output/server/_app/immutable/assets/KaTeX_Size4-Regular.BF-4gkZK.woff             5.98 kB
.svelte-kit/output/server/_app/immutable/assets/KaTeX_Size2-Regular.oD1tc_U0.woff             6.19 kB
.svelte-kit/output/server/_app/immutable/assets/KaTeX_Size1-Regular.C195tn64.woff             6.50 kB
.svelte-kit/output/server/_app/immutable/assets/KaTeX_Caligraphic-Regular.Di6jR-x-.woff2      6.91 kB
.svelte-kit/output/server/_app/immutable/assets/KaTeX_Caligraphic-Bold.Dq_IR9rO.woff2         6.91 kB
.svelte-kit/output/server/_app/immutable/assets/KaTeX_Size3-Regular.DgpXs0kz.ttf              7.59 kB
.svelte-kit/output/server/_app/immutable/assets/KaTeX_Caligraphic-Regular.CTRA-rTL.woff       7.66 kB
.svelte-kit/output/server/_app/immutable/assets/KaTeX_Caligraphic-Bold.BEiXGLvX.woff          7.72 kB
.svelte-kit/output/server/_app/immutable/assets/KaTeX_Script-Regular.D3wIWfF6.woff2           9.64 kB
.svelte-kit/output/server/_app/immutable/assets/KaTeX_SansSerif-Regular.DDBCnlJ7.woff2       10.34 kB
.svelte-kit/output/server/_app/immutable/assets/KaTeX_Size4-Regular.DWFBv043.ttf             10.36 kB
.svelte-kit/output/server/_app/immutable/assets/KaTeX_Script-Regular.D5yQViql.woff           10.59 kB
.svelte-kit/output/server/_app/immutable/assets/KaTeX_Fraktur-Regular.CTYiF6lA.woff2         11.32 kB
.svelte-kit/output/server/_app/immutable/assets/KaTeX_Fraktur-Bold.CL6g_b3V.woff2            11.35 kB
.svelte-kit/output/server/_app/immutable/assets/KaTeX_Size2-Regular.B7gKUWhC.ttf             11.51 kB
.svelte-kit/output/server/_app/immutable/assets/KaTeX_SansSerif-Italic.C3H0VqGB.woff2        12.03 kB
.svelte-kit/output/server/_app/immutable/assets/KaTeX_SansSerif-Bold.D1sUS0GD.woff2          12.22 kB
.svelte-kit/output/server/_app/immutable/assets/KaTeX_Size1-Regular.Dbsnue_I.ttf             12.23 kB
.svelte-kit/output/server/_app/immutable/assets/KaTeX_SansSerif-Regular.CS6fqUqJ.woff        12.32 kB
.svelte-kit/output/server/_app/immutable/assets/KaTeX_Caligraphic-Regular.wX97UBjC.ttf       12.34 kB
.svelte-kit/output/server/_app/immutable/assets/KaTeX_Caligraphic-Bold.ATXxdsX0.ttf          12.37 kB
.svelte-kit/output/server/_app/immutable/assets/KaTeX_Fraktur-Regular.Dxdc4cR9.woff          13.21 kB
.svelte-kit/output/server/_app/immutable/assets/KaTeX_Fraktur-Bold.BsDP51OF.woff             13.30 kB
.svelte-kit/output/server/_app/immutable/assets/KaTeX_Typewriter-Regular.CO6r4hn1.woff2      13.57 kB
.svelte-kit/output/server/_app/immutable/assets/KaTeX_SansSerif-Italic.DN2j7dab.woff         14.11 kB
.svelte-kit/output/server/_app/immutable/assets/KaTeX_SansSerif-Bold.DbIhKOiC.woff           14.41 kB
.svelte-kit/output/server/_app/immutable/assets/KaTeX_Typewriter-Regular.C0xS9mPB.woff       16.03 kB
.svelte-kit/output/server/_app/immutable/assets/KaTeX_Math-BoldItalic.CZnvNsCZ.woff2         16.40 kB
.svelte-kit/output/server/_app/immutable/assets/KaTeX_Math-Italic.t53AETM-.woff2             16.44 kB
.svelte-kit/output/server/_app/immutable/assets/KaTeX_Script-Regular.C5JkGWo-.ttf            16.65 kB
.svelte-kit/output/server/_app/immutable/assets/KaTeX_Main-BoldItalic.DxDJ3AOS.woff2         16.78 kB
.svelte-kit/output/server/_app/immutable/assets/KaTeX_Main-Italic.NWA7e6Wa.woff2             16.99 kB
.svelte-kit/output/server/_app/immutable/assets/KaTeX_Math-BoldItalic.iY-2wyZ7.woff          18.67 kB
.svelte-kit/output/server/_app/immutable/assets/KaTeX_Math-Italic.DA0__PXp.woff              18.75 kB
.svelte-kit/output/server/_app/immutable/assets/KaTeX_Main-BoldItalic.SpSLRI95.woff          19.41 kB
.svelte-kit/output/server/_app/immutable/assets/KaTeX_SansSerif-Regular.BNo7hRIc.ttf         19.44 kB
.svelte-kit/output/server/_app/immutable/assets/KaTeX_Fraktur-Regular.CB_wures.ttf           19.57 kB
.svelte-kit/output/server/_app/immutable/assets/KaTeX_Fraktur-Bold.BdnERNNW.ttf              19.58 kB
.svelte-kit/output/server/_app/immutable/assets/KaTeX_Main-Italic.BMLOBm91.woff              19.68 kB
.svelte-kit/output/server/_app/immutable/assets/KaTeX_SansSerif-Italic.YYjJ1zSn.ttf          22.36 kB
.svelte-kit/output/server/_app/immutable/assets/KaTeX_SansSerif-Bold.CFMepnvq.ttf            24.50 kB
.svelte-kit/output/server/_app/immutable/assets/KaTeX_Main-Bold.Cx986IdX.woff2               25.32 kB
.svelte-kit/output/server/_app/immutable/assets/KaTeX_Main-Regular.B22Nviop.woff2            26.27 kB
.svelte-kit/output/server/_app/immutable/assets/KaTeX_Typewriter-Regular.D3Ib7_Hf.ttf        27.56 kB
.svelte-kit/output/server/_app/immutable/assets/KaTeX_AMS-Regular.BQhdFMY1.woff2             28.08 kB
.svelte-kit/output/server/_app/immutable/assets/KaTeX_Main-Bold.Jm3AIy58.woff                29.91 kB
.svelte-kit/output/server/_app/immutable/assets/KaTeX_Main-Regular.Dr94JaBh.woff             30.77 kB
.svelte-kit/output/server/_app/immutable/assets/KaTeX_Math-BoldItalic.B3XSjfu4.ttf           31.20 kB
.svelte-kit/output/server/_app/immutable/assets/KaTeX_Math-Italic.flOr_0UB.ttf               31.31 kB
.svelte-kit/output/server/_app/immutable/assets/KaTeX_Main-BoldItalic.DzxPMmG6.ttf           32.97 kB
.svelte-kit/output/server/_app/immutable/assets/KaTeX_AMS-Regular.DMm9YOAa.woff              33.52 kB
.svelte-kit/output/server/_app/immutable/assets/KaTeX_Main-Italic.3WenGoN9.ttf               33.58 kB
.svelte-kit/output/server/.vite/manifest.json                                                48.05 kB
.svelte-kit/output/server/_app/immutable/assets/KaTeX_Main-Bold.waoOVXN0.ttf                 51.34 kB
.svelte-kit/output/server/_app/immutable/assets/KaTeX_Main-Regular.ypZvNtVU.ttf              53.58 kB
.svelte-kit/output/server/_app/immutable/assets/KaTeX_AMS-Regular.DRggAlZN.ttf               63.63 kB
.svelte-kit/output/server/_app/immutable/assets/LocalizedGuides.Dp3LD5hG.css                  0.06 kB
.svelte-kit/output/server/_app/immutable/assets/_page.Biyywo6p.css                            0.48 kB
.svelte-kit/output/server/_app/immutable/assets/_page.BXaied4s.css                            0.63 kB
.svelte-kit/output/server/_app/immutable/assets/LocalizedMedia.ClwciWag.css                   0.88 kB
.svelte-kit/output/server/_app/immutable/assets/LocalizedHome.BHC6PeEJ.css                    1.50 kB
.svelte-kit/output/server/_app/immutable/assets/_page.Cj4cyfW8.css                            1.51 kB
.svelte-kit/output/server/_app/immutable/assets/ArticlePage.unBaggkn.css                      1.78 kB
.svelte-kit/output/server/_app/immutable/assets/SlidesArchive.CWa9YuCj.css                    2.26 kB
.svelte-kit/output/server/_app/immutable/assets/home-previews.q4_KImq6.css                    2.78 kB
.svelte-kit/output/server/_app/immutable/assets/PresentationDetail.Buxdb_P9.css               3.28 kB
.svelte-kit/output/server/_app/immutable/assets/ArticleArchive.zTikAHKi.css                   3.35 kB
.svelte-kit/output/server/_app/immutable/assets/GuideCollectionsGrid.B77tC3lo.css             3.39 kB
.svelte-kit/output/server/_app/immutable/assets/LocalizedThought.B-0QfIm9.css                 3.72 kB
.svelte-kit/output/server/_app/immutable/assets/LocalizedResume.DG70koNY.css                  3.91 kB
.svelte-kit/output/server/_app/immutable/assets/_page.D8SSPeg1.css                            4.59 kB
.svelte-kit/output/server/_app/immutable/assets/LocalizedArticleCollection.CC-JMvGA.css       5.34 kB
.svelte-kit/output/server/_app/immutable/assets/gallery.Cg9KY_tq.css                          5.85 kB
.svelte-kit/output/server/_app/immutable/assets/contents-navigation.TtNV1-H2.css             29.22 kB
.svelte-kit/output/server/_app/immutable/assets/LlmGuidePage.DEn8nQA8.css                    46.40 kB
.svelte-kit/output/server/_app/immutable/assets/GuidePage.v9b_E84B.css                       46.63 kB
.svelte-kit/output/server/_app/immutable/assets/_layout.BXl-9RHy.css                         71.17 kB
.svelte-kit/output/server/entries/pages/slides/_slug_/_page.ts.js                             0.11 kB
.svelte-kit/output/server/entries/pages/en/slides/_slug_/_page.ts.js                          0.11 kB
.svelte-kit/output/server/entries/pages/es/slides/_slug_/_page.ts.js                          0.11 kB
.svelte-kit/output/server/entries/pages/articles/_page.ts.js                                  0.13 kB
.svelte-kit/output/server/entries/pages/en/articles/_page.ts.js                               0.13 kB
.svelte-kit/output/server/entries/pages/es/articles/_page.ts.js                               0.13 kB
.svelte-kit/output/server/chunks/html.js                                                      0.14 kB
.svelte-kit/output/server/entries/pages/slides/_page.svelte.js                                0.18 kB
.svelte-kit/output/server/entries/pages/en/_page.svelte.js                                    0.20 kB
.svelte-kit/output/server/entries/pages/es/_page.svelte.js                                    0.20 kB
.svelte-kit/output/server/entries/pages/en/media/_page.svelte.js                              0.20 kB
.svelte-kit/output/server/entries/pages/es/media/_page.svelte.js                              0.20 kB
.svelte-kit/output/server/entries/pages/en/guides/_page.svelte.js                             0.20 kB
.svelte-kit/output/server/entries/pages/en/resume/_page.svelte.js                             0.20 kB
.svelte-kit/output/server/entries/pages/en/slides/_page.svelte.js                             0.20 kB
.svelte-kit/output/server/entries/pages/es/guides/_page.svelte.js                             0.20 kB
.svelte-kit/output/server/entries/pages/es/resume/_page.svelte.js                             0.20 kB
.svelte-kit/output/server/entries/pages/es/slides/_page.svelte.js                             0.20 kB
.svelte-kit/output/server/entries/pages/en/thought/_page.svelte.js                            0.21 kB
.svelte-kit/output/server/entries/pages/es/thought/_page.svelte.js                            0.21 kB
.svelte-kit/output/server/chunks/index-server.js                                              0.22 kB
.svelte-kit/output/server/entries/pages/topics/_topic_/_page.ts.js                            0.22 kB
.svelte-kit/output/server/entries/pages/en/topics/_topic_/_page.ts.js                         0.22 kB
.svelte-kit/output/server/entries/pages/es/topics/_topic_/_page.ts.js                         0.22 kB
.svelte-kit/output/server/env.js                                                              0.23 kB
.svelte-kit/output/server/entries/pages/articles/page/_page_/_page.ts.js                      0.24 kB
.svelte-kit/output/server/entries/pages/en/articles/page/_page_/_page.ts.js                   0.24 kB
.svelte-kit/output/server/entries/pages/es/articles/page/_page_/_page.ts.js                   0.24 kB
.svelte-kit/output/server/chunks/draft-preview.js                                             0.26 kB
.svelte-kit/output/server/chunks/LocalizedSlides.js                                           0.30 kB
.svelte-kit/output/server/entries/pages/_layout.ts.js                                         0.30 kB
.svelte-kit/output/server/internal.js                                                         0.36 kB
.svelte-kit/output/server/entries/pages/topics/_topic_/_page.svelte.js                        0.37 kB
.svelte-kit/output/server/entries/pages/en/topics/_topic_/_page.svelte.js                     0.37 kB
.svelte-kit/output/server/entries/pages/es/topics/_topic_/_page.svelte.js                     0.37 kB
.svelte-kit/output/server/entries/pages/guides/_collection_/_page.svelte.js                   0.40 kB
.svelte-kit/output/server/entries/pages/en/articles/_slug_/_page.svelte.js                    0.41 kB
.svelte-kit/output/server/entries/pages/es/articles/_slug_/_page.svelte.js                    0.41 kB
.svelte-kit/output/server/chunks/archive.js                                                   0.42 kB
.svelte-kit/output/server/chunks/topic-pages.js                                               0.42 kB
.svelte-kit/output/server/entries/pages/slides/_slug_/_page.svelte.js                         0.42 kB
.svelte-kit/output/server/entries/pages/en/slides/_slug_/_page.svelte.js                      0.43 kB
.svelte-kit/output/server/entries/pages/es/slides/_slug_/_page.svelte.js                      0.43 kB
.svelte-kit/output/server/chunks/presentation-pages.js                                        0.44 kB
.svelte-kit/output/server/entries/pages/articles/_page.svelte.js                              0.45 kB
.svelte-kit/output/server/chunks/state.svelte.js                                              0.45 kB
.svelte-kit/output/server/entries/pages/en/articles/_page.svelte.js                           0.45 kB
.svelte-kit/output/server/entries/pages/es/articles/_page.svelte.js                           0.45 kB
.svelte-kit/output/server/chunks/PageHero.js                                                  0.45 kB
.svelte-kit/output/server/entries/pages/articles/page/_page_/_page.svelte.js                  0.46 kB
.svelte-kit/output/server/entries/pages/en/articles/page/_page_/_page.svelte.js               0.46 kB
.svelte-kit/output/server/entries/pages/es/articles/page/_page_/_page.svelte.js               0.46 kB
.svelte-kit/output/server/entries/pages/en/articles/_slug_/_page.ts.js                        0.55 kB
.svelte-kit/output/server/entries/pages/es/articles/_slug_/_page.ts.js                        0.56 kB
.svelte-kit/output/server/chunks/server.js                                                    0.62 kB
.svelte-kit/output/server/entries/fallbacks/error.svelte.js                                   0.66 kB
.svelte-kit/output/server/chunks/client.js                                                    0.66 kB
.svelte-kit/output/server/entries/pages/gallery/_page.svelte.js                               0.66 kB
.svelte-kit/output/server/entries/pages/en/guides/_collection_/_page.svelte.js                0.77 kB
.svelte-kit/output/server/chunks/archive-pages.js                                             0.78 kB
.svelte-kit/output/server/entries/pages/articles/_slug_/_page.ts.js                           0.79 kB
.svelte-kit/output/server/entries/pages/guides/_collection_/_page.ts.js                       0.80 kB
.svelte-kit/output/server/entries/pages/es/guides/_collection_/_page.svelte.js                0.82 kB
.svelte-kit/output/server/entries/pages/en/guides/_collection_/_page.ts.js                    1.07 kB
.svelte-kit/output/server/entries/pages/es/guides/_collection_/_page.ts.js                    1.07 kB
.svelte-kit/output/server/chunks/utils.js                                                     1.09 kB
.svelte-kit/output/server/chunks/index2.js                                                    1.41 kB
.svelte-kit/output/server/chunks/TopicPage.js                                                 1.46 kB
.svelte-kit/output/server/chunks/external-links.js                                            1.65 kB
.svelte-kit/output/server/chunks/contents-navigation.js                                       1.91 kB
.svelte-kit/output/server/entries/pages/guides/_page.svelte.js                                2.13 kB
.svelte-kit/output/server/entries/pages/guides/llm/_page.svelte.js                            2.18 kB
.svelte-kit/output/server/chunks/LocalizedGuides.js                                           2.36 kB
.svelte-kit/output/server/chunks/ArticleCard.js                                               3.08 kB
.svelte-kit/output/server/entries/pages/articles/_slug_/_page.svelte.js                       3.60 kB
.svelte-kit/output/server/chunks/fa.js                                                        3.66 kB
.svelte-kit/output/server/chunks/presentation-copy.js                                         4.09 kB
.svelte-kit/output/server/chunks/SlidesArchive.js                                             4.30 kB
.svelte-kit/output/server/chunks/internal.js                                                  4.73 kB
.svelte-kit/output/server/chunks/LocalizedMedia.js                                            4.78 kB
.svelte-kit/output/server/chunks/GalleryCollection.js                                         4.87 kB
.svelte-kit/output/server/chunks/topics.js                                                    5.12 kB
.svelte-kit/output/server/chunks/exports.js                                                   5.59 kB
.svelte-kit/output/server/entries/pages/resume/_page.svelte.js                                6.26 kB
.svelte-kit/output/server/chunks/GuideCollectionsGrid.js                                      6.31 kB
.svelte-kit/output/server/entries/pages/_page.svelte.js                                       7.22 kB
.svelte-kit/output/server/chunks/home-previews.js                                             7.54 kB
.svelte-kit/output/server/chunks/PresentationDetail.js                                        8.49 kB
.svelte-kit/output/server/chunks/LocalizedHome.js                                             9.64 kB
.svelte-kit/output/server/chunks/ArticlePage.js                                              11.60 kB
.svelte-kit/output/server/entries/pages/admin/_page.svelte.js                                11.93 kB
.svelte-kit/output/server/chunks/LocalizedArticleCollection.js                               12.41 kB
.svelte-kit/output/server/chunks/PageSeo.js                                                  12.52 kB
.svelte-kit/output/server/chunks/localized-guide-collections.js                              12.56 kB
.svelte-kit/output/server/chunks/ArticleArchive.js                                           12.85 kB
.svelte-kit/output/server/chunks/guides.js                                                   16.78 kB
.svelte-kit/output/server/entries/pages/_layout.svelte.js                                    18.08 kB
.svelte-kit/output/server/chunks/LocalizedThought.js                                         18.28 kB
.svelte-kit/output/server/entries/hooks.server.js                                            19.06 kB
.svelte-kit/output/server/entries/pages/thought/_page.svelte.js                              22.91 kB
.svelte-kit/output/server/chunks/LocalizedResume.js                                          25.91 kB
.svelte-kit/output/server/entries/pages/media/_page.svelte.js                                27.83 kB
.svelte-kit/output/server/chunks/root.js                                                     28.68 kB
.svelte-kit/output/server/chunks/utils2.js                                                   34.21 kB
.svelte-kit/output/server/remote-entry.js                                                    36.81 kB
.svelte-kit/output/server/chunks/presentations.js                                            37.16 kB
.svelte-kit/output/server/chunks/images.js                                                   63.47 kB
.svelte-kit/output/server/chunks/news.js                                                     87.86 kB
.svelte-kit/output/server/chunks/gallery.js                                                  93.85 kB
.svelte-kit/output/server/chunks/index.js                                                   102.01 kB
.svelte-kit/output/server/chunks/gpu-data.js                                                129.70 kB
.svelte-kit/output/server/index.js                                                          130.95 kB
.svelte-kit/output/server/chunks/GuidePage.js                                               430.79 kB
.svelte-kit/output/server/chunks/LlmGuidePage.js                                            555.96 kB
.svelte-kit/output/server/chunks/content.js                                               1,901.53 kB
.svelte-kit/output/server/chunks/guide.js                                                 6,517.75 kB
✓ built in 9.21s

Run npm run preview to preview your production build locally.

> Using @sveltejs/adapter-static
  Wrote site to "build"
  ✔ done
Generated sitemap.xml with 174 URLs.

> ziabary-platform@0.1.0 verify:sitemap
> node scripts/verify-sitemap.mjs

Validated sitemap.xml against 174 indexable pages and robots.txt.
Validated 183 JSON-LD blocks across 183 HTML pages.

> ziabary-platform@0.1.0 verify:short-links
> node scripts/verify-short-links.mjs

Validated 210 short-link destinations, fragments and early browser redirects against published pages.
