id,title,url,locator,revision,accessed_on,kind,scope,limitations
evidence:baai-bge-m3-card,bge-m3 — model card,https://huggingface.co/BAAI/bge-m3/blob/5617a9f61b028005a4858fdac845db406aefb181/README.md,"README.md: model description / architecture / intended use; matching lines 24, 245",5617a9f61b028005a4858fdac845db406aefb181,2026-09-15,publisher-report,BAAI/bge-m3؛ شناسنامه و کاربرد اعلام‌شده، بدون تأیید مستقل.,اعداد پارامتر معرفی مدل، گرد‌شده‌اند؛ safetensors.total شمار عناصر ذخیره‌شده است و الزاماً پارامتر یکتا نیست. | کیفیت، زمان پاسخ و حداقل سخت‌افزار از شناسنامه استنتاج نمی‌شود.
evidence:baai-bge-m3-metadata,bge-m3 — Hub metadata,https://huggingface.co/api/models/BAAI/bge-m3?blobs=true,$.sha; $.id; $.pipeline_tag; $.cardData; $.safetensors; $.siblings,5617a9f61b028005a4858fdac845db406aefb181,2026-09-15,publisher-report,BAAI/bge-m3؛ فرادادهٔ مشاهده‌شده در این تاریخ، نه اندازه‌گیری اجرای مدل.,فهرست فایل و شمار tensorها معادل حافظهٔ اجرا یا شمار پارامتر یکتا نیست.
evidence:baai-bge-m3-parameters,bge-m3 — parameter specification,https://huggingface.co/BAAI/bge-m3/blob/5617a9f61b028005a4858fdac845db406aefb181/README.md,"README.md: parameter count / named model variant; matching lines 12, 14, 26, 36, 40, 43, 45, 46, 48, 57, 58, 59",5617a9f61b028005a4858fdac845db406aefb181,2026-09-15,publisher-report,BAAI/bge-m3؛ شمار پارامترهای معرفی‌شده و حدود شمارش آن‌ها.,اعداد پارامتر معرفی مدل، گرد‌شده‌اند؛ safetensors.total شمار عناصر ذخیره‌شده است و الزاماً پارامتر یکتا نیست.
evidence:baai-bge-m3-license,bge-m3 — license declaration,https://huggingface.co/BAAI/bge-m3/blob/5617a9f61b028005a4858fdac845db406aefb181/README.md,README.md: license / underlying-model terms; Hub $.cardData.license; matching lines 7,5617a9f61b028005a4858fdac845db406aefb181,2026-09-15,publisher-report,BAAI/bge-m3؛ نام و شرایط مجوز اعلام‌شدهٔ ناشر؛ بدون داوری دربارهٔ اجرای حقوقی در ایران.,
evidence:baai-bge-m3-config,bge-m3 — configuration,https://huggingface.co/BAAI/bge-m3/blob/5617a9f61b028005a4858fdac845db406aefb181/config.json,"config.json: architectures, model_type, text_config, max_position_embeddings, quantization_config, torch_dtype/dtype",5617a9f61b028005a4858fdac845db406aefb181,2026-09-15,publisher-report,BAAI/bge-m3؛ پیکربندی checkpoint، نه نتیجهٔ آزمون کیفیت یا سازگاری.,
evidence:baai-bge-m3-context,bge-m3 — context declaration,https://huggingface.co/BAAI/bge-m3/blob/5617a9f61b028005a4858fdac845db406aefb181/README.md,"README.md: context length / model specification / usage limits; matching lines 55, 59, 60, 61, 62, 133, 213",5617a9f61b028005a4858fdac845db406aefb181,2026-09-15,publisher-report,BAAI/bge-m3؛ طول زمینهٔ اعلام‌شده، جدا از مقدار پیکربندی و طول آزموده‌شده.,KV cache، توکن تصویر و خروجی تولیدی نیز باید در سناریوی واقعی حساب شوند.
evidence:baai-bge-m3-weight-files,bge-m3 — selected weight-file sizes,https://huggingface.co/api/models/BAAI/bge-m3?blobs=true,$.siblings[ rfilename matches selected manifest filenames ].size; $.sha,5617a9f61b028005a4858fdac845db406aefb181,2026-09-15,calculated-from-specifications,BAAI/bge-m3؛ جمع بایت فایل‌های وزن همین نمایش؛ توکنایزر، cache و تبدیل خارج است.,اندازهٔ دیسک است؛ معادل VRAM یا RAM نیست. | هیچ فایل وزن دانلود یا روی سخت‌افزار اجرا نشده است.
evidence:baai-bge-reranker-v2-m3-card,bge-reranker-v2-m3 — model card,https://huggingface.co/BAAI/bge-reranker-v2-m3/blob/953dc6f6f85a1b2dbfca4c34a2796e7dde08d41e/README.md,"README.md: model description / architecture / intended use; matching lines 33, 34",953dc6f6f85a1b2dbfca4c34a2796e7dde08d41e,2026-09-15,publisher-report,BAAI/bge-reranker-v2-m3؛ شناسنامه و کاربرد اعلام‌شده، بدون تأیید مستقل.,اعداد پارامتر معرفی مدل، گرد‌شده‌اند؛ safetensors.total شمار عناصر ذخیره‌شده است و الزاماً پارامتر یکتا نیست. | کیفیت، زمان پاسخ و حداقل سخت‌افزار از شناسنامه استنتاج نمی‌شود.
evidence:baai-bge-reranker-v2-m3-metadata,bge-reranker-v2-m3 — Hub metadata,https://huggingface.co/api/models/BAAI/bge-reranker-v2-m3?blobs=true,$.sha; $.id; $.pipeline_tag; $.cardData; $.safetensors; $.siblings,953dc6f6f85a1b2dbfca4c34a2796e7dde08d41e,2026-09-15,publisher-report,BAAI/bge-reranker-v2-m3؛ فرادادهٔ مشاهده‌شده در این تاریخ، نه اندازه‌گیری اجرای مدل.,فهرست فایل و شمار tensorها معادل حافظهٔ اجرا یا شمار پارامتر یکتا نیست.
evidence:baai-bge-reranker-v2-m3-parameters,bge-reranker-v2-m3 — parameter specification,https://huggingface.co/BAAI/bge-reranker-v2-m3/blob/953dc6f6f85a1b2dbfca4c34a2796e7dde08d41e/README.md,"README.md: parameter count / named model variant; matching lines 33, 39, 41, 43, 54, 60, 107, 115, 116, 286, 317, 330",953dc6f6f85a1b2dbfca4c34a2796e7dde08d41e,2026-09-15,publisher-report,BAAI/bge-reranker-v2-m3؛ شمار پارامترهای معرفی‌شده و حدود شمارش آن‌ها.,اعداد پارامتر معرفی مدل، گرد‌شده‌اند؛ safetensors.total شمار عناصر ذخیره‌شده است و الزاماً پارامتر یکتا نیست.
evidence:baai-bge-reranker-v2-m3-license,bge-reranker-v2-m3 — license declaration,https://huggingface.co/BAAI/bge-reranker-v2-m3/blob/953dc6f6f85a1b2dbfca4c34a2796e7dde08d41e/README.md,README.md: license / underlying-model terms; Hub $.cardData.license; matching lines 2,953dc6f6f85a1b2dbfca4c34a2796e7dde08d41e,2026-09-15,publisher-report,BAAI/bge-reranker-v2-m3؛ نام و شرایط مجوز اعلام‌شدهٔ ناشر؛ بدون داوری دربارهٔ اجرای حقوقی در ایران.,
evidence:baai-bge-reranker-v2-m3-config,bge-reranker-v2-m3 — configuration,https://huggingface.co/BAAI/bge-reranker-v2-m3/blob/953dc6f6f85a1b2dbfca4c34a2796e7dde08d41e/config.json,"config.json: architectures, model_type, text_config, max_position_embeddings, quantization_config, torch_dtype/dtype",953dc6f6f85a1b2dbfca4c34a2796e7dde08d41e,2026-09-15,publisher-report,BAAI/bge-reranker-v2-m3؛ پیکربندی checkpoint، نه نتیجهٔ آزمون کیفیت یا سازگاری.,
evidence:baai-bge-reranker-v2-m3-context,bge-reranker-v2-m3 — context declaration,https://huggingface.co/BAAI/bge-reranker-v2-m3/blob/953dc6f6f85a1b2dbfca4c34a2796e7dde08d41e/README.md,"README.md: context length / model specification / usage limits; matching lines 34, 35, 121, 132, 147, 152, 158, 170, 193, 208, 213, 219",953dc6f6f85a1b2dbfca4c34a2796e7dde08d41e,2026-09-15,publisher-report,BAAI/bge-reranker-v2-m3؛ طول زمینهٔ اعلام‌شده، جدا از مقدار پیکربندی و طول آزموده‌شده.,KV cache، توکن تصویر و خروجی تولیدی نیز باید در سناریوی واقعی حساب شوند.
evidence:baai-bge-reranker-v2-m3-weight-files,bge-reranker-v2-m3 — selected weight-file sizes,https://huggingface.co/api/models/BAAI/bge-reranker-v2-m3?blobs=true,$.siblings[ rfilename matches selected manifest filenames ].size; $.sha,953dc6f6f85a1b2dbfca4c34a2796e7dde08d41e,2026-09-15,calculated-from-specifications,BAAI/bge-reranker-v2-m3؛ جمع بایت فایل‌های وزن همین نمایش؛ توکنایزر، cache و تبدیل خارج است.,اندازهٔ دیسک است؛ معادل VRAM یا RAM نیست. | هیچ فایل وزن دانلود یا روی سخت‌افزار اجرا نشده است.
evidence:coherelabs-aya-expanse-32b-card,aya-expanse-32b — model card,https://huggingface.co/CohereLabs/aya-expanse-32b,"README.md: model description / architecture / intended use; matching lines 14, 27, 116, 124, 141",,2026-09-15,publisher-report,CohereLabs/aya-expanse-32b؛ شناسنامه و کاربرد اعلام‌شده، بدون تأیید مستقل.,اعداد پارامتر معرفی مدل، گرد‌شده‌اند؛ safetensors.total شمار عناصر ذخیره‌شده است و الزاماً پارامتر یکتا نیست. | کیفیت، زمان پاسخ و حداقل سخت‌افزار از شناسنامه استنتاج نمی‌شود. | کارت عمومی در تاریخ دسترسی خوانده شده؛ متن کارت به commit وزن‌ها پین نشده است.
evidence:coherelabs-aya-expanse-32b-metadata,aya-expanse-32b — Hub metadata,https://huggingface.co/api/models/CohereLabs/aya-expanse-32b?blobs=true,$.sha; $.id; $.pipeline_tag; $.cardData; $.safetensors; $.siblings,b306ea27e360683b50c005d7fcbad6a242317910,2026-09-15,publisher-report,CohereLabs/aya-expanse-32b؛ فرادادهٔ مشاهده‌شده در این تاریخ، نه اندازه‌گیری اجرای مدل.,فهرست فایل و شمار tensorها معادل حافظهٔ اجرا یا شمار پارامتر یکتا نیست.
evidence:coherelabs-aya-expanse-32b-parameters,aya-expanse-32b — parameter specification,https://huggingface.co/CohereLabs/aya-expanse-32b,"README.md: parameter count / named model variant; matching lines 8, 27, 65",,2026-09-15,publisher-report,CohereLabs/aya-expanse-32b؛ شمار پارامترهای معرفی‌شده و حدود شمارش آن‌ها.,اعداد پارامتر معرفی مدل، گرد‌شده‌اند؛ safetensors.total شمار عناصر ذخیره‌شده است و الزاماً پارامتر یکتا نیست. | کارت عمومی در تاریخ دسترسی خوانده شده؛ متن کارت به commit وزن‌ها پین نشده است.
evidence:coherelabs-aya-expanse-32b-license,aya-expanse-32b — license declaration,https://huggingface.co/CohereLabs/aya-expanse-32b,"README.md: license / underlying-model terms; Hub $.cardData.license; matching lines 1, 23, 162",,2026-09-15,publisher-report,CohereLabs/aya-expanse-32b؛ نام و شرایط مجوز اعلام‌شدهٔ ناشر؛ بدون داوری دربارهٔ اجرای حقوقی در ایران.,
evidence:coherelabs-aya-expanse-32b-context,aya-expanse-32b — context declaration,https://huggingface.co/CohereLabs/aya-expanse-32b,README.md: context length / model specification / usage limits; matching lines 128,,2026-09-15,publisher-report,CohereLabs/aya-expanse-32b؛ طول زمینهٔ اعلام‌شده، جدا از مقدار پیکربندی و طول آزموده‌شده.,KV cache، توکن تصویر و خروجی تولیدی نیز باید در سناریوی واقعی حساب شوند.
evidence:coherelabs-aya-expanse-32b-weight-files,aya-expanse-32b — selected weight-file sizes,https://huggingface.co/api/models/CohereLabs/aya-expanse-32b?blobs=true,$.siblings[ rfilename matches selected manifest filenames ].size; $.sha,b306ea27e360683b50c005d7fcbad6a242317910,2026-09-15,calculated-from-specifications,CohereLabs/aya-expanse-32b؛ جمع بایت فایل‌های وزن همین نمایش؛ توکنایزر، cache و تبدیل خارج است.,اندازهٔ دیسک است؛ معادل VRAM یا RAM نیست. | هیچ فایل وزن دانلود یا روی سخت‌افزار اجرا نشده است.
evidence:coherelabs-aya-expanse-8b-card,aya-expanse-8b — model card,https://huggingface.co/CohereLabs/aya-expanse-8b,"README.md: model description / architecture / intended use; matching lines 14, 27, 116, 124, 143",,2026-09-15,publisher-report,CohereLabs/aya-expanse-8b؛ شناسنامه و کاربرد اعلام‌شده، بدون تأیید مستقل.,اعداد پارامتر معرفی مدل، گرد‌شده‌اند؛ safetensors.total شمار عناصر ذخیره‌شده است و الزاماً پارامتر یکتا نیست. | کیفیت، زمان پاسخ و حداقل سخت‌افزار از شناسنامه استنتاج نمی‌شود. | کارت عمومی در تاریخ دسترسی خوانده شده؛ متن کارت به commit وزن‌ها پین نشده است.
evidence:coherelabs-aya-expanse-8b-metadata,aya-expanse-8b — Hub metadata,https://huggingface.co/api/models/CohereLabs/aya-expanse-8b?blobs=true,$.sha; $.id; $.pipeline_tag; $.cardData; $.safetensors; $.siblings,5062468bf9bc0c6035fd64e06274333ec127d980,2026-09-15,publisher-report,CohereLabs/aya-expanse-8b؛ فرادادهٔ مشاهده‌شده در این تاریخ، نه اندازه‌گیری اجرای مدل.,فهرست فایل و شمار tensorها معادل حافظهٔ اجرا یا شمار پارامتر یکتا نیست.
evidence:coherelabs-aya-expanse-8b-parameters,aya-expanse-8b — parameter specification,https://huggingface.co/CohereLabs/aya-expanse-8b,"README.md: parameter count / named model variant; matching lines 27, 65",,2026-09-15,publisher-report,CohereLabs/aya-expanse-8b؛ شمار پارامترهای معرفی‌شده و حدود شمارش آن‌ها.,اعداد پارامتر معرفی مدل، گرد‌شده‌اند؛ safetensors.total شمار عناصر ذخیره‌شده است و الزاماً پارامتر یکتا نیست. | کارت عمومی در تاریخ دسترسی خوانده شده؛ متن کارت به commit وزن‌ها پین نشده است.
evidence:coherelabs-aya-expanse-8b-license,aya-expanse-8b — license declaration,https://huggingface.co/CohereLabs/aya-expanse-8b,"README.md: license / underlying-model terms; Hub $.cardData.license; matching lines 1, 23, 167",,2026-09-15,publisher-report,CohereLabs/aya-expanse-8b؛ نام و شرایط مجوز اعلام‌شدهٔ ناشر؛ بدون داوری دربارهٔ اجرای حقوقی در ایران.,
evidence:coherelabs-aya-expanse-8b-context,aya-expanse-8b — context declaration,https://huggingface.co/CohereLabs/aya-expanse-8b,README.md: context length / model specification / usage limits; matching lines 128,,2026-09-15,publisher-report,CohereLabs/aya-expanse-8b؛ طول زمینهٔ اعلام‌شده، جدا از مقدار پیکربندی و طول آزموده‌شده.,KV cache، توکن تصویر و خروجی تولیدی نیز باید در سناریوی واقعی حساب شوند.
evidence:coherelabs-aya-expanse-8b-weight-files,aya-expanse-8b — selected weight-file sizes,https://huggingface.co/api/models/CohereLabs/aya-expanse-8b?blobs=true,$.siblings[ rfilename matches selected manifest filenames ].size; $.sha,5062468bf9bc0c6035fd64e06274333ec127d980,2026-09-15,calculated-from-specifications,CohereLabs/aya-expanse-8b؛ جمع بایت فایل‌های وزن همین نمایش؛ توکنایزر، cache و تبدیل خارج است.,اندازهٔ دیسک است؛ معادل VRAM یا RAM نیست. | هیچ فایل وزن دانلود یا روی سخت‌افزار اجرا نشده است.
evidence:coherelabs-tiny-aya-global-card,tiny-aya-global — model card,https://huggingface.co/CohereLabs/tiny-aya-global,"README.md: model description / architecture / intended use; matching lines 21, 36, 90, 111, 119",,2026-09-15,publisher-report,CohereLabs/tiny-aya-global؛ شناسنامه و کاربرد اعلام‌شده، بدون تأیید مستقل.,اعداد پارامتر معرفی مدل، گرد‌شده‌اند؛ safetensors.total شمار عناصر ذخیره‌شده است و الزاماً پارامتر یکتا نیست. | کیفیت، زمان پاسخ و حداقل سخت‌افزار از شناسنامه استنتاج نمی‌شود. | کارت عمومی در تاریخ دسترسی خوانده شده؛ متن کارت به commit وزن‌ها پین نشده است.
evidence:coherelabs-tiny-aya-global-metadata,tiny-aya-global — Hub metadata,https://huggingface.co/api/models/CohereLabs/tiny-aya-global?blobs=true,$.sha; $.id; $.pipeline_tag; $.cardData; $.safetensors; $.siblings,00590ff258ccd84a805f13efcd1c34c2a542654f,2026-09-15,publisher-report,CohereLabs/tiny-aya-global؛ فرادادهٔ مشاهده‌شده در این تاریخ، نه اندازه‌گیری اجرای مدل.,فهرست فایل و شمار tensorها معادل حافظهٔ اجرا یا شمار پارامتر یکتا نیست.
evidence:coherelabs-tiny-aya-global-parameters,tiny-aya-global — parameter specification,https://huggingface.co/CohereLabs/tiny-aya-global,"README.md: parameter count / named model variant; matching lines 8, 25, 36, 51, 80, 201",,2026-09-15,publisher-report,CohereLabs/tiny-aya-global؛ شمار پارامترهای معرفی‌شده و حدود شمارش آن‌ها.,اعداد پارامتر معرفی مدل، گرد‌شده‌اند؛ safetensors.total شمار عناصر ذخیره‌شده است و الزاماً پارامتر یکتا نیست. | کارت عمومی در تاریخ دسترسی خوانده شده؛ متن کارت به commit وزن‌ها پین نشده است.
evidence:coherelabs-tiny-aya-global-license,tiny-aya-global — license declaration,https://huggingface.co/CohereLabs/tiny-aya-global,"README.md: license / underlying-model terms; Hub $.cardData.license; matching lines 1, 32, 197, 201",,2026-09-15,publisher-report,CohereLabs/tiny-aya-global؛ نام و شرایط مجوز اعلام‌شدهٔ ناشر؛ بدون داوری دربارهٔ اجرای حقوقی در ایران.,
evidence:coherelabs-tiny-aya-global-context,tiny-aya-global — context declaration,https://huggingface.co/CohereLabs/tiny-aya-global,"README.md: context length / model specification / usage limits; matching lines 38, 119, 123",,2026-09-15,publisher-report,CohereLabs/tiny-aya-global؛ طول زمینهٔ اعلام‌شده، جدا از مقدار پیکربندی و طول آزموده‌شده.,KV cache، توکن تصویر و خروجی تولیدی نیز باید در سناریوی واقعی حساب شوند.
evidence:coherelabs-tiny-aya-global-weight-files,tiny-aya-global — selected weight-file sizes,https://huggingface.co/api/models/CohereLabs/tiny-aya-global?blobs=true,$.siblings[ rfilename matches selected manifest filenames ].size; $.sha,00590ff258ccd84a805f13efcd1c34c2a542654f,2026-09-15,calculated-from-specifications,CohereLabs/tiny-aya-global؛ جمع بایت فایل‌های وزن همین نمایش؛ توکنایزر، cache و تبدیل خارج است.,اندازهٔ دیسک است؛ معادل VRAM یا RAM نیست. | هیچ فایل وزن دانلود یا روی سخت‌افزار اجرا نشده است.
evidence:huggingfacetb-smollm2-1-7b-instruct-card,SmolLM2-1.7B-Instruct — model card,https://huggingface.co/HuggingFaceTB/SmolLM2-1.7B-Instruct/blob/31b70e2e869a7173562077fd711b654946d38674/README.md,"README.md: model description / architecture / intended use; matching lines 22, 30, 308",31b70e2e869a7173562077fd711b654946d38674,2026-09-15,publisher-report,HuggingFaceTB/SmolLM2-1.7B-Instruct؛ شناسنامه و کاربرد اعلام‌شده، بدون تأیید مستقل.,اعداد پارامتر معرفی مدل، گرد‌شده‌اند؛ safetensors.total شمار عناصر ذخیره‌شده است و الزاماً پارامتر یکتا نیست. | کیفیت، زمان پاسخ و حداقل سخت‌افزار از شناسنامه استنتاج نمی‌شود.
evidence:huggingfacetb-smollm2-1-7b-instruct-metadata,SmolLM2-1.7B-Instruct — Hub metadata,https://huggingface.co/api/models/HuggingFaceTB/SmolLM2-1.7B-Instruct?blobs=true,$.sha; $.id; $.pipeline_tag; $.cardData; $.safetensors; $.siblings,31b70e2e869a7173562077fd711b654946d38674,2026-09-15,publisher-report,HuggingFaceTB/SmolLM2-1.7B-Instruct؛ فرادادهٔ مشاهده‌شده در این تاریخ، نه اندازه‌گیری اجرای مدل.,فهرست فایل و شمار tensorها معادل حافظهٔ اجرا یا شمار پارامتر یکتا نیست.
evidence:huggingfacetb-smollm2-1-7b-instruct-parameters,SmolLM2-1.7B-Instruct — parameter specification,https://huggingface.co/HuggingFaceTB/SmolLM2-1.7B-Instruct/blob/31b70e2e869a7173562077fd711b654946d38674/README.md,"README.md: parameter count / named model variant; matching lines 32, 50, 69, 84, 119, 163, 179, 185, 234, 298",31b70e2e869a7173562077fd711b654946d38674,2026-09-15,publisher-report,HuggingFaceTB/SmolLM2-1.7B-Instruct؛ شمار پارامترهای معرفی‌شده و حدود شمارش آن‌ها.,اعداد پارامتر معرفی مدل، گرد‌شده‌اند؛ safetensors.total شمار عناصر ذخیره‌شده است و الزاماً پارامتر یکتا نیست.
evidence:huggingfacetb-smollm2-1-7b-instruct-license,SmolLM2-1.7B-Instruct — license declaration,https://huggingface.co/HuggingFaceTB/SmolLM2-1.7B-Instruct/blob/31b70e2e869a7173562077fd711b654946d38674/README.md,"README.md: license / underlying-model terms; Hub $.cardData.license; matching lines 3, 27, 321, 323",31b70e2e869a7173562077fd711b654946d38674,2026-09-15,publisher-report,HuggingFaceTB/SmolLM2-1.7B-Instruct؛ نام و شرایط مجوز اعلام‌شدهٔ ناشر؛ بدون داوری دربارهٔ اجرای حقوقی در ایران.,
evidence:huggingfacetb-smollm2-1-7b-instruct-config,SmolLM2-1.7B-Instruct — configuration,https://huggingface.co/HuggingFaceTB/SmolLM2-1.7B-Instruct/blob/31b70e2e869a7173562077fd711b654946d38674/config.json,"config.json: architectures, model_type, text_config, max_position_embeddings, quantization_config, torch_dtype/dtype",31b70e2e869a7173562077fd711b654946d38674,2026-09-15,publisher-report,HuggingFaceTB/SmolLM2-1.7B-Instruct؛ پیکربندی checkpoint، نه نتیجهٔ آزمون کیفیت یا سازگاری.,
evidence:huggingfacetb-smollm2-1-7b-instruct-weight-files,SmolLM2-1.7B-Instruct — selected weight-file sizes,https://huggingface.co/api/models/HuggingFaceTB/SmolLM2-1.7B-Instruct?blobs=true,$.siblings[ rfilename matches selected manifest filenames ].size; $.sha,31b70e2e869a7173562077fd711b654946d38674,2026-09-15,calculated-from-specifications,HuggingFaceTB/SmolLM2-1.7B-Instruct؛ جمع بایت فایل‌های وزن همین نمایش؛ توکنایزر، cache و تبدیل خارج است.,اندازهٔ دیسک است؛ معادل VRAM یا RAM نیست. | هیچ فایل وزن دانلود یا روی سخت‌افزار اجرا نشده است.
evidence:huggingfacetb-smollm2-135m-instruct-card,SmolLM2-135M-Instruct — model card,https://huggingface.co/HuggingFaceTB/SmolLM2-135M-Instruct/blob/12fd25f77366fa6b3b4b768ec3050bf629380bac/README.md,"README.md: model description / architecture / intended use; matching lines 22, 28, 138",12fd25f77366fa6b3b4b768ec3050bf629380bac,2026-09-15,publisher-report,HuggingFaceTB/SmolLM2-135M-Instruct؛ شناسنامه و کاربرد اعلام‌شده، بدون تأیید مستقل.,اعداد پارامتر معرفی مدل، گرد‌شده‌اند؛ safetensors.total شمار عناصر ذخیره‌شده است و الزاماً پارامتر یکتا نیست. | کیفیت، زمان پاسخ و حداقل سخت‌افزار از شناسنامه استنتاج نمی‌شود.
evidence:huggingfacetb-smollm2-135m-instruct-metadata,SmolLM2-135M-Instruct — Hub metadata,https://huggingface.co/api/models/HuggingFaceTB/SmolLM2-135M-Instruct?blobs=true,$.sha; $.id; $.pipeline_tag; $.cardData; $.safetensors; $.siblings,12fd25f77366fa6b3b4b768ec3050bf629380bac,2026-09-15,publisher-report,HuggingFaceTB/SmolLM2-135M-Instruct؛ فرادادهٔ مشاهده‌شده در این تاریخ، نه اندازه‌گیری اجرای مدل.,فهرست فایل و شمار tensorها معادل حافظهٔ اجرا یا شمار پارامتر یکتا نیست.
evidence:huggingfacetb-smollm2-135m-instruct-parameters,SmolLM2-135M-Instruct — parameter specification,https://huggingface.co/HuggingFaceTB/SmolLM2-135M-Instruct/blob/12fd25f77366fa6b3b4b768ec3050bf629380bac/README.md,"README.md: parameter count / named model variant; matching lines 30, 46, 65, 80, 117",12fd25f77366fa6b3b4b768ec3050bf629380bac,2026-09-15,publisher-report,HuggingFaceTB/SmolLM2-135M-Instruct؛ شمار پارامترهای معرفی‌شده و حدود شمارش آن‌ها.,اعداد پارامتر معرفی مدل، گرد‌شده‌اند؛ safetensors.total شمار عناصر ذخیره‌شده است و الزاماً پارامتر یکتا نیست.
evidence:huggingfacetb-smollm2-135m-instruct-license,SmolLM2-135M-Instruct — license declaration,https://huggingface.co/HuggingFaceTB/SmolLM2-135M-Instruct/blob/12fd25f77366fa6b3b4b768ec3050bf629380bac/README.md,"README.md: license / underlying-model terms; Hub $.cardData.license; matching lines 3, 25, 150, 152",12fd25f77366fa6b3b4b768ec3050bf629380bac,2026-09-15,publisher-report,HuggingFaceTB/SmolLM2-135M-Instruct؛ نام و شرایط مجوز اعلام‌شدهٔ ناشر؛ بدون داوری دربارهٔ اجرای حقوقی در ایران.,
evidence:huggingfacetb-smollm2-135m-instruct-config,SmolLM2-135M-Instruct — configuration,https://huggingface.co/HuggingFaceTB/SmolLM2-135M-Instruct/blob/12fd25f77366fa6b3b4b768ec3050bf629380bac/config.json,"config.json: architectures, model_type, text_config, max_position_embeddings, quantization_config, torch_dtype/dtype",12fd25f77366fa6b3b4b768ec3050bf629380bac,2026-09-15,publisher-report,HuggingFaceTB/SmolLM2-135M-Instruct؛ پیکربندی checkpoint، نه نتیجهٔ آزمون کیفیت یا سازگاری.,
evidence:huggingfacetb-smollm2-135m-instruct-weight-files,SmolLM2-135M-Instruct — selected weight-file sizes,https://huggingface.co/api/models/HuggingFaceTB/SmolLM2-135M-Instruct?blobs=true,$.siblings[ rfilename matches selected manifest filenames ].size; $.sha,12fd25f77366fa6b3b4b768ec3050bf629380bac,2026-09-15,calculated-from-specifications,HuggingFaceTB/SmolLM2-135M-Instruct؛ جمع بایت فایل‌های وزن همین نمایش؛ توکنایزر، cache و تبدیل خارج است.,اندازهٔ دیسک است؛ معادل VRAM یا RAM نیست. | هیچ فایل وزن دانلود یا روی سخت‌افزار اجرا نشده است.
evidence:huggingfacetb-smollm2-360m-instruct-card,SmolLM2-360M-Instruct — model card,https://huggingface.co/HuggingFaceTB/SmolLM2-360M-Instruct/blob/a10cc1512eabd3dde888204e902eca88bddb4951/README.md,"README.md: model description / architecture / intended use; matching lines 22, 28, 140",a10cc1512eabd3dde888204e902eca88bddb4951,2026-09-15,publisher-report,HuggingFaceTB/SmolLM2-360M-Instruct؛ شناسنامه و کاربرد اعلام‌شده، بدون تأیید مستقل.,اعداد پارامتر معرفی مدل، گرد‌شده‌اند؛ safetensors.total شمار عناصر ذخیره‌شده است و الزاماً پارامتر یکتا نیست. | کیفیت، زمان پاسخ و حداقل سخت‌افزار از شناسنامه استنتاج نمی‌شود.
evidence:huggingfacetb-smollm2-360m-instruct-metadata,SmolLM2-360M-Instruct — Hub metadata,https://huggingface.co/api/models/HuggingFaceTB/SmolLM2-360M-Instruct?blobs=true,$.sha; $.id; $.pipeline_tag; $.cardData; $.safetensors; $.siblings,a10cc1512eabd3dde888204e902eca88bddb4951,2026-09-15,publisher-report,HuggingFaceTB/SmolLM2-360M-Instruct؛ فرادادهٔ مشاهده‌شده در این تاریخ، نه اندازه‌گیری اجرای مدل.,فهرست فایل و شمار tensorها معادل حافظهٔ اجرا یا شمار پارامتر یکتا نیست.
evidence:huggingfacetb-smollm2-360m-instruct-parameters,SmolLM2-360M-Instruct — parameter specification,https://huggingface.co/HuggingFaceTB/SmolLM2-360M-Instruct/blob/a10cc1512eabd3dde888204e902eca88bddb4951/README.md,"README.md: parameter count / named model variant; matching lines 30, 49, 68, 120",a10cc1512eabd3dde888204e902eca88bddb4951,2026-09-15,publisher-report,HuggingFaceTB/SmolLM2-360M-Instruct؛ شمار پارامترهای معرفی‌شده و حدود شمارش آن‌ها.,اعداد پارامتر معرفی مدل، گرد‌شده‌اند؛ safetensors.total شمار عناصر ذخیره‌شده است و الزاماً پارامتر یکتا نیست.
evidence:huggingfacetb-smollm2-360m-instruct-license,SmolLM2-360M-Instruct — license declaration,https://huggingface.co/HuggingFaceTB/SmolLM2-360M-Instruct/blob/a10cc1512eabd3dde888204e902eca88bddb4951/README.md,"README.md: license / underlying-model terms; Hub $.cardData.license; matching lines 3, 25, 152, 154",a10cc1512eabd3dde888204e902eca88bddb4951,2026-09-15,publisher-report,HuggingFaceTB/SmolLM2-360M-Instruct؛ نام و شرایط مجوز اعلام‌شدهٔ ناشر؛ بدون داوری دربارهٔ اجرای حقوقی در ایران.,
evidence:huggingfacetb-smollm2-360m-instruct-config,SmolLM2-360M-Instruct — configuration,https://huggingface.co/HuggingFaceTB/SmolLM2-360M-Instruct/blob/a10cc1512eabd3dde888204e902eca88bddb4951/config.json,"config.json: architectures, model_type, text_config, max_position_embeddings, quantization_config, torch_dtype/dtype",a10cc1512eabd3dde888204e902eca88bddb4951,2026-09-15,publisher-report,HuggingFaceTB/SmolLM2-360M-Instruct؛ پیکربندی checkpoint، نه نتیجهٔ آزمون کیفیت یا سازگاری.,
evidence:huggingfacetb-smollm2-360m-instruct-weight-files,SmolLM2-360M-Instruct — selected weight-file sizes,https://huggingface.co/api/models/HuggingFaceTB/SmolLM2-360M-Instruct?blobs=true,$.siblings[ rfilename matches selected manifest filenames ].size; $.sha,a10cc1512eabd3dde888204e902eca88bddb4951,2026-09-15,calculated-from-specifications,HuggingFaceTB/SmolLM2-360M-Instruct؛ جمع بایت فایل‌های وزن همین نمایش؛ توکنایزر، cache و تبدیل خارج است.,اندازهٔ دیسک است؛ معادل VRAM یا RAM نیست. | هیچ فایل وزن دانلود یا روی سخت‌افزار اجرا نشده است.
evidence:huggingfacetb-smollm3-3b-card,SmolLM3-3B — model card,https://huggingface.co/HuggingFaceTB/SmolLM3-3B/blob/a07cc9a04f16550a088caea529712d1d335b0ac1/README.md,"README.md: model description / architecture / intended use; matching lines 26, 33, 345",a07cc9a04f16550a088caea529712d1d335b0ac1,2026-09-15,publisher-report,HuggingFaceTB/SmolLM3-3B؛ شناسنامه و کاربرد اعلام‌شده، بدون تأیید مستقل.,اعداد پارامتر معرفی مدل، گرد‌شده‌اند؛ safetensors.total شمار عناصر ذخیره‌شده است و الزاماً پارامتر یکتا نیست. | کیفیت، زمان پاسخ و حداقل سخت‌افزار از شناسنامه استنتاج نمی‌شود.
evidence:huggingfacetb-smollm3-3b-metadata,SmolLM3-3B — Hub metadata,https://huggingface.co/api/models/HuggingFaceTB/SmolLM3-3B?blobs=true,$.sha; $.id; $.pipeline_tag; $.cardData; $.safetensors; $.siblings,a07cc9a04f16550a088caea529712d1d335b0ac1,2026-09-15,publisher-report,HuggingFaceTB/SmolLM3-3B؛ فرادادهٔ مشاهده‌شده در این تاریخ، نه اندازه‌گیری اجرای مدل.,فهرست فایل و شمار tensorها معادل حافظهٔ اجرا یا شمار پارامتر یکتا نیست.
evidence:huggingfacetb-smollm3-3b-parameters,SmolLM3-3B — parameter specification,https://huggingface.co/HuggingFaceTB/SmolLM3-3B/blob/a07cc9a04f16550a088caea529712d1d335b0ac1/README.md,"README.md: parameter count / named model variant; matching lines 14, 35, 59, 90, 151, 160, 210, 216, 221, 225, 246, 261",a07cc9a04f16550a088caea529712d1d335b0ac1,2026-09-15,publisher-report,HuggingFaceTB/SmolLM3-3B؛ شمار پارامترهای معرفی‌شده و حدود شمارش آن‌ها.,اعداد پارامتر معرفی مدل، گرد‌شده‌اند؛ safetensors.total شمار عناصر ذخیره‌شده است و الزاماً پارامتر یکتا نیست.
evidence:huggingfacetb-smollm3-3b-license,SmolLM3-3B — license declaration,https://huggingface.co/HuggingFaceTB/SmolLM3-3B/blob/a07cc9a04f16550a088caea529712d1d335b0ac1/README.md,"README.md: license / underlying-model terms; Hub $.cardData.license; matching lines 3, 31, 381, 382",a07cc9a04f16550a088caea529712d1d335b0ac1,2026-09-15,publisher-report,HuggingFaceTB/SmolLM3-3B؛ نام و شرایط مجوز اعلام‌شدهٔ ناشر؛ بدون داوری دربارهٔ اجرای حقوقی در ایران.,
evidence:huggingfacetb-smollm3-3b-config,SmolLM3-3B — configuration,https://huggingface.co/HuggingFaceTB/SmolLM3-3B/blob/a07cc9a04f16550a088caea529712d1d335b0ac1/config.json,"config.json: architectures, model_type, text_config, max_position_embeddings, quantization_config, torch_dtype/dtype",a07cc9a04f16550a088caea529712d1d335b0ac1,2026-09-15,publisher-report,HuggingFaceTB/SmolLM3-3B؛ پیکربندی checkpoint، نه نتیجهٔ آزمون کیفیت یا سازگاری.,
evidence:huggingfacetb-smollm3-3b-weight-files,SmolLM3-3B — selected weight-file sizes,https://huggingface.co/api/models/HuggingFaceTB/SmolLM3-3B?blobs=true,$.siblings[ rfilename matches selected manifest filenames ].size; $.sha,a07cc9a04f16550a088caea529712d1d335b0ac1,2026-09-15,calculated-from-specifications,HuggingFaceTB/SmolLM3-3B؛ جمع بایت فایل‌های وزن همین نمایش؛ توکنایزر، cache و تبدیل خارج است.,اندازهٔ دیسک است؛ معادل VRAM یا RAM نیست. | هیچ فایل وزن دانلود یا روی سخت‌افزار اجرا نشده است.
evidence:qwen-qwen3-0-6b-card,Qwen3-0.6B — model card,https://huggingface.co/Qwen/Qwen3-0.6B/blob/c1899de289a04d12100db370d81485cdf75e47ca/README.md,"README.md: model description / architecture / intended use; matching lines 15, 17, 20, 22, 23, 25, 118, 218",c1899de289a04d12100db370d81485cdf75e47ca,2026-09-15,publisher-report,Qwen/Qwen3-0.6B؛ شناسنامه و کاربرد اعلام‌شده، بدون تأیید مستقل.,اعداد پارامتر معرفی مدل، گرد‌شده‌اند؛ safetensors.total شمار عناصر ذخیره‌شده است و الزاماً پارامتر یکتا نیست. | کیفیت، زمان پاسخ و حداقل سخت‌افزار از شناسنامه استنتاج نمی‌شود.
evidence:qwen-qwen3-0-6b-metadata,Qwen3-0.6B — Hub metadata,https://huggingface.co/api/models/Qwen/Qwen3-0.6B?blobs=true,$.sha; $.id; $.pipeline_tag; $.cardData; $.safetensors; $.siblings,c1899de289a04d12100db370d81485cdf75e47ca,2026-09-15,publisher-report,Qwen/Qwen3-0.6B؛ فرادادهٔ مشاهده‌شده در این تاریخ، نه اندازه‌گیری اجرای مدل.,فهرست فایل و شمار tensorها معادل حافظهٔ اجرا یا شمار پارامتر یکتا نیست.
evidence:qwen-qwen3-0-6b-parameters,Qwen3-0.6B — parameter specification,https://huggingface.co/Qwen/Qwen3-0.6B/blob/c1899de289a04d12100db370d81485cdf75e47ca/README.md,"README.md: parameter count / named model variant; matching lines 4, 7, 10, 27, 30, 39, 54, 101, 105, 163, 226, 236",c1899de289a04d12100db370d81485cdf75e47ca,2026-09-15,publisher-report,Qwen/Qwen3-0.6B؛ شمار پارامترهای معرفی‌شده و حدود شمارش آن‌ها.,اعداد پارامتر معرفی مدل، گرد‌شده‌اند؛ safetensors.total شمار عناصر ذخیره‌شده است و الزاماً پارامتر یکتا نیست.
evidence:qwen-qwen3-0-6b-license,Qwen3-0.6B — license declaration,https://huggingface.co/Qwen/Qwen3-0.6B/blob/c1899de289a04d12100db370d81485cdf75e47ca/README.md,"README.md: license / underlying-model terms; Hub $.cardData.license; matching lines 3, 4",c1899de289a04d12100db370d81485cdf75e47ca,2026-09-15,publisher-report,Qwen/Qwen3-0.6B؛ نام و شرایط مجوز اعلام‌شدهٔ ناشر؛ بدون داوری دربارهٔ اجرای حقوقی در ایران.,
evidence:qwen-qwen3-0-6b-config,Qwen3-0.6B — configuration,https://huggingface.co/Qwen/Qwen3-0.6B/blob/c1899de289a04d12100db370d81485cdf75e47ca/config.json,"config.json: architectures, model_type, text_config, max_position_embeddings, quantization_config, torch_dtype/dtype",c1899de289a04d12100db370d81485cdf75e47ca,2026-09-15,publisher-report,Qwen/Qwen3-0.6B؛ پیکربندی checkpoint، نه نتیجهٔ آزمون کیفیت یا سازگاری.,
evidence:qwen-qwen3-0-6b-context,Qwen3-0.6B — context declaration,https://huggingface.co/Qwen/Qwen3-0.6B/blob/c1899de289a04d12100db370d81485cdf75e47ca/README.md,README.md: context length / model specification / usage limits; matching lines 34,c1899de289a04d12100db370d81485cdf75e47ca,2026-09-15,publisher-report,Qwen/Qwen3-0.6B؛ طول زمینهٔ اعلام‌شده، جدا از مقدار پیکربندی و طول آزموده‌شده.,KV cache، توکن تصویر و خروجی تولیدی نیز باید در سناریوی واقعی حساب شوند.
evidence:qwen-qwen3-0-6b-weight-files,Qwen3-0.6B — selected weight-file sizes,https://huggingface.co/api/models/Qwen/Qwen3-0.6B?blobs=true,$.siblings[ rfilename matches selected manifest filenames ].size; $.sha,c1899de289a04d12100db370d81485cdf75e47ca,2026-09-15,calculated-from-specifications,Qwen/Qwen3-0.6B؛ جمع بایت فایل‌های وزن همین نمایش؛ توکنایزر، cache و تبدیل خارج است.,اندازهٔ دیسک است؛ معادل VRAM یا RAM نیست. | هیچ فایل وزن دانلود یا روی سخت‌افزار اجرا نشده است.
evidence:qwen-qwen3-1-7b-card,Qwen3-1.7B — model card,https://huggingface.co/Qwen/Qwen3-1.7B/blob/70d244cc86ccca08cf5af4e1e306ecf908b1ad5e/README.md,"README.md: model description / architecture / intended use; matching lines 15, 17, 20, 22, 23, 25, 118, 218",70d244cc86ccca08cf5af4e1e306ecf908b1ad5e,2026-09-15,publisher-report,Qwen/Qwen3-1.7B؛ شناسنامه و کاربرد اعلام‌شده، بدون تأیید مستقل.,اعداد پارامتر معرفی مدل، گرد‌شده‌اند؛ safetensors.total شمار عناصر ذخیره‌شده است و الزاماً پارامتر یکتا نیست. | کیفیت، زمان پاسخ و حداقل سخت‌افزار از شناسنامه استنتاج نمی‌شود.
evidence:qwen-qwen3-1-7b-metadata,Qwen3-1.7B — Hub metadata,https://huggingface.co/api/models/Qwen/Qwen3-1.7B?blobs=true,$.sha; $.id; $.pipeline_tag; $.cardData; $.safetensors; $.siblings,70d244cc86ccca08cf5af4e1e306ecf908b1ad5e,2026-09-15,publisher-report,Qwen/Qwen3-1.7B؛ فرادادهٔ مشاهده‌شده در این تاریخ، نه اندازه‌گیری اجرای مدل.,فهرست فایل و شمار tensorها معادل حافظهٔ اجرا یا شمار پارامتر یکتا نیست.
evidence:qwen-qwen3-1-7b-parameters,Qwen3-1.7B — parameter specification,https://huggingface.co/Qwen/Qwen3-1.7B/blob/70d244cc86ccca08cf5af4e1e306ecf908b1ad5e/README.md,"README.md: parameter count / named model variant; matching lines 4, 7, 10, 27, 30, 39, 54, 101, 105, 163, 226, 236",70d244cc86ccca08cf5af4e1e306ecf908b1ad5e,2026-09-15,publisher-report,Qwen/Qwen3-1.7B؛ شمار پارامترهای معرفی‌شده و حدود شمارش آن‌ها.,اعداد پارامتر معرفی مدل، گرد‌شده‌اند؛ safetensors.total شمار عناصر ذخیره‌شده است و الزاماً پارامتر یکتا نیست.
evidence:qwen-qwen3-1-7b-license,Qwen3-1.7B — license declaration,https://huggingface.co/Qwen/Qwen3-1.7B/blob/70d244cc86ccca08cf5af4e1e306ecf908b1ad5e/README.md,"README.md: license / underlying-model terms; Hub $.cardData.license; matching lines 3, 4",70d244cc86ccca08cf5af4e1e306ecf908b1ad5e,2026-09-15,publisher-report,Qwen/Qwen3-1.7B؛ نام و شرایط مجوز اعلام‌شدهٔ ناشر؛ بدون داوری دربارهٔ اجرای حقوقی در ایران.,
evidence:qwen-qwen3-1-7b-config,Qwen3-1.7B — configuration,https://huggingface.co/Qwen/Qwen3-1.7B/blob/70d244cc86ccca08cf5af4e1e306ecf908b1ad5e/config.json,"config.json: architectures, model_type, text_config, max_position_embeddings, quantization_config, torch_dtype/dtype",70d244cc86ccca08cf5af4e1e306ecf908b1ad5e,2026-09-15,publisher-report,Qwen/Qwen3-1.7B؛ پیکربندی checkpoint، نه نتیجهٔ آزمون کیفیت یا سازگاری.,
evidence:qwen-qwen3-1-7b-context,Qwen3-1.7B — context declaration,https://huggingface.co/Qwen/Qwen3-1.7B/blob/70d244cc86ccca08cf5af4e1e306ecf908b1ad5e/README.md,README.md: context length / model specification / usage limits; matching lines 34,70d244cc86ccca08cf5af4e1e306ecf908b1ad5e,2026-09-15,publisher-report,Qwen/Qwen3-1.7B؛ طول زمینهٔ اعلام‌شده، جدا از مقدار پیکربندی و طول آزموده‌شده.,KV cache، توکن تصویر و خروجی تولیدی نیز باید در سناریوی واقعی حساب شوند.
evidence:qwen-qwen3-1-7b-weight-files,Qwen3-1.7B — selected weight-file sizes,https://huggingface.co/api/models/Qwen/Qwen3-1.7B?blobs=true,$.siblings[ rfilename matches selected manifest filenames ].size; $.sha,70d244cc86ccca08cf5af4e1e306ecf908b1ad5e,2026-09-15,calculated-from-specifications,Qwen/Qwen3-1.7B؛ جمع بایت فایل‌های وزن همین نمایش؛ توکنایزر، cache و تبدیل خارج است.,اندازهٔ دیسک است؛ معادل VRAM یا RAM نیست. | هیچ فایل وزن دانلود یا روی سخت‌افزار اجرا نشده است.
evidence:qwen-qwen3-14b-card,Qwen3-14B — model card,https://huggingface.co/Qwen/Qwen3-14B/blob/40c069824f4251a91eefaf281ebe4c544efd3e18/README.md,"README.md: model description / architecture / intended use; matching lines 15, 17, 20, 22, 23, 25, 115, 215",40c069824f4251a91eefaf281ebe4c544efd3e18,2026-09-15,publisher-report,Qwen/Qwen3-14B؛ شناسنامه و کاربرد اعلام‌شده، بدون تأیید مستقل.,اعداد پارامتر معرفی مدل، گرد‌شده‌اند؛ safetensors.total شمار عناصر ذخیره‌شده است و الزاماً پارامتر یکتا نیست. | کیفیت، زمان پاسخ و حداقل سخت‌افزار از شناسنامه استنتاج نمی‌شود.
evidence:qwen-qwen3-14b-metadata,Qwen3-14B — Hub metadata,https://huggingface.co/api/models/Qwen/Qwen3-14B?blobs=true,$.sha; $.id; $.pipeline_tag; $.cardData; $.safetensors; $.siblings,40c069824f4251a91eefaf281ebe4c544efd3e18,2026-09-15,publisher-report,Qwen/Qwen3-14B؛ فرادادهٔ مشاهده‌شده در این تاریخ، نه اندازه‌گیری اجرای مدل.,فهرست فایل و شمار tensorها معادل حافظهٔ اجرا یا شمار پارامتر یکتا نیست.
evidence:qwen-qwen3-14b-parameters,Qwen3-14B — parameter specification,https://huggingface.co/Qwen/Qwen3-14B/blob/40c069824f4251a91eefaf281ebe4c544efd3e18/README.md,"README.md: parameter count / named model variant; matching lines 4, 7, 10, 27, 30, 51, 98, 102, 160, 223, 233, 326",40c069824f4251a91eefaf281ebe4c544efd3e18,2026-09-15,publisher-report,Qwen/Qwen3-14B؛ شمار پارامترهای معرفی‌شده و حدود شمارش آن‌ها.,اعداد پارامتر معرفی مدل، گرد‌شده‌اند؛ safetensors.total شمار عناصر ذخیره‌شده است و الزاماً پارامتر یکتا نیست.
evidence:qwen-qwen3-14b-license,Qwen3-14B — license declaration,https://huggingface.co/Qwen/Qwen3-14B/blob/40c069824f4251a91eefaf281ebe4c544efd3e18/README.md,"README.md: license / underlying-model terms; Hub $.cardData.license; matching lines 3, 4",40c069824f4251a91eefaf281ebe4c544efd3e18,2026-09-15,publisher-report,Qwen/Qwen3-14B؛ نام و شرایط مجوز اعلام‌شدهٔ ناشر؛ بدون داوری دربارهٔ اجرای حقوقی در ایران.,
evidence:qwen-qwen3-14b-config,Qwen3-14B — configuration,https://huggingface.co/Qwen/Qwen3-14B/blob/40c069824f4251a91eefaf281ebe4c544efd3e18/config.json,"config.json: architectures, model_type, text_config, max_position_embeddings, quantization_config, torch_dtype/dtype",40c069824f4251a91eefaf281ebe4c544efd3e18,2026-09-15,publisher-report,Qwen/Qwen3-14B؛ پیکربندی checkpoint، نه نتیجهٔ آزمون کیفیت یا سازگاری.,
evidence:qwen-qwen3-14b-context,Qwen3-14B — context declaration,https://huggingface.co/Qwen/Qwen3-14B/blob/40c069824f4251a91eefaf281ebe4c544efd3e18/README.md,"README.md: context length / model specification / usage limits; matching lines 34, 269, 313, 314, 317",40c069824f4251a91eefaf281ebe4c544efd3e18,2026-09-15,publisher-report,Qwen/Qwen3-14B؛ طول زمینهٔ اعلام‌شده، جدا از مقدار پیکربندی و طول آزموده‌شده.,KV cache، توکن تصویر و خروجی تولیدی نیز باید در سناریوی واقعی حساب شوند.
evidence:qwen-qwen3-14b-weight-files,Qwen3-14B — selected weight-file sizes,https://huggingface.co/api/models/Qwen/Qwen3-14B?blobs=true,$.siblings[ rfilename matches selected manifest filenames ].size; $.sha,40c069824f4251a91eefaf281ebe4c544efd3e18,2026-09-15,calculated-from-specifications,Qwen/Qwen3-14B؛ جمع بایت فایل‌های وزن همین نمایش؛ توکنایزر، cache و تبدیل خارج است.,اندازهٔ دیسک است؛ معادل VRAM یا RAM نیست. | هیچ فایل وزن دانلود یا روی سخت‌افزار اجرا نشده است.
evidence:qwen-qwen3-30b-a3b-card,Qwen3-30B-A3B — model card,https://huggingface.co/Qwen/Qwen3-30B-A3B/blob/ad44e777bcd18fa416d9da3bd8f70d33ebb85d39/README.md,"README.md: model description / architecture / intended use; matching lines 15, 17, 20, 22, 23, 25, 117, 217",ad44e777bcd18fa416d9da3bd8f70d33ebb85d39,2026-09-15,publisher-report,Qwen/Qwen3-30B-A3B؛ شناسنامه و کاربرد اعلام‌شده، بدون تأیید مستقل.,اعداد پارامتر معرفی مدل، گرد‌شده‌اند؛ safetensors.total شمار عناصر ذخیره‌شده است و الزاماً پارامتر یکتا نیست. | کیفیت، زمان پاسخ و حداقل سخت‌افزار از شناسنامه استنتاج نمی‌شود.
evidence:qwen-qwen3-30b-a3b-metadata,Qwen3-30B-A3B — Hub metadata,https://huggingface.co/api/models/Qwen/Qwen3-30B-A3B?blobs=true,$.sha; $.id; $.pipeline_tag; $.cardData; $.safetensors; $.siblings,ad44e777bcd18fa416d9da3bd8f70d33ebb85d39,2026-09-15,publisher-report,Qwen/Qwen3-30B-A3B؛ فرادادهٔ مشاهده‌شده در این تاریخ، نه اندازه‌گیری اجرای مدل.,فهرست فایل و شمار tensorها معادل حافظهٔ اجرا یا شمار پارامتر یکتا نیست.
evidence:qwen-qwen3-30b-a3b-parameters,Qwen3-30B-A3B — parameter specification,https://huggingface.co/Qwen/Qwen3-30B-A3B/blob/ad44e777bcd18fa416d9da3bd8f70d33ebb85d39/README.md,"README.md: parameter count / named model variant; matching lines 4, 7, 10, 27, 30, 53, 100, 104, 162, 225, 235, 328",ad44e777bcd18fa416d9da3bd8f70d33ebb85d39,2026-09-15,publisher-report,Qwen/Qwen3-30B-A3B؛ شمار پارامترهای معرفی‌شده و حدود شمارش آن‌ها.,اعداد پارامتر معرفی مدل، گرد‌شده‌اند؛ safetensors.total شمار عناصر ذخیره‌شده است و الزاماً پارامتر یکتا نیست.
evidence:qwen-qwen3-30b-a3b-license,Qwen3-30B-A3B — license declaration,https://huggingface.co/Qwen/Qwen3-30B-A3B/blob/ad44e777bcd18fa416d9da3bd8f70d33ebb85d39/README.md,"README.md: license / underlying-model terms; Hub $.cardData.license; matching lines 3, 4",ad44e777bcd18fa416d9da3bd8f70d33ebb85d39,2026-09-15,publisher-report,Qwen/Qwen3-30B-A3B؛ نام و شرایط مجوز اعلام‌شدهٔ ناشر؛ بدون داوری دربارهٔ اجرای حقوقی در ایران.,
evidence:qwen-qwen3-30b-a3b-config,Qwen3-30B-A3B — configuration,https://huggingface.co/Qwen/Qwen3-30B-A3B/blob/ad44e777bcd18fa416d9da3bd8f70d33ebb85d39/config.json,"config.json: architectures, model_type, text_config, max_position_embeddings, quantization_config, torch_dtype/dtype",ad44e777bcd18fa416d9da3bd8f70d33ebb85d39,2026-09-15,publisher-report,Qwen/Qwen3-30B-A3B؛ پیکربندی checkpoint، نه نتیجهٔ آزمون کیفیت یا سازگاری.,
evidence:qwen-qwen3-30b-a3b-context,Qwen3-30B-A3B — context declaration,https://huggingface.co/Qwen/Qwen3-30B-A3B/blob/ad44e777bcd18fa416d9da3bd8f70d33ebb85d39/README.md,"README.md: context length / model specification / usage limits; matching lines 36, 271, 315, 316, 319",ad44e777bcd18fa416d9da3bd8f70d33ebb85d39,2026-09-15,publisher-report,Qwen/Qwen3-30B-A3B؛ طول زمینهٔ اعلام‌شده، جدا از مقدار پیکربندی و طول آزموده‌شده.,KV cache، توکن تصویر و خروجی تولیدی نیز باید در سناریوی واقعی حساب شوند.
evidence:qwen-qwen3-30b-a3b-weight-files,Qwen3-30B-A3B — selected weight-file sizes,https://huggingface.co/api/models/Qwen/Qwen3-30B-A3B?blobs=true,$.siblings[ rfilename matches selected manifest filenames ].size; $.sha,ad44e777bcd18fa416d9da3bd8f70d33ebb85d39,2026-09-15,calculated-from-specifications,Qwen/Qwen3-30B-A3B؛ جمع بایت فایل‌های وزن همین نمایش؛ توکنایزر، cache و تبدیل خارج است.,اندازهٔ دیسک است؛ معادل VRAM یا RAM نیست. | هیچ فایل وزن دانلود یا روی سخت‌افزار اجرا نشده است.
evidence:qwen-qwen3-32b-card,Qwen3-32B — model card,https://huggingface.co/Qwen/Qwen3-32B/blob/9216db5781bf21249d130ec9da846c4624c16137/README.md,"README.md: model description / architecture / intended use; matching lines 13, 15, 18, 20, 21, 23, 113, 213",9216db5781bf21249d130ec9da846c4624c16137,2026-09-15,publisher-report,Qwen/Qwen3-32B؛ شناسنامه و کاربرد اعلام‌شده، بدون تأیید مستقل.,اعداد پارامتر معرفی مدل، گرد‌شده‌اند؛ safetensors.total شمار عناصر ذخیره‌شده است و الزاماً پارامتر یکتا نیست. | کیفیت، زمان پاسخ و حداقل سخت‌افزار از شناسنامه استنتاج نمی‌شود.
evidence:qwen-qwen3-32b-metadata,Qwen3-32B — Hub metadata,https://huggingface.co/api/models/Qwen/Qwen3-32B?blobs=true,$.sha; $.id; $.pipeline_tag; $.cardData; $.safetensors; $.siblings,9216db5781bf21249d130ec9da846c4624c16137,2026-09-15,publisher-report,Qwen/Qwen3-32B؛ فرادادهٔ مشاهده‌شده در این تاریخ، نه اندازه‌گیری اجرای مدل.,فهرست فایل و شمار tensorها معادل حافظهٔ اجرا یا شمار پارامتر یکتا نیست.
evidence:qwen-qwen3-32b-parameters,Qwen3-32B — parameter specification,https://huggingface.co/Qwen/Qwen3-32B/blob/9216db5781bf21249d130ec9da846c4624c16137/README.md,"README.md: parameter count / named model variant; matching lines 4, 8, 25, 28, 49, 96, 100, 158, 221, 231, 324, 327",9216db5781bf21249d130ec9da846c4624c16137,2026-09-15,publisher-report,Qwen/Qwen3-32B؛ شمار پارامترهای معرفی‌شده و حدود شمارش آن‌ها.,اعداد پارامتر معرفی مدل، گرد‌شده‌اند؛ safetensors.total شمار عناصر ذخیره‌شده است و الزاماً پارامتر یکتا نیست.
evidence:qwen-qwen3-32b-license,Qwen3-32B — license declaration,https://huggingface.co/Qwen/Qwen3-32B/blob/9216db5781bf21249d130ec9da846c4624c16137/README.md,"README.md: license / underlying-model terms; Hub $.cardData.license; matching lines 3, 4",9216db5781bf21249d130ec9da846c4624c16137,2026-09-15,publisher-report,Qwen/Qwen3-32B؛ نام و شرایط مجوز اعلام‌شدهٔ ناشر؛ بدون داوری دربارهٔ اجرای حقوقی در ایران.,
evidence:qwen-qwen3-32b-config,Qwen3-32B — configuration,https://huggingface.co/Qwen/Qwen3-32B/blob/9216db5781bf21249d130ec9da846c4624c16137/config.json,"config.json: architectures, model_type, text_config, max_position_embeddings, quantization_config, torch_dtype/dtype",9216db5781bf21249d130ec9da846c4624c16137,2026-09-15,publisher-report,Qwen/Qwen3-32B؛ پیکربندی checkpoint، نه نتیجهٔ آزمون کیفیت یا سازگاری.,
evidence:qwen-qwen3-32b-context,Qwen3-32B — context declaration,https://huggingface.co/Qwen/Qwen3-32B/blob/9216db5781bf21249d130ec9da846c4624c16137/README.md,"README.md: context length / model specification / usage limits; matching lines 32, 267, 311, 312, 315",9216db5781bf21249d130ec9da846c4624c16137,2026-09-15,publisher-report,Qwen/Qwen3-32B؛ طول زمینهٔ اعلام‌شده، جدا از مقدار پیکربندی و طول آزموده‌شده.,KV cache، توکن تصویر و خروجی تولیدی نیز باید در سناریوی واقعی حساب شوند.
evidence:qwen-qwen3-32b-weight-files,Qwen3-32B — selected weight-file sizes,https://huggingface.co/api/models/Qwen/Qwen3-32B?blobs=true,$.siblings[ rfilename matches selected manifest filenames ].size; $.sha,9216db5781bf21249d130ec9da846c4624c16137,2026-09-15,calculated-from-specifications,Qwen/Qwen3-32B؛ جمع بایت فایل‌های وزن همین نمایش؛ توکنایزر، cache و تبدیل خارج است.,اندازهٔ دیسک است؛ معادل VRAM یا RAM نیست. | هیچ فایل وزن دانلود یا روی سخت‌افزار اجرا نشده است.
evidence:qwen-qwen3-4b-card,Qwen3-4B — model card,https://huggingface.co/Qwen/Qwen3-4B/blob/1cfa9a7208912126459214e8b04321603b3df60c/README.md,"README.md: model description / architecture / intended use; matching lines 15, 17, 20, 22, 23, 25, 118, 218",1cfa9a7208912126459214e8b04321603b3df60c,2026-09-15,publisher-report,Qwen/Qwen3-4B؛ شناسنامه و کاربرد اعلام‌شده، بدون تأیید مستقل.,اعداد پارامتر معرفی مدل، گرد‌شده‌اند؛ safetensors.total شمار عناصر ذخیره‌شده است و الزاماً پارامتر یکتا نیست. | کیفیت، زمان پاسخ و حداقل سخت‌افزار از شناسنامه استنتاج نمی‌شود.
evidence:qwen-qwen3-4b-metadata,Qwen3-4B — Hub metadata,https://huggingface.co/api/models/Qwen/Qwen3-4B?blobs=true,$.sha; $.id; $.pipeline_tag; $.cardData; $.safetensors; $.siblings,1cfa9a7208912126459214e8b04321603b3df60c,2026-09-15,publisher-report,Qwen/Qwen3-4B؛ فرادادهٔ مشاهده‌شده در این تاریخ، نه اندازه‌گیری اجرای مدل.,فهرست فایل و شمار tensorها معادل حافظهٔ اجرا یا شمار پارامتر یکتا نیست.
evidence:qwen-qwen3-4b-parameters,Qwen3-4B — parameter specification,https://huggingface.co/Qwen/Qwen3-4B/blob/1cfa9a7208912126459214e8b04321603b3df60c/README.md,"README.md: parameter count / named model variant; matching lines 4, 7, 10, 27, 30, 39, 54, 101, 105, 163, 226, 236",1cfa9a7208912126459214e8b04321603b3df60c,2026-09-15,publisher-report,Qwen/Qwen3-4B؛ شمار پارامترهای معرفی‌شده و حدود شمارش آن‌ها.,اعداد پارامتر معرفی مدل، گرد‌شده‌اند؛ safetensors.total شمار عناصر ذخیره‌شده است و الزاماً پارامتر یکتا نیست.
evidence:qwen-qwen3-4b-license,Qwen3-4B — license declaration,https://huggingface.co/Qwen/Qwen3-4B/blob/1cfa9a7208912126459214e8b04321603b3df60c/README.md,"README.md: license / underlying-model terms; Hub $.cardData.license; matching lines 3, 4",1cfa9a7208912126459214e8b04321603b3df60c,2026-09-15,publisher-report,Qwen/Qwen3-4B؛ نام و شرایط مجوز اعلام‌شدهٔ ناشر؛ بدون داوری دربارهٔ اجرای حقوقی در ایران.,
evidence:qwen-qwen3-4b-config,Qwen3-4B — configuration,https://huggingface.co/Qwen/Qwen3-4B/blob/1cfa9a7208912126459214e8b04321603b3df60c/config.json,"config.json: architectures, model_type, text_config, max_position_embeddings, quantization_config, torch_dtype/dtype",1cfa9a7208912126459214e8b04321603b3df60c,2026-09-15,publisher-report,Qwen/Qwen3-4B؛ پیکربندی checkpoint، نه نتیجهٔ آزمون کیفیت یا سازگاری.,
evidence:qwen-qwen3-4b-context,Qwen3-4B — context declaration,https://huggingface.co/Qwen/Qwen3-4B/blob/1cfa9a7208912126459214e8b04321603b3df60c/README.md,"README.md: context length / model specification / usage limits; matching lines 34, 272, 316, 317, 320",1cfa9a7208912126459214e8b04321603b3df60c,2026-09-15,publisher-report,Qwen/Qwen3-4B؛ طول زمینهٔ اعلام‌شده، جدا از مقدار پیکربندی و طول آزموده‌شده.,KV cache، توکن تصویر و خروجی تولیدی نیز باید در سناریوی واقعی حساب شوند.
evidence:qwen-qwen3-4b-weight-files,Qwen3-4B — selected weight-file sizes,https://huggingface.co/api/models/Qwen/Qwen3-4B?blobs=true,$.siblings[ rfilename matches selected manifest filenames ].size; $.sha,1cfa9a7208912126459214e8b04321603b3df60c,2026-09-15,calculated-from-specifications,Qwen/Qwen3-4B؛ جمع بایت فایل‌های وزن همین نمایش؛ توکنایزر، cache و تبدیل خارج است.,اندازهٔ دیسک است؛ معادل VRAM یا RAM نیست. | هیچ فایل وزن دانلود یا روی سخت‌افزار اجرا نشده است.
evidence:qwen-qwen3-8b-card,Qwen3-8B — model card,https://huggingface.co/Qwen/Qwen3-8B/blob/b968826d9c46dd6066d109eabc6255188de91218/README.md,"README.md: model description / architecture / intended use; matching lines 15, 17, 20, 22, 23, 25, 115, 215",b968826d9c46dd6066d109eabc6255188de91218,2026-09-15,publisher-report,Qwen/Qwen3-8B؛ شناسنامه و کاربرد اعلام‌شده، بدون تأیید مستقل.,اعداد پارامتر معرفی مدل، گرد‌شده‌اند؛ safetensors.total شمار عناصر ذخیره‌شده است و الزاماً پارامتر یکتا نیست. | کیفیت، زمان پاسخ و حداقل سخت‌افزار از شناسنامه استنتاج نمی‌شود.
evidence:qwen-qwen3-8b-metadata,Qwen3-8B — Hub metadata,https://huggingface.co/api/models/Qwen/Qwen3-8B?blobs=true,$.sha; $.id; $.pipeline_tag; $.cardData; $.safetensors; $.siblings,b968826d9c46dd6066d109eabc6255188de91218,2026-09-15,publisher-report,Qwen/Qwen3-8B؛ فرادادهٔ مشاهده‌شده در این تاریخ، نه اندازه‌گیری اجرای مدل.,فهرست فایل و شمار tensorها معادل حافظهٔ اجرا یا شمار پارامتر یکتا نیست.
evidence:qwen-qwen3-8b-parameters,Qwen3-8B — parameter specification,https://huggingface.co/Qwen/Qwen3-8B/blob/b968826d9c46dd6066d109eabc6255188de91218/README.md,"README.md: parameter count / named model variant; matching lines 4, 7, 10, 27, 30, 51, 98, 102, 160, 223, 233, 326",b968826d9c46dd6066d109eabc6255188de91218,2026-09-15,publisher-report,Qwen/Qwen3-8B؛ شمار پارامترهای معرفی‌شده و حدود شمارش آن‌ها.,اعداد پارامتر معرفی مدل، گرد‌شده‌اند؛ safetensors.total شمار عناصر ذخیره‌شده است و الزاماً پارامتر یکتا نیست.
evidence:qwen-qwen3-8b-license,Qwen3-8B — license declaration,https://huggingface.co/Qwen/Qwen3-8B/blob/b968826d9c46dd6066d109eabc6255188de91218/README.md,"README.md: license / underlying-model terms; Hub $.cardData.license; matching lines 3, 4",b968826d9c46dd6066d109eabc6255188de91218,2026-09-15,publisher-report,Qwen/Qwen3-8B؛ نام و شرایط مجوز اعلام‌شدهٔ ناشر؛ بدون داوری دربارهٔ اجرای حقوقی در ایران.,
evidence:qwen-qwen3-8b-config,Qwen3-8B — configuration,https://huggingface.co/Qwen/Qwen3-8B/blob/b968826d9c46dd6066d109eabc6255188de91218/config.json,"config.json: architectures, model_type, text_config, max_position_embeddings, quantization_config, torch_dtype/dtype",b968826d9c46dd6066d109eabc6255188de91218,2026-09-15,publisher-report,Qwen/Qwen3-8B؛ پیکربندی checkpoint، نه نتیجهٔ آزمون کیفیت یا سازگاری.,
evidence:qwen-qwen3-8b-context,Qwen3-8B — context declaration,https://huggingface.co/Qwen/Qwen3-8B/blob/b968826d9c46dd6066d109eabc6255188de91218/README.md,"README.md: context length / model specification / usage limits; matching lines 34, 269, 313, 314, 317",b968826d9c46dd6066d109eabc6255188de91218,2026-09-15,publisher-report,Qwen/Qwen3-8B؛ طول زمینهٔ اعلام‌شده، جدا از مقدار پیکربندی و طول آزموده‌شده.,KV cache، توکن تصویر و خروجی تولیدی نیز باید در سناریوی واقعی حساب شوند.
evidence:qwen-qwen3-8b-weight-files,Qwen3-8B — selected weight-file sizes,https://huggingface.co/api/models/Qwen/Qwen3-8B?blobs=true,$.siblings[ rfilename matches selected manifest filenames ].size; $.sha,b968826d9c46dd6066d109eabc6255188de91218,2026-09-15,calculated-from-specifications,Qwen/Qwen3-8B؛ جمع بایت فایل‌های وزن همین نمایش؛ توکنایزر، cache و تبدیل خارج است.,اندازهٔ دیسک است؛ معادل VRAM یا RAM نیست. | هیچ فایل وزن دانلود یا روی سخت‌افزار اجرا نشده است.
evidence:qwen-qwen3-coder-30b-a3b-instruct-card,Qwen3-Coder-30B-A3B-Instruct — model card,https://huggingface.co/Qwen/Qwen3-Coder-30B-A3B-Instruct/blob/b2cff646eb4bb1d68355c01b18ae02e7cf42d120/README.md,"README.md: model description / architecture / intended use; matching lines 13, 18, 23, 93",b2cff646eb4bb1d68355c01b18ae02e7cf42d120,2026-09-15,publisher-report,Qwen/Qwen3-Coder-30B-A3B-Instruct؛ شناسنامه و کاربرد اعلام‌شده، بدون تأیید مستقل.,اعداد پارامتر معرفی مدل، گرد‌شده‌اند؛ safetensors.total شمار عناصر ذخیره‌شده است و الزاماً پارامتر یکتا نیست. | کیفیت، زمان پاسخ و حداقل سخت‌افزار از شناسنامه استنتاج نمی‌شود.
evidence:qwen-qwen3-coder-30b-a3b-instruct-metadata,Qwen3-Coder-30B-A3B-Instruct — Hub metadata,https://huggingface.co/api/models/Qwen/Qwen3-Coder-30B-A3B-Instruct?blobs=true,$.sha; $.id; $.pipeline_tag; $.cardData; $.safetensors; $.siblings,b2cff646eb4bb1d68355c01b18ae02e7cf42d120,2026-09-15,publisher-report,Qwen/Qwen3-Coder-30B-A3B-Instruct؛ فرادادهٔ مشاهده‌شده در این تاریخ، نه اندازه‌گیری اجرای مدل.,فهرست فایل و شمار tensorها معادل حافظهٔ اجرا یا شمار پارامتر یکتا نیست.
evidence:qwen-qwen3-coder-30b-a3b-instruct-parameters,Qwen3-Coder-30B-A3B-Instruct — parameter specification,https://huggingface.co/Qwen/Qwen3-Coder-30B-A3B-Instruct/blob/b2cff646eb4bb1d68355c01b18ae02e7cf42d120/README.md,"README.md: parameter count / named model variant; matching lines 4, 8, 15, 25, 28, 53, 108, 134, 146",b2cff646eb4bb1d68355c01b18ae02e7cf42d120,2026-09-15,publisher-report,Qwen/Qwen3-Coder-30B-A3B-Instruct؛ شمار پارامترهای معرفی‌شده و حدود شمارش آن‌ها.,اعداد پارامتر معرفی مدل، گرد‌شده‌اند؛ safetensors.total شمار عناصر ذخیره‌شده است و الزاماً پارامتر یکتا نیست.
evidence:qwen-qwen3-coder-30b-a3b-instruct-license,Qwen3-Coder-30B-A3B-Instruct — license declaration,https://huggingface.co/Qwen/Qwen3-Coder-30B-A3B-Instruct/blob/b2cff646eb4bb1d68355c01b18ae02e7cf42d120/README.md,"README.md: license / underlying-model terms; Hub $.cardData.license; matching lines 3, 4",b2cff646eb4bb1d68355c01b18ae02e7cf42d120,2026-09-15,publisher-report,Qwen/Qwen3-Coder-30B-A3B-Instruct؛ نام و شرایط مجوز اعلام‌شدهٔ ناشر؛ بدون داوری دربارهٔ اجرای حقوقی در ایران.,
evidence:qwen-qwen3-coder-30b-a3b-instruct-config,Qwen3-Coder-30B-A3B-Instruct — configuration,https://huggingface.co/Qwen/Qwen3-Coder-30B-A3B-Instruct/blob/b2cff646eb4bb1d68355c01b18ae02e7cf42d120/config.json,"config.json: architectures, model_type, text_config, max_position_embeddings, quantization_config, torch_dtype/dtype",b2cff646eb4bb1d68355c01b18ae02e7cf42d120,2026-09-15,publisher-report,Qwen/Qwen3-Coder-30B-A3B-Instruct؛ پیکربندی checkpoint، نه نتیجهٔ آزمون کیفیت یا سازگاری.,
evidence:qwen-qwen3-coder-30b-a3b-instruct-context,Qwen3-Coder-30B-A3B-Instruct — context declaration,https://huggingface.co/Qwen/Qwen3-Coder-30B-A3B-Instruct/blob/b2cff646eb4bb1d68355c01b18ae02e7cf42d120/README.md,"README.md: context length / model specification / usage limits; matching lines 18, 33, 87",b2cff646eb4bb1d68355c01b18ae02e7cf42d120,2026-09-15,publisher-report,Qwen/Qwen3-Coder-30B-A3B-Instruct؛ طول زمینهٔ اعلام‌شده، جدا از مقدار پیکربندی و طول آزموده‌شده.,KV cache، توکن تصویر و خروجی تولیدی نیز باید در سناریوی واقعی حساب شوند.
evidence:qwen-qwen3-coder-30b-a3b-instruct-weight-files,Qwen3-Coder-30B-A3B-Instruct — selected weight-file sizes,https://huggingface.co/api/models/Qwen/Qwen3-Coder-30B-A3B-Instruct?blobs=true,$.siblings[ rfilename matches selected manifest filenames ].size; $.sha,b2cff646eb4bb1d68355c01b18ae02e7cf42d120,2026-09-15,calculated-from-specifications,Qwen/Qwen3-Coder-30B-A3B-Instruct؛ جمع بایت فایل‌های وزن همین نمایش؛ توکنایزر، cache و تبدیل خارج است.,اندازهٔ دیسک است؛ معادل VRAM یا RAM نیست. | هیچ فایل وزن دانلود یا روی سخت‌افزار اجرا نشده است.
evidence:qwen-qwen3-embedding-0-6b-card,Qwen3-Embedding-0.6B — model card,https://huggingface.co/Qwen/Qwen3-Embedding-0.6B/blob/97b0c614be4d77ee51c0cef4e5f07c00f9eb65b3/README.md,"README.md: model description / architecture / intended use; matching lines 18, 20, 26, 28",97b0c614be4d77ee51c0cef4e5f07c00f9eb65b3,2026-09-15,publisher-report,Qwen/Qwen3-Embedding-0.6B؛ شناسنامه و کاربرد اعلام‌شده، بدون تأیید مستقل.,اعداد پارامتر معرفی مدل، گرد‌شده‌اند؛ safetensors.total شمار عناصر ذخیره‌شده است و الزاماً پارامتر یکتا نیست. | کیفیت، زمان پاسخ و حداقل سخت‌افزار از شناسنامه استنتاج نمی‌شود.
evidence:qwen-qwen3-embedding-0-6b-metadata,Qwen3-Embedding-0.6B — Hub metadata,https://huggingface.co/api/models/Qwen/Qwen3-Embedding-0.6B?blobs=true,$.sha; $.id; $.pipeline_tag; $.cardData; $.safetensors; $.siblings,97b0c614be4d77ee51c0cef4e5f07c00f9eb65b3,2026-09-15,publisher-report,Qwen/Qwen3-Embedding-0.6B؛ فرادادهٔ مشاهده‌شده در این تاریخ، نه اندازه‌گیری اجرای مدل.,فهرست فایل و شمار tensorها معادل حافظهٔ اجرا یا شمار پارامتر یکتا نیست.
evidence:qwen-qwen3-embedding-0-6b-parameters,Qwen3-Embedding-0.6B — parameter specification,https://huggingface.co/Qwen/Qwen3-Embedding-0.6B/blob/97b0c614be4d77ee51c0cef4e5f07c00f9eb65b3/README.md,"README.md: parameter count / named model variant; matching lines 12, 30, 34, 44, 72, 77, 145, 146, 149, 197, 213, 219",97b0c614be4d77ee51c0cef4e5f07c00f9eb65b3,2026-09-15,publisher-report,Qwen/Qwen3-Embedding-0.6B؛ شمار پارامترهای معرفی‌شده و حدود شمارش آن‌ها.,اعداد پارامتر معرفی مدل، گرد‌شده‌اند؛ safetensors.total شمار عناصر ذخیره‌شده است و الزاماً پارامتر یکتا نیست.
evidence:qwen-qwen3-embedding-0-6b-license,Qwen3-Embedding-0.6B — license declaration,https://huggingface.co/Qwen/Qwen3-Embedding-0.6B/blob/97b0c614be4d77ee51c0cef4e5f07c00f9eb65b3/README.md,README.md: license / underlying-model terms; Hub $.cardData.license; matching lines 2,97b0c614be4d77ee51c0cef4e5f07c00f9eb65b3,2026-09-15,publisher-report,Qwen/Qwen3-Embedding-0.6B؛ نام و شرایط مجوز اعلام‌شدهٔ ناشر؛ بدون داوری دربارهٔ اجرای حقوقی در ایران.,
evidence:qwen-qwen3-embedding-0-6b-config,Qwen3-Embedding-0.6B — configuration,https://huggingface.co/Qwen/Qwen3-Embedding-0.6B/blob/97b0c614be4d77ee51c0cef4e5f07c00f9eb65b3/config.json,"config.json: architectures, model_type, text_config, max_position_embeddings, quantization_config, torch_dtype/dtype",97b0c614be4d77ee51c0cef4e5f07c00f9eb65b3,2026-09-15,publisher-report,Qwen/Qwen3-Embedding-0.6B؛ پیکربندی checkpoint، نه نتیجهٔ آزمون کیفیت یا سازگاری.,
evidence:qwen-qwen3-embedding-0-6b-context,Qwen3-Embedding-0.6B — context declaration,https://huggingface.co/Qwen/Qwen3-Embedding-0.6B/blob/97b0c614be4d77ee51c0cef4e5f07c00f9eb65b3/README.md,"README.md: context length / model specification / usage limits; matching lines 35, 42, 44, 45, 46, 47, 48, 49, 54, 151, 158",97b0c614be4d77ee51c0cef4e5f07c00f9eb65b3,2026-09-15,publisher-report,Qwen/Qwen3-Embedding-0.6B؛ طول زمینهٔ اعلام‌شده، جدا از مقدار پیکربندی و طول آزموده‌شده.,KV cache، توکن تصویر و خروجی تولیدی نیز باید در سناریوی واقعی حساب شوند.
evidence:qwen-qwen3-embedding-0-6b-weight-files,Qwen3-Embedding-0.6B — selected weight-file sizes,https://huggingface.co/api/models/Qwen/Qwen3-Embedding-0.6B?blobs=true,$.siblings[ rfilename matches selected manifest filenames ].size; $.sha,97b0c614be4d77ee51c0cef4e5f07c00f9eb65b3,2026-09-15,calculated-from-specifications,Qwen/Qwen3-Embedding-0.6B؛ جمع بایت فایل‌های وزن همین نمایش؛ توکنایزر، cache و تبدیل خارج است.,اندازهٔ دیسک است؛ معادل VRAM یا RAM نیست. | هیچ فایل وزن دانلود یا روی سخت‌افزار اجرا نشده است.
evidence:qwen-qwen3-embedding-4b-card,Qwen3-Embedding-4B — model card,https://huggingface.co/Qwen/Qwen3-Embedding-4B/blob/5cf2132abc99cad020ac570b19d031efec650f2b/README.md,"README.md: model description / architecture / intended use; matching lines 18, 20, 26, 28",5cf2132abc99cad020ac570b19d031efec650f2b,2026-09-15,publisher-report,Qwen/Qwen3-Embedding-4B؛ شناسنامه و کاربرد اعلام‌شده، بدون تأیید مستقل.,اعداد پارامتر معرفی مدل، گرد‌شده‌اند؛ safetensors.total شمار عناصر ذخیره‌شده است و الزاماً پارامتر یکتا نیست. | کیفیت، زمان پاسخ و حداقل سخت‌افزار از شناسنامه استنتاج نمی‌شود.
evidence:qwen-qwen3-embedding-4b-metadata,Qwen3-Embedding-4B — Hub metadata,https://huggingface.co/api/models/Qwen/Qwen3-Embedding-4B?blobs=true,$.sha; $.id; $.pipeline_tag; $.cardData; $.safetensors; $.siblings,5cf2132abc99cad020ac570b19d031efec650f2b,2026-09-15,publisher-report,Qwen/Qwen3-Embedding-4B؛ فرادادهٔ مشاهده‌شده در این تاریخ، نه اندازه‌گیری اجرای مدل.,فهرست فایل و شمار tensorها معادل حافظهٔ اجرا یا شمار پارامتر یکتا نیست.
evidence:qwen-qwen3-embedding-4b-parameters,Qwen3-Embedding-4B — parameter specification,https://huggingface.co/Qwen/Qwen3-Embedding-4B/blob/5cf2132abc99cad020ac570b19d031efec650f2b/README.md,"README.md: parameter count / named model variant; matching lines 12, 30, 45, 72, 77, 144, 145, 148, 196, 212, 218, 246",5cf2132abc99cad020ac570b19d031efec650f2b,2026-09-15,publisher-report,Qwen/Qwen3-Embedding-4B؛ شمار پارامترهای معرفی‌شده و حدود شمارش آن‌ها.,اعداد پارامتر معرفی مدل، گرد‌شده‌اند؛ safetensors.total شمار عناصر ذخیره‌شده است و الزاماً پارامتر یکتا نیست.
evidence:qwen-qwen3-embedding-4b-license,Qwen3-Embedding-4B — license declaration,https://huggingface.co/Qwen/Qwen3-Embedding-4B/blob/5cf2132abc99cad020ac570b19d031efec650f2b/README.md,README.md: license / underlying-model terms; Hub $.cardData.license; matching lines 2,5cf2132abc99cad020ac570b19d031efec650f2b,2026-09-15,publisher-report,Qwen/Qwen3-Embedding-4B؛ نام و شرایط مجوز اعلام‌شدهٔ ناشر؛ بدون داوری دربارهٔ اجرای حقوقی در ایران.,
evidence:qwen-qwen3-embedding-4b-config,Qwen3-Embedding-4B — configuration,https://huggingface.co/Qwen/Qwen3-Embedding-4B/blob/5cf2132abc99cad020ac570b19d031efec650f2b/config.json,"config.json: architectures, model_type, text_config, max_position_embeddings, quantization_config, torch_dtype/dtype",5cf2132abc99cad020ac570b19d031efec650f2b,2026-09-15,publisher-report,Qwen/Qwen3-Embedding-4B؛ پیکربندی checkpoint، نه نتیجهٔ آزمون کیفیت یا سازگاری.,
evidence:qwen-qwen3-embedding-4b-context,Qwen3-Embedding-4B — context declaration,https://huggingface.co/Qwen/Qwen3-Embedding-4B/blob/5cf2132abc99cad020ac570b19d031efec650f2b/README.md,"README.md: context length / model specification / usage limits; matching lines 35, 42, 44, 45, 46, 47, 48, 49, 54, 150, 157",5cf2132abc99cad020ac570b19d031efec650f2b,2026-09-15,publisher-report,Qwen/Qwen3-Embedding-4B؛ طول زمینهٔ اعلام‌شده، جدا از مقدار پیکربندی و طول آزموده‌شده.,KV cache، توکن تصویر و خروجی تولیدی نیز باید در سناریوی واقعی حساب شوند.
evidence:qwen-qwen3-embedding-4b-weight-files,Qwen3-Embedding-4B — selected weight-file sizes,https://huggingface.co/api/models/Qwen/Qwen3-Embedding-4B?blobs=true,$.siblings[ rfilename matches selected manifest filenames ].size; $.sha,5cf2132abc99cad020ac570b19d031efec650f2b,2026-09-15,calculated-from-specifications,Qwen/Qwen3-Embedding-4B؛ جمع بایت فایل‌های وزن همین نمایش؛ توکنایزر، cache و تبدیل خارج است.,اندازهٔ دیسک است؛ معادل VRAM یا RAM نیست. | هیچ فایل وزن دانلود یا روی سخت‌افزار اجرا نشده است.
evidence:qwen-qwen3-embedding-8b-card,Qwen3-Embedding-8B — model card,https://huggingface.co/Qwen/Qwen3-Embedding-8B/blob/1d8ad4ca9b3dd8059ad90a75d4983776a23d44af/README.md,"README.md: model description / architecture / intended use; matching lines 18, 20, 26",1d8ad4ca9b3dd8059ad90a75d4983776a23d44af,2026-09-15,publisher-report,Qwen/Qwen3-Embedding-8B؛ شناسنامه و کاربرد اعلام‌شده، بدون تأیید مستقل.,اعداد پارامتر معرفی مدل، گرد‌شده‌اند؛ safetensors.total شمار عناصر ذخیره‌شده است و الزاماً پارامتر یکتا نیست. | کیفیت، زمان پاسخ و حداقل سخت‌افزار از شناسنامه استنتاج نمی‌شود.
evidence:qwen-qwen3-embedding-8b-metadata,Qwen3-Embedding-8B — Hub metadata,https://huggingface.co/api/models/Qwen/Qwen3-Embedding-8B?blobs=true,$.sha; $.id; $.pipeline_tag; $.cardData; $.safetensors; $.siblings,1d8ad4ca9b3dd8059ad90a75d4983776a23d44af,2026-09-15,publisher-report,Qwen/Qwen3-Embedding-8B؛ فرادادهٔ مشاهده‌شده در این تاریخ، نه اندازه‌گیری اجرای مدل.,فهرست فایل و شمار tensorها معادل حافظهٔ اجرا یا شمار پارامتر یکتا نیست.
evidence:qwen-qwen3-embedding-8b-parameters,Qwen3-Embedding-8B — parameter specification,https://huggingface.co/Qwen/Qwen3-Embedding-8B/blob/1d8ad4ca9b3dd8059ad90a75d4983776a23d44af/README.md,"README.md: parameter count / named model variant; matching lines 12, 28, 44, 70, 75, 143, 144, 147, 191, 206, 212, 241",1d8ad4ca9b3dd8059ad90a75d4983776a23d44af,2026-09-15,publisher-report,Qwen/Qwen3-Embedding-8B؛ شمار پارامترهای معرفی‌شده و حدود شمارش آن‌ها.,اعداد پارامتر معرفی مدل، گرد‌شده‌اند؛ safetensors.total شمار عناصر ذخیره‌شده است و الزاماً پارامتر یکتا نیست.
evidence:qwen-qwen3-embedding-8b-license,Qwen3-Embedding-8B — license declaration,https://huggingface.co/Qwen/Qwen3-Embedding-8B/blob/1d8ad4ca9b3dd8059ad90a75d4983776a23d44af/README.md,README.md: license / underlying-model terms; Hub $.cardData.license; matching lines 2,1d8ad4ca9b3dd8059ad90a75d4983776a23d44af,2026-09-15,publisher-report,Qwen/Qwen3-Embedding-8B؛ نام و شرایط مجوز اعلام‌شدهٔ ناشر؛ بدون داوری دربارهٔ اجرای حقوقی در ایران.,
evidence:qwen-qwen3-embedding-8b-config,Qwen3-Embedding-8B — configuration,https://huggingface.co/Qwen/Qwen3-Embedding-8B/blob/1d8ad4ca9b3dd8059ad90a75d4983776a23d44af/config.json,"config.json: architectures, model_type, text_config, max_position_embeddings, quantization_config, torch_dtype/dtype",1d8ad4ca9b3dd8059ad90a75d4983776a23d44af,2026-09-15,publisher-report,Qwen/Qwen3-Embedding-8B؛ پیکربندی checkpoint، نه نتیجهٔ آزمون کیفیت یا سازگاری.,
evidence:qwen-qwen3-embedding-8b-context,Qwen3-Embedding-8B — context declaration,https://huggingface.co/Qwen/Qwen3-Embedding-8B/blob/1d8ad4ca9b3dd8059ad90a75d4983776a23d44af/README.md,"README.md: context length / model specification / usage limits; matching lines 33, 40, 42, 43, 44, 45, 46, 47, 52, 149, 156",1d8ad4ca9b3dd8059ad90a75d4983776a23d44af,2026-09-15,publisher-report,Qwen/Qwen3-Embedding-8B؛ طول زمینهٔ اعلام‌شده، جدا از مقدار پیکربندی و طول آزموده‌شده.,KV cache، توکن تصویر و خروجی تولیدی نیز باید در سناریوی واقعی حساب شوند.
evidence:qwen-qwen3-embedding-8b-weight-files,Qwen3-Embedding-8B — selected weight-file sizes,https://huggingface.co/api/models/Qwen/Qwen3-Embedding-8B?blobs=true,$.siblings[ rfilename matches selected manifest filenames ].size; $.sha,1d8ad4ca9b3dd8059ad90a75d4983776a23d44af,2026-09-15,calculated-from-specifications,Qwen/Qwen3-Embedding-8B؛ جمع بایت فایل‌های وزن همین نمایش؛ توکنایزر، cache و تبدیل خارج است.,اندازهٔ دیسک است؛ معادل VRAM یا RAM نیست. | هیچ فایل وزن دانلود یا روی سخت‌افزار اجرا نشده است.
evidence:qwen-qwen3-reranker-0-6b-card,Qwen3-Reranker-0.6B — model card,https://huggingface.co/Qwen/Qwen3-Reranker-0.6B/blob/e61197ed45024b0ed8a2d74b80b4d909f1255473/README.md,"README.md: model description / architecture / intended use; matching lines 16, 18, 24, 26",e61197ed45024b0ed8a2d74b80b4d909f1255473,2026-09-15,publisher-report,Qwen/Qwen3-Reranker-0.6B؛ شناسنامه و کاربرد اعلام‌شده، بدون تأیید مستقل.,اعداد پارامتر معرفی مدل، گرد‌شده‌اند؛ safetensors.total شمار عناصر ذخیره‌شده است و الزاماً پارامتر یکتا نیست. | کیفیت، زمان پاسخ و حداقل سخت‌افزار از شناسنامه استنتاج نمی‌شود.
evidence:qwen-qwen3-reranker-0-6b-metadata,Qwen3-Reranker-0.6B — Hub metadata,https://huggingface.co/api/models/Qwen/Qwen3-Reranker-0.6B?blobs=true,$.sha; $.id; $.pipeline_tag; $.cardData; $.safetensors; $.siblings,e61197ed45024b0ed8a2d74b80b4d909f1255473,2026-09-15,publisher-report,Qwen/Qwen3-Reranker-0.6B؛ فرادادهٔ مشاهده‌شده در این تاریخ، نه اندازه‌گیری اجرای مدل.,فهرست فایل و شمار tensorها معادل حافظهٔ اجرا یا شمار پارامتر یکتا نیست.
evidence:qwen-qwen3-reranker-0-6b-parameters,Qwen3-Reranker-0.6B — parameter specification,https://huggingface.co/Qwen/Qwen3-Reranker-0.6B/blob/e61197ed45024b0ed8a2d74b80b4d909f1255473/README.md,"README.md: parameter count / named model variant; matching lines 10, 28, 44, 66, 89, 92, 138, 139, 141, 230, 231, 273",e61197ed45024b0ed8a2d74b80b4d909f1255473,2026-09-15,publisher-report,Qwen/Qwen3-Reranker-0.6B؛ شمار پارامترهای معرفی‌شده و حدود شمارش آن‌ها.,اعداد پارامتر معرفی مدل، گرد‌شده‌اند؛ safetensors.total شمار عناصر ذخیره‌شده است و الزاماً پارامتر یکتا نیست.
evidence:qwen-qwen3-reranker-0-6b-license,Qwen3-Reranker-0.6B — license declaration,https://huggingface.co/Qwen/Qwen3-Reranker-0.6B/blob/e61197ed45024b0ed8a2d74b80b4d909f1255473/README.md,README.md: license / underlying-model terms; Hub $.cardData.license; matching lines 2,e61197ed45024b0ed8a2d74b80b4d909f1255473,2026-09-15,publisher-report,Qwen/Qwen3-Reranker-0.6B؛ نام و شرایط مجوز اعلام‌شدهٔ ناشر؛ بدون داوری دربارهٔ اجرای حقوقی در ایران.,
evidence:qwen-qwen3-reranker-0-6b-config,Qwen3-Reranker-0.6B — configuration,https://huggingface.co/Qwen/Qwen3-Reranker-0.6B/blob/e61197ed45024b0ed8a2d74b80b4d909f1255473/config.json,"config.json: architectures, model_type, text_config, max_position_embeddings, quantization_config, torch_dtype/dtype",e61197ed45024b0ed8a2d74b80b4d909f1255473,2026-09-15,publisher-report,Qwen/Qwen3-Reranker-0.6B؛ پیکربندی checkpoint، نه نتیجهٔ آزمون کیفیت یا سازگاری.,
evidence:qwen-qwen3-reranker-0-6b-context,Qwen3-Reranker-0.6B — context declaration,https://huggingface.co/Qwen/Qwen3-Reranker-0.6B/blob/e61197ed45024b0ed8a2d74b80b4d909f1255473/README.md,"README.md: context length / model specification / usage limits; matching lines 33, 39, 41, 42, 43, 44, 45, 46, 51, 119, 123, 144",e61197ed45024b0ed8a2d74b80b4d909f1255473,2026-09-15,publisher-report,Qwen/Qwen3-Reranker-0.6B؛ طول زمینهٔ اعلام‌شده، جدا از مقدار پیکربندی و طول آزموده‌شده.,KV cache، توکن تصویر و خروجی تولیدی نیز باید در سناریوی واقعی حساب شوند.
evidence:qwen-qwen3-reranker-0-6b-weight-files,Qwen3-Reranker-0.6B — selected weight-file sizes,https://huggingface.co/api/models/Qwen/Qwen3-Reranker-0.6B?blobs=true,$.siblings[ rfilename matches selected manifest filenames ].size; $.sha,e61197ed45024b0ed8a2d74b80b4d909f1255473,2026-09-15,calculated-from-specifications,Qwen/Qwen3-Reranker-0.6B؛ جمع بایت فایل‌های وزن همین نمایش؛ توکنایزر، cache و تبدیل خارج است.,اندازهٔ دیسک است؛ معادل VRAM یا RAM نیست. | هیچ فایل وزن دانلود یا روی سخت‌افزار اجرا نشده است.
evidence:qwen-qwen3-reranker-4b-card,Qwen3-Reranker-4B — model card,https://huggingface.co/Qwen/Qwen3-Reranker-4B/blob/22e683669bc0f0bd69640a1354a6d0aebcfeede5/README.md,"README.md: model description / architecture / intended use; matching lines 16, 18, 24",22e683669bc0f0bd69640a1354a6d0aebcfeede5,2026-09-15,publisher-report,Qwen/Qwen3-Reranker-4B؛ شناسنامه و کاربرد اعلام‌شده، بدون تأیید مستقل.,اعداد پارامتر معرفی مدل، گرد‌شده‌اند؛ safetensors.total شمار عناصر ذخیره‌شده است و الزاماً پارامتر یکتا نیست. | کیفیت، زمان پاسخ و حداقل سخت‌افزار از شناسنامه استنتاج نمی‌شود.
evidence:qwen-qwen3-reranker-4b-metadata,Qwen3-Reranker-4B — Hub metadata,https://huggingface.co/api/models/Qwen/Qwen3-Reranker-4B?blobs=true,$.sha; $.id; $.pipeline_tag; $.cardData; $.safetensors; $.siblings,22e683669bc0f0bd69640a1354a6d0aebcfeede5,2026-09-15,publisher-report,Qwen/Qwen3-Reranker-4B؛ فرادادهٔ مشاهده‌شده در این تاریخ، نه اندازه‌گیری اجرای مدل.,فهرست فایل و شمار tensorها معادل حافظهٔ اجرا یا شمار پارامتر یکتا نیست.
evidence:qwen-qwen3-reranker-4b-parameters,Qwen3-Reranker-4B — parameter specification,https://huggingface.co/Qwen/Qwen3-Reranker-4B/blob/22e683669bc0f0bd69640a1354a6d0aebcfeede5/README.md,"README.md: parameter count / named model variant; matching lines 10, 26, 43, 64, 87, 90, 136, 137, 140, 229, 230, 274",22e683669bc0f0bd69640a1354a6d0aebcfeede5,2026-09-15,publisher-report,Qwen/Qwen3-Reranker-4B؛ شمار پارامترهای معرفی‌شده و حدود شمارش آن‌ها.,اعداد پارامتر معرفی مدل، گرد‌شده‌اند؛ safetensors.total شمار عناصر ذخیره‌شده است و الزاماً پارامتر یکتا نیست.
evidence:qwen-qwen3-reranker-4b-license,Qwen3-Reranker-4B — license declaration,https://huggingface.co/Qwen/Qwen3-Reranker-4B/blob/22e683669bc0f0bd69640a1354a6d0aebcfeede5/README.md,README.md: license / underlying-model terms; Hub $.cardData.license; matching lines 2,22e683669bc0f0bd69640a1354a6d0aebcfeede5,2026-09-15,publisher-report,Qwen/Qwen3-Reranker-4B؛ نام و شرایط مجوز اعلام‌شدهٔ ناشر؛ بدون داوری دربارهٔ اجرای حقوقی در ایران.,
evidence:qwen-qwen3-reranker-4b-config,Qwen3-Reranker-4B — configuration,https://huggingface.co/Qwen/Qwen3-Reranker-4B/blob/22e683669bc0f0bd69640a1354a6d0aebcfeede5/config.json,"config.json: architectures, model_type, text_config, max_position_embeddings, quantization_config, torch_dtype/dtype",22e683669bc0f0bd69640a1354a6d0aebcfeede5,2026-09-15,publisher-report,Qwen/Qwen3-Reranker-4B؛ پیکربندی checkpoint، نه نتیجهٔ آزمون کیفیت یا سازگاری.,
evidence:qwen-qwen3-reranker-4b-context,Qwen3-Reranker-4B — context declaration,https://huggingface.co/Qwen/Qwen3-Reranker-4B/blob/22e683669bc0f0bd69640a1354a6d0aebcfeede5/README.md,"README.md: context length / model specification / usage limits; matching lines 31, 37, 39, 40, 41, 42, 43, 44, 49, 117, 121, 144",22e683669bc0f0bd69640a1354a6d0aebcfeede5,2026-09-15,publisher-report,Qwen/Qwen3-Reranker-4B؛ طول زمینهٔ اعلام‌شده، جدا از مقدار پیکربندی و طول آزموده‌شده.,KV cache، توکن تصویر و خروجی تولیدی نیز باید در سناریوی واقعی حساب شوند.
evidence:qwen-qwen3-reranker-4b-weight-files,Qwen3-Reranker-4B — selected weight-file sizes,https://huggingface.co/api/models/Qwen/Qwen3-Reranker-4B?blobs=true,$.siblings[ rfilename matches selected manifest filenames ].size; $.sha,22e683669bc0f0bd69640a1354a6d0aebcfeede5,2026-09-15,calculated-from-specifications,Qwen/Qwen3-Reranker-4B؛ جمع بایت فایل‌های وزن همین نمایش؛ توکنایزر، cache و تبدیل خارج است.,اندازهٔ دیسک است؛ معادل VRAM یا RAM نیست. | هیچ فایل وزن دانلود یا روی سخت‌افزار اجرا نشده است.
evidence:qwen-qwen3-reranker-8b-card,Qwen3-Reranker-8B — model card,https://huggingface.co/Qwen/Qwen3-Reranker-8B/blob/77d193c791ed757ca307ee72715aa132723da912/README.md,"README.md: model description / architecture / intended use; matching lines 16, 18, 24, 27",77d193c791ed757ca307ee72715aa132723da912,2026-09-15,publisher-report,Qwen/Qwen3-Reranker-8B؛ شناسنامه و کاربرد اعلام‌شده، بدون تأیید مستقل.,اعداد پارامتر معرفی مدل، گرد‌شده‌اند؛ safetensors.total شمار عناصر ذخیره‌شده است و الزاماً پارامتر یکتا نیست. | کیفیت، زمان پاسخ و حداقل سخت‌افزار از شناسنامه استنتاج نمی‌شود.
evidence:qwen-qwen3-reranker-8b-metadata,Qwen3-Reranker-8B — Hub metadata,https://huggingface.co/api/models/Qwen/Qwen3-Reranker-8B?blobs=true,$.sha; $.id; $.pipeline_tag; $.cardData; $.safetensors; $.siblings,77d193c791ed757ca307ee72715aa132723da912,2026-09-15,publisher-report,Qwen/Qwen3-Reranker-8B؛ فرادادهٔ مشاهده‌شده در این تاریخ، نه اندازه‌گیری اجرای مدل.,فهرست فایل و شمار tensorها معادل حافظهٔ اجرا یا شمار پارامتر یکتا نیست.
evidence:qwen-qwen3-reranker-8b-parameters,Qwen3-Reranker-8B — parameter specification,https://huggingface.co/Qwen/Qwen3-Reranker-8B/blob/77d193c791ed757ca307ee72715aa132723da912/README.md,"README.md: parameter count / named model variant; matching lines 10, 29, 47, 67, 90, 93, 139, 141, 143, 186",77d193c791ed757ca307ee72715aa132723da912,2026-09-15,publisher-report,Qwen/Qwen3-Reranker-8B؛ شمار پارامترهای معرفی‌شده و حدود شمارش آن‌ها.,اعداد پارامتر معرفی مدل، گرد‌شده‌اند؛ safetensors.total شمار عناصر ذخیره‌شده است و الزاماً پارامتر یکتا نیست.
evidence:qwen-qwen3-reranker-8b-license,Qwen3-Reranker-8B — license declaration,https://huggingface.co/Qwen/Qwen3-Reranker-8B/blob/77d193c791ed757ca307ee72715aa132723da912/README.md,README.md: license / underlying-model terms; Hub $.cardData.license; matching lines 2,77d193c791ed757ca307ee72715aa132723da912,2026-09-15,publisher-report,Qwen/Qwen3-Reranker-8B؛ نام و شرایط مجوز اعلام‌شدهٔ ناشر؛ بدون داوری دربارهٔ اجرای حقوقی در ایران.,
evidence:qwen-qwen3-reranker-8b-config,Qwen3-Reranker-8B — configuration,https://huggingface.co/Qwen/Qwen3-Reranker-8B/blob/77d193c791ed757ca307ee72715aa132723da912/config.json,"config.json: architectures, model_type, text_config, max_position_embeddings, quantization_config, torch_dtype/dtype",77d193c791ed757ca307ee72715aa132723da912,2026-09-15,publisher-report,Qwen/Qwen3-Reranker-8B؛ پیکربندی checkpoint، نه نتیجهٔ آزمون کیفیت یا سازگاری.,
evidence:qwen-qwen3-reranker-8b-context,Qwen3-Reranker-8B — context declaration,https://huggingface.co/Qwen/Qwen3-Reranker-8B/blob/77d193c791ed757ca307ee72715aa132723da912/README.md,"README.md: context length / model specification / usage limits; matching lines 34, 40, 42, 43, 44, 45, 46, 47, 52, 120, 124, 147",77d193c791ed757ca307ee72715aa132723da912,2026-09-15,publisher-report,Qwen/Qwen3-Reranker-8B؛ طول زمینهٔ اعلام‌شده، جدا از مقدار پیکربندی و طول آزموده‌شده.,KV cache، توکن تصویر و خروجی تولیدی نیز باید در سناریوی واقعی حساب شوند.
evidence:qwen-qwen3-reranker-8b-weight-files,Qwen3-Reranker-8B — selected weight-file sizes,https://huggingface.co/api/models/Qwen/Qwen3-Reranker-8B?blobs=true,$.siblings[ rfilename matches selected manifest filenames ].size; $.sha,77d193c791ed757ca307ee72715aa132723da912,2026-09-15,calculated-from-specifications,Qwen/Qwen3-Reranker-8B؛ جمع بایت فایل‌های وزن همین نمایش؛ توکنایزر، cache و تبدیل خارج است.,اندازهٔ دیسک است؛ معادل VRAM یا RAM نیست. | هیچ فایل وزن دانلود یا روی سخت‌افزار اجرا نشده است.
evidence:qwen-qwen3-vl-8b-instruct-card,Qwen3-VL-8B-Instruct — model card,https://huggingface.co/Qwen/Qwen3-VL-8B-Instruct/blob/0c351dd01ed87e9c1b53cbc748cba10e6187ff3b/README.md,"README.md: model description / architecture / intended use; matching lines 16, 18, 40",0c351dd01ed87e9c1b53cbc748cba10e6187ff3b,2026-09-15,publisher-report,Qwen/Qwen3-VL-8B-Instruct؛ شناسنامه و کاربرد اعلام‌شده، بدون تأیید مستقل.,اعداد پارامتر معرفی مدل، گرد‌شده‌اند؛ safetensors.total شمار عناصر ذخیره‌شده است و الزاماً پارامتر یکتا نیست. | کیفیت، زمان پاسخ و حداقل سخت‌افزار از شناسنامه استنتاج نمی‌شود.
evidence:qwen-qwen3-vl-8b-instruct-metadata,Qwen3-VL-8B-Instruct — Hub metadata,https://huggingface.co/api/models/Qwen/Qwen3-VL-8B-Instruct?blobs=true,$.sha; $.id; $.pipeline_tag; $.cardData; $.safetensors; $.siblings,0c351dd01ed87e9c1b53cbc748cba10e6187ff3b,2026-09-15,publisher-report,Qwen/Qwen3-VL-8B-Instruct؛ فرادادهٔ مشاهده‌شده در این تاریخ، نه اندازه‌گیری اجرای مدل.,فهرست فایل و شمار tensorها معادل حافظهٔ اجرا یا شمار پارامتر یکتا نیست.
evidence:qwen-qwen3-vl-8b-instruct-parameters,Qwen3-VL-8B-Instruct — parameter specification,https://huggingface.co/Qwen/Qwen3-VL-8B-Instruct/blob/0c351dd01ed87e9c1b53cbc748cba10e6187ff3b/README.md,"README.md: parameter count / named model variant; matching lines 11, 53, 86, 91, 97, 133",0c351dd01ed87e9c1b53cbc748cba10e6187ff3b,2026-09-15,publisher-report,Qwen/Qwen3-VL-8B-Instruct؛ شمار پارامترهای معرفی‌شده و حدود شمارش آن‌ها.,اعداد پارامتر معرفی مدل، گرد‌شده‌اند؛ safetensors.total شمار عناصر ذخیره‌شده است و الزاماً پارامتر یکتا نیست.
evidence:qwen-qwen3-vl-8b-instruct-license,Qwen3-VL-8B-Instruct — license declaration,https://huggingface.co/Qwen/Qwen3-VL-8B-Instruct/blob/0c351dd01ed87e9c1b53cbc748cba10e6187ff3b/README.md,README.md: license / underlying-model terms; Hub $.cardData.license; matching lines 2,0c351dd01ed87e9c1b53cbc748cba10e6187ff3b,2026-09-15,publisher-report,Qwen/Qwen3-VL-8B-Instruct؛ نام و شرایط مجوز اعلام‌شدهٔ ناشر؛ بدون داوری دربارهٔ اجرای حقوقی در ایران.,
evidence:qwen-qwen3-vl-8b-instruct-config,Qwen3-VL-8B-Instruct — configuration,https://huggingface.co/Qwen/Qwen3-VL-8B-Instruct/blob/0c351dd01ed87e9c1b53cbc748cba10e6187ff3b/config.json,"config.json: architectures, model_type, text_config, max_position_embeddings, quantization_config, torch_dtype/dtype",0c351dd01ed87e9c1b53cbc748cba10e6187ff3b,2026-09-15,publisher-report,Qwen/Qwen3-VL-8B-Instruct؛ پیکربندی checkpoint، نه نتیجهٔ آزمون کیفیت یا سازگاری.,
evidence:qwen-qwen3-vl-8b-instruct-context,Qwen3-VL-8B-Instruct — context declaration,https://huggingface.co/Qwen/Qwen3-VL-8B-Instruct/blob/0c351dd01ed87e9c1b53cbc748cba10e6187ff3b/README.md,"README.md: context length / model specification / usage limits; matching lines 16, 29",0c351dd01ed87e9c1b53cbc748cba10e6187ff3b,2026-09-15,publisher-report,Qwen/Qwen3-VL-8B-Instruct؛ طول زمینهٔ اعلام‌شده، جدا از مقدار پیکربندی و طول آزموده‌شده.,KV cache، توکن تصویر و خروجی تولیدی نیز باید در سناریوی واقعی حساب شوند.
evidence:qwen-qwen3-vl-8b-instruct-weight-files,Qwen3-VL-8B-Instruct — selected weight-file sizes,https://huggingface.co/api/models/Qwen/Qwen3-VL-8B-Instruct?blobs=true,$.siblings[ rfilename matches selected manifest filenames ].size; $.sha,0c351dd01ed87e9c1b53cbc748cba10e6187ff3b,2026-09-15,calculated-from-specifications,Qwen/Qwen3-VL-8B-Instruct؛ جمع بایت فایل‌های وزن همین نمایش؛ توکنایزر، cache و تبدیل خارج است.,اندازهٔ دیسک است؛ معادل VRAM یا RAM نیست. | هیچ فایل وزن دانلود یا روی سخت‌افزار اجرا نشده است.
evidence:qwen-qwen3-5-2b-card,Qwen3.5-2B — model card,https://huggingface.co/Qwen/Qwen3.5-2B/blob/15852e8c16360a2fea060d615a32b45270f8a8fc/README.md,"README.md: model description / architecture / intended use; matching lines 21, 26, 32, 43, 899",15852e8c16360a2fea060d615a32b45270f8a8fc,2026-09-15,publisher-report,Qwen/Qwen3.5-2B؛ شناسنامه و کاربرد اعلام‌شده، بدون تأیید مستقل.,اعداد پارامتر معرفی مدل، گرد‌شده‌اند؛ safetensors.total شمار عناصر ذخیره‌شده است و الزاماً پارامتر یکتا نیست. | کیفیت، زمان پاسخ و حداقل سخت‌افزار از شناسنامه استنتاج نمی‌شود.
evidence:qwen-qwen3-5-2b-metadata,Qwen3.5-2B — Hub metadata,https://huggingface.co/api/models/Qwen/Qwen3.5-2B?blobs=true,$.sha; $.id; $.pipeline_tag; $.cardData; $.safetensors; $.siblings,15852e8c16360a2fea060d615a32b45270f8a8fc,2026-09-15,publisher-report,Qwen/Qwen3.5-2B؛ فرادادهٔ مشاهده‌شده در این تاریخ، نه اندازه‌گیری اجرای مدل.,فهرست فایل و شمار tensorها معادل حافظهٔ اجرا یا شمار پارامتر یکتا نیست.
evidence:qwen-qwen3-5-2b-parameters,Qwen3.5-2B — parameter specification,https://huggingface.co/Qwen/Qwen3.5-2B/blob/15852e8c16360a2fea060d615a32b45270f8a8fc/README.md,"README.md: parameter count / named model variant; matching lines 4, 7, 10, 21, 48, 73, 296, 577, 585, 618, 624, 630",15852e8c16360a2fea060d615a32b45270f8a8fc,2026-09-15,publisher-report,Qwen/Qwen3.5-2B؛ شمار پارامترهای معرفی‌شده و حدود شمارش آن‌ها.,اعداد پارامتر معرفی مدل، گرد‌شده‌اند؛ safetensors.total شمار عناصر ذخیره‌شده است و الزاماً پارامتر یکتا نیست.
evidence:qwen-qwen3-5-2b-license,Qwen3.5-2B — license declaration,https://huggingface.co/Qwen/Qwen3.5-2B/blob/15852e8c16360a2fea060d615a32b45270f8a8fc/README.md,"README.md: license / underlying-model terms; Hub $.cardData.license; matching lines 3, 4",15852e8c16360a2fea060d615a32b45270f8a8fc,2026-09-15,publisher-report,Qwen/Qwen3.5-2B؛ نام و شرایط مجوز اعلام‌شدهٔ ناشر؛ بدون داوری دربارهٔ اجرای حقوقی در ایران.,
evidence:qwen-qwen3-5-2b-config,Qwen3.5-2B — configuration,https://huggingface.co/Qwen/Qwen3.5-2B/blob/15852e8c16360a2fea060d615a32b45270f8a8fc/config.json,"config.json: architectures, model_type, text_config, max_position_embeddings, quantization_config, torch_dtype/dtype",15852e8c16360a2fea060d615a32b45270f8a8fc,2026-09-15,publisher-report,Qwen/Qwen3.5-2B؛ پیکربندی checkpoint، نه نتیجهٔ آزمون کیفیت یا سازگاری.,
evidence:qwen-qwen3-5-2b-context,Qwen3.5-2B — context declaration,https://huggingface.co/Qwen/Qwen3.5-2B/blob/15852e8c16360a2fea060d615a32b45270f8a8fc/README.md,"README.md: context length / model specification / usage limits; matching lines 64, 176, 601, 602, 615, 618, 624, 630, 646, 933",15852e8c16360a2fea060d615a32b45270f8a8fc,2026-09-15,publisher-report,Qwen/Qwen3.5-2B؛ طول زمینهٔ اعلام‌شده، جدا از مقدار پیکربندی و طول آزموده‌شده.,KV cache، توکن تصویر و خروجی تولیدی نیز باید در سناریوی واقعی حساب شوند.
evidence:qwen-qwen3-5-2b-weight-files,Qwen3.5-2B — selected weight-file sizes,https://huggingface.co/api/models/Qwen/Qwen3.5-2B?blobs=true,$.siblings[ rfilename matches selected manifest filenames ].size; $.sha,15852e8c16360a2fea060d615a32b45270f8a8fc,2026-09-15,calculated-from-specifications,Qwen/Qwen3.5-2B؛ جمع بایت فایل‌های وزن همین نمایش؛ توکنایزر، cache و تبدیل خارج است.,اندازهٔ دیسک است؛ معادل VRAM یا RAM نیست. | هیچ فایل وزن دانلود یا روی سخت‌افزار اجرا نشده است.
evidence:qwen-qwen3-5-35b-a3b-card,Qwen3.5-35B-A3B — model card,https://huggingface.co/Qwen/Qwen3.5-35B-A3B/blob/59d61f3ce65a6d9863b86d2e96597125219dc754/README.md,"README.md: model description / architecture / intended use; matching lines 29, 35, 49, 917, 1191",59d61f3ce65a6d9863b86d2e96597125219dc754,2026-09-15,publisher-report,Qwen/Qwen3.5-35B-A3B؛ شناسنامه و کاربرد اعلام‌شده، بدون تأیید مستقل.,اعداد پارامتر معرفی مدل، گرد‌شده‌اند؛ safetensors.total شمار عناصر ذخیره‌شده است و الزاماً پارامتر یکتا نیست. | کیفیت، زمان پاسخ و حداقل سخت‌افزار از شناسنامه استنتاج نمی‌شود.
evidence:qwen-qwen3-5-35b-a3b-metadata,Qwen3.5-35B-A3B — Hub metadata,https://huggingface.co/api/models/Qwen/Qwen3.5-35B-A3B?blobs=true,$.sha; $.id; $.pipeline_tag; $.cardData; $.safetensors; $.siblings,59d61f3ce65a6d9863b86d2e96597125219dc754,2026-09-15,publisher-report,Qwen/Qwen3.5-35B-A3B؛ فرادادهٔ مشاهده‌شده در این تاریخ، نه اندازه‌گیری اجرای مدل.,فهرست فایل و شمار tensorها معادل حافظهٔ اجرا یا شمار پارامتر یکتا نیست.
evidence:qwen-qwen3-5-35b-a3b-parameters,Qwen3.5-35B-A3B — parameter specification,https://huggingface.co/Qwen/Qwen3.5-35B-A3B/blob/59d61f3ce65a6d9863b86d2e96597125219dc754/README.md,"README.md: parameter count / named model variant; matching lines 4, 7, 10, 24, 54, 88, 459, 933, 939, 945, 964, 970",59d61f3ce65a6d9863b86d2e96597125219dc754,2026-09-15,publisher-report,Qwen/Qwen3.5-35B-A3B؛ شمار پارامترهای معرفی‌شده و حدود شمارش آن‌ها.,اعداد پارامتر معرفی مدل، گرد‌شده‌اند؛ safetensors.total شمار عناصر ذخیره‌شده است و الزاماً پارامتر یکتا نیست.
evidence:qwen-qwen3-5-35b-a3b-license,Qwen3.5-35B-A3B — license declaration,https://huggingface.co/Qwen/Qwen3.5-35B-A3B/blob/59d61f3ce65a6d9863b86d2e96597125219dc754/README.md,"README.md: license / underlying-model terms; Hub $.cardData.license; matching lines 3, 4",59d61f3ce65a6d9863b86d2e96597125219dc754,2026-09-15,publisher-report,Qwen/Qwen3.5-35B-A3B؛ نام و شرایط مجوز اعلام‌شدهٔ ناشر؛ بدون داوری دربارهٔ اجرای حقوقی در ایران.,
evidence:qwen-qwen3-5-35b-a3b-config,Qwen3.5-35B-A3B — configuration,https://huggingface.co/Qwen/Qwen3.5-35B-A3B/blob/59d61f3ce65a6d9863b86d2e96597125219dc754/config.json,"config.json: architectures, model_type, text_config, max_position_embeddings, quantization_config, torch_dtype/dtype",59d61f3ce65a6d9863b86d2e96597125219dc754,2026-09-15,publisher-report,Qwen/Qwen3.5-35B-A3B؛ پیکربندی checkpoint، نه نتیجهٔ آزمون کیفیت یا سازگاری.,
evidence:qwen-qwen3-5-35b-a3b-context,Qwen3.5-35B-A3B — context declaration,https://huggingface.co/Qwen/Qwen3.5-35B-A3B/blob/59d61f3ce65a6d9863b86d2e96597125219dc754/README.md,"README.md: context length / model specification / usage limits; matching lines 24, 69, 72, 156, 438, 439, 915, 916, 917, 930, 933, 939",59d61f3ce65a6d9863b86d2e96597125219dc754,2026-09-15,publisher-report,Qwen/Qwen3.5-35B-A3B؛ طول زمینهٔ اعلام‌شده، جدا از مقدار پیکربندی و طول آزموده‌شده.,KV cache، توکن تصویر و خروجی تولیدی نیز باید در سناریوی واقعی حساب شوند.
evidence:qwen-qwen3-5-35b-a3b-weight-files,Qwen3.5-35B-A3B — selected weight-file sizes,https://huggingface.co/api/models/Qwen/Qwen3.5-35B-A3B?blobs=true,$.siblings[ rfilename matches selected manifest filenames ].size; $.sha,59d61f3ce65a6d9863b86d2e96597125219dc754,2026-09-15,calculated-from-specifications,Qwen/Qwen3.5-35B-A3B؛ جمع بایت فایل‌های وزن همین نمایش؛ توکنایزر، cache و تبدیل خارج است.,اندازهٔ دیسک است؛ معادل VRAM یا RAM نیست. | هیچ فایل وزن دانلود یا روی سخت‌افزار اجرا نشده است.
evidence:qwen-qwen3-5-4b-card,Qwen3.5-4B — model card,https://huggingface.co/Qwen/Qwen3.5-4B/blob/851bf6e806efd8d0a36b00ddf55e13ccb7b8cd0a/README.md,"README.md: model description / architecture / intended use; matching lines 23, 29, 43, 732, 1006",851bf6e806efd8d0a36b00ddf55e13ccb7b8cd0a,2026-09-15,publisher-report,Qwen/Qwen3.5-4B؛ شناسنامه و کاربرد اعلام‌شده، بدون تأیید مستقل.,اعداد پارامتر معرفی مدل، گرد‌شده‌اند؛ safetensors.total شمار عناصر ذخیره‌شده است و الزاماً پارامتر یکتا نیست. | کیفیت، زمان پاسخ و حداقل سخت‌افزار از شناسنامه استنتاج نمی‌شود.
evidence:qwen-qwen3-5-4b-metadata,Qwen3.5-4B — Hub metadata,https://huggingface.co/api/models/Qwen/Qwen3.5-4B?blobs=true,$.sha; $.id; $.pipeline_tag; $.cardData; $.safetensors; $.siblings,851bf6e806efd8d0a36b00ddf55e13ccb7b8cd0a,2026-09-15,publisher-report,Qwen/Qwen3.5-4B؛ فرادادهٔ مشاهده‌شده در این تاریخ، نه اندازه‌گیری اجرای مدل.,فهرست فایل و شمار tensorها معادل حافظهٔ اجرا یا شمار پارامتر یکتا نیست.
evidence:qwen-qwen3-5-4b-parameters,Qwen3.5-4B — parameter specification,https://huggingface.co/Qwen/Qwen3.5-4B/blob/851bf6e806efd8d0a36b00ddf55e13ccb7b8cd0a/README.md,"README.md: parameter count / named model variant; matching lines 4, 7, 10, 48, 73, 333, 748, 754, 760, 779, 785, 791",851bf6e806efd8d0a36b00ddf55e13ccb7b8cd0a,2026-09-15,publisher-report,Qwen/Qwen3.5-4B؛ شمار پارامترهای معرفی‌شده و حدود شمارش آن‌ها.,اعداد پارامتر معرفی مدل، گرد‌شده‌اند؛ safetensors.total شمار عناصر ذخیره‌شده است و الزاماً پارامتر یکتا نیست.
evidence:qwen-qwen3-5-4b-license,Qwen3.5-4B — license declaration,https://huggingface.co/Qwen/Qwen3.5-4B/blob/851bf6e806efd8d0a36b00ddf55e13ccb7b8cd0a/README.md,"README.md: license / underlying-model terms; Hub $.cardData.license; matching lines 3, 4",851bf6e806efd8d0a36b00ddf55e13ccb7b8cd0a,2026-09-15,publisher-report,Qwen/Qwen3.5-4B؛ نام و شرایط مجوز اعلام‌شدهٔ ناشر؛ بدون داوری دربارهٔ اجرای حقوقی در ایران.,
evidence:qwen-qwen3-5-4b-config,Qwen3.5-4B — configuration,https://huggingface.co/Qwen/Qwen3.5-4B/blob/851bf6e806efd8d0a36b00ddf55e13ccb7b8cd0a/config.json,"config.json: architectures, model_type, text_config, max_position_embeddings, quantization_config, torch_dtype/dtype",851bf6e806efd8d0a36b00ddf55e13ccb7b8cd0a,2026-09-15,publisher-report,Qwen/Qwen3.5-4B؛ پیکربندی checkpoint، نه نتیجهٔ آزمون کیفیت یا سازگاری.,
evidence:qwen-qwen3-5-4b-context,Qwen3.5-4B — context declaration,https://huggingface.co/Qwen/Qwen3.5-4B/blob/851bf6e806efd8d0a36b00ddf55e13ccb7b8cd0a/README.md,"README.md: context length / model specification / usage limits; matching lines 64, 149, 730, 731, 732, 745, 748, 754, 760, 776, 1059, 1090",851bf6e806efd8d0a36b00ddf55e13ccb7b8cd0a,2026-09-15,publisher-report,Qwen/Qwen3.5-4B؛ طول زمینهٔ اعلام‌شده، جدا از مقدار پیکربندی و طول آزموده‌شده.,KV cache، توکن تصویر و خروجی تولیدی نیز باید در سناریوی واقعی حساب شوند.
evidence:qwen-qwen3-5-4b-weight-files,Qwen3.5-4B — selected weight-file sizes,https://huggingface.co/api/models/Qwen/Qwen3.5-4B?blobs=true,$.siblings[ rfilename matches selected manifest filenames ].size; $.sha,851bf6e806efd8d0a36b00ddf55e13ccb7b8cd0a,2026-09-15,calculated-from-specifications,Qwen/Qwen3.5-4B؛ جمع بایت فایل‌های وزن همین نمایش؛ توکنایزر، cache و تبدیل خارج است.,اندازهٔ دیسک است؛ معادل VRAM یا RAM نیست. | هیچ فایل وزن دانلود یا روی سخت‌افزار اجرا نشده است.
evidence:qwen-qwen3-5-9b-card,Qwen3.5-9B — model card,https://huggingface.co/Qwen/Qwen3.5-9B/blob/c202236235762e1c871ad0ccb60c8ee5ba337b9a/README.md,"README.md: model description / architecture / intended use; matching lines 23, 29, 43, 730, 1004",c202236235762e1c871ad0ccb60c8ee5ba337b9a,2026-09-15,publisher-report,Qwen/Qwen3.5-9B؛ شناسنامه و کاربرد اعلام‌شده، بدون تأیید مستقل.,اعداد پارامتر معرفی مدل، گرد‌شده‌اند؛ safetensors.total شمار عناصر ذخیره‌شده است و الزاماً پارامتر یکتا نیست. | کیفیت، زمان پاسخ و حداقل سخت‌افزار از شناسنامه استنتاج نمی‌شود.
evidence:qwen-qwen3-5-9b-metadata,Qwen3.5-9B — Hub metadata,https://huggingface.co/api/models/Qwen/Qwen3.5-9B?blobs=true,$.sha; $.id; $.pipeline_tag; $.cardData; $.safetensors; $.siblings,c202236235762e1c871ad0ccb60c8ee5ba337b9a,2026-09-15,publisher-report,Qwen/Qwen3.5-9B؛ فرادادهٔ مشاهده‌شده در این تاریخ، نه اندازه‌گیری اجرای مدل.,فهرست فایل و شمار tensorها معادل حافظهٔ اجرا یا شمار پارامتر یکتا نیست.
evidence:qwen-qwen3-5-9b-parameters,Qwen3.5-9B — parameter specification,https://huggingface.co/Qwen/Qwen3.5-9B/blob/c202236235762e1c871ad0ccb60c8ee5ba337b9a/README.md,"README.md: parameter count / named model variant; matching lines 4, 7, 10, 48, 73, 333, 746, 752, 758, 777, 783, 789",c202236235762e1c871ad0ccb60c8ee5ba337b9a,2026-09-15,publisher-report,Qwen/Qwen3.5-9B؛ شمار پارامترهای معرفی‌شده و حدود شمارش آن‌ها.,اعداد پارامتر معرفی مدل، گرد‌شده‌اند؛ safetensors.total شمار عناصر ذخیره‌شده است و الزاماً پارامتر یکتا نیست.
evidence:qwen-qwen3-5-9b-license,Qwen3.5-9B — license declaration,https://huggingface.co/Qwen/Qwen3.5-9B/blob/c202236235762e1c871ad0ccb60c8ee5ba337b9a/README.md,"README.md: license / underlying-model terms; Hub $.cardData.license; matching lines 3, 4",c202236235762e1c871ad0ccb60c8ee5ba337b9a,2026-09-15,publisher-report,Qwen/Qwen3.5-9B؛ نام و شرایط مجوز اعلام‌شدهٔ ناشر؛ بدون داوری دربارهٔ اجرای حقوقی در ایران.,
evidence:qwen-qwen3-5-9b-config,Qwen3.5-9B — configuration,https://huggingface.co/Qwen/Qwen3.5-9B/blob/c202236235762e1c871ad0ccb60c8ee5ba337b9a/config.json,"config.json: architectures, model_type, text_config, max_position_embeddings, quantization_config, torch_dtype/dtype",c202236235762e1c871ad0ccb60c8ee5ba337b9a,2026-09-15,publisher-report,Qwen/Qwen3.5-9B؛ پیکربندی checkpoint، نه نتیجهٔ آزمون کیفیت یا سازگاری.,
evidence:qwen-qwen3-5-9b-context,Qwen3.5-9B — context declaration,https://huggingface.co/Qwen/Qwen3.5-9B/blob/c202236235762e1c871ad0ccb60c8ee5ba337b9a/README.md,"README.md: context length / model specification / usage limits; matching lines 64, 149, 728, 729, 730, 743, 746, 752, 758, 774, 1057, 1088",c202236235762e1c871ad0ccb60c8ee5ba337b9a,2026-09-15,publisher-report,Qwen/Qwen3.5-9B؛ طول زمینهٔ اعلام‌شده، جدا از مقدار پیکربندی و طول آزموده‌شده.,KV cache، توکن تصویر و خروجی تولیدی نیز باید در سناریوی واقعی حساب شوند.
evidence:qwen-qwen3-5-9b-weight-files,Qwen3.5-9B — selected weight-file sizes,https://huggingface.co/api/models/Qwen/Qwen3.5-9B?blobs=true,$.siblings[ rfilename matches selected manifest filenames ].size; $.sha,c202236235762e1c871ad0ccb60c8ee5ba337b9a,2026-09-15,calculated-from-specifications,Qwen/Qwen3.5-9B؛ جمع بایت فایل‌های وزن همین نمایش؛ توکنایزر، cache و تبدیل خارج است.,اندازهٔ دیسک است؛ معادل VRAM یا RAM نیست. | هیچ فایل وزن دانلود یا روی سخت‌افزار اجرا نشده است.
evidence:qwen-qwen3-8-27b-card,Qwen3.8-27B — model card,https://huggingface.co/Qwen/Qwen3.8-27B/blob/1d4bf0f2ff6012fd82039f2fa52739d0dd7c60c0/README.md,"README.md: model description / architecture / intended use; matching lines 22, 25, 32, 180, 216",1d4bf0f2ff6012fd82039f2fa52739d0dd7c60c0,2026-09-15,publisher-report,Qwen/Qwen3.8-27B؛ شناسنامه و کاربرد اعلام‌شده، بدون تأیید مستقل.,اعداد پارامتر معرفی مدل، گرد‌شده‌اند؛ safetensors.total شمار عناصر ذخیره‌شده است و الزاماً پارامتر یکتا نیست. | کیفیت، زمان پاسخ و حداقل سخت‌افزار از شناسنامه استنتاج نمی‌شود.
evidence:qwen-qwen3-8-27b-metadata,Qwen3.8-27B — Hub metadata,https://huggingface.co/api/models/Qwen/Qwen3.8-27B?blobs=true,$.sha; $.id; $.pipeline_tag; $.cardData; $.safetensors; $.siblings,1d4bf0f2ff6012fd82039f2fa52739d0dd7c60c0,2026-09-15,publisher-report,Qwen/Qwen3.8-27B؛ فرادادهٔ مشاهده‌شده در این تاریخ، نه اندازه‌گیری اجرای مدل.,فهرست فایل و شمار tensorها معادل حافظهٔ اجرا یا شمار پارامتر یکتا نیست.
evidence:qwen-qwen3-8-27b-parameters,Qwen3.8-27B — parameter specification,https://huggingface.co/Qwen/Qwen3.8-27B/blob/1d4bf0f2ff6012fd82039f2fa52739d0dd7c60c0/README.md,"README.md: parameter count / named model variant; matching lines 7, 16, 20, 24, 37, 72, 192, 214, 238, 239, 251, 255",1d4bf0f2ff6012fd82039f2fa52739d0dd7c60c0,2026-09-15,publisher-report,Qwen/Qwen3.8-27B؛ شمار پارامترهای معرفی‌شده و حدود شمارش آن‌ها.,اعداد پارامتر معرفی مدل، گرد‌شده‌اند؛ safetensors.total شمار عناصر ذخیره‌شده است و الزاماً پارامتر یکتا نیست.
evidence:qwen-qwen3-8-27b-license,Qwen3.8-27B — license declaration,https://huggingface.co/Qwen/Qwen3.8-27B/blob/1d4bf0f2ff6012fd82039f2fa52739d0dd7c60c0/README.md,README.md: license / underlying-model terms; Hub $.cardData.license; matching lines 3,1d4bf0f2ff6012fd82039f2fa52739d0dd7c60c0,2026-09-15,publisher-report,Qwen/Qwen3.8-27B؛ نام و شرایط مجوز اعلام‌شدهٔ ناشر؛ بدون داوری دربارهٔ اجرای حقوقی در ایران.,
evidence:qwen-qwen3-8-27b-config,Qwen3.8-27B — configuration,https://huggingface.co/Qwen/Qwen3.8-27B/blob/1d4bf0f2ff6012fd82039f2fa52739d0dd7c60c0/config.json,"config.json: architectures, model_type, text_config, max_position_embeddings, quantization_config, torch_dtype/dtype",1d4bf0f2ff6012fd82039f2fa52739d0dd7c60c0,2026-09-15,publisher-report,Qwen/Qwen3.8-27B؛ پیکربندی checkpoint، نه نتیجهٔ آزمون کیفیت یا سازگاری.,
evidence:qwen-qwen3-8-27b-context,Qwen3.8-27B — context declaration,https://huggingface.co/Qwen/Qwen3.8-27B/blob/1d4bf0f2ff6012fd82039f2fa52739d0dd7c60c0/README.md,"README.md: context length / model specification / usage limits; matching lines 16, 28, 38, 53, 177, 179, 180, 472, 507, 514, 547, 552",1d4bf0f2ff6012fd82039f2fa52739d0dd7c60c0,2026-09-15,publisher-report,Qwen/Qwen3.8-27B؛ طول زمینهٔ اعلام‌شده، جدا از مقدار پیکربندی و طول آزموده‌شده.,KV cache، توکن تصویر و خروجی تولیدی نیز باید در سناریوی واقعی حساب شوند.
evidence:qwen-qwen3-8-27b-weight-files,Qwen3.8-27B — selected weight-file sizes,https://huggingface.co/api/models/Qwen/Qwen3.8-27B?blobs=true,$.siblings[ rfilename matches selected manifest filenames ].size; $.sha,1d4bf0f2ff6012fd82039f2fa52739d0dd7c60c0,2026-09-15,calculated-from-specifications,Qwen/Qwen3.8-27B؛ جمع بایت فایل‌های وزن همین نمایش؛ توکنایزر، cache و تبدیل خارج است.,اندازهٔ دیسک است؛ معادل VRAM یا RAM نیست. | هیچ فایل وزن دانلود یا روی سخت‌افزار اجرا نشده است.
evidence:allenai-olmo-3-7b-instruct-card,Olmo-3-7B-Instruct — model card,https://huggingface.co/allenai/Olmo-3-7B-Instruct/blob/6e5971d9eba42665f5bd5a0fcf047f299ce1dccc/README.md,"README.md: model description / architecture / intended use; matching lines 11, 109, 156",6e5971d9eba42665f5bd5a0fcf047f299ce1dccc,2026-09-15,publisher-report,allenai/Olmo-3-7B-Instruct؛ شناسنامه و کاربرد اعلام‌شده، بدون تأیید مستقل.,اعداد پارامتر معرفی مدل، گرد‌شده‌اند؛ safetensors.total شمار عناصر ذخیره‌شده است و الزاماً پارامتر یکتا نیست. | کیفیت، زمان پاسخ و حداقل سخت‌افزار از شناسنامه استنتاج نمی‌شود.
evidence:allenai-olmo-3-7b-instruct-metadata,Olmo-3-7B-Instruct — Hub metadata,https://huggingface.co/api/models/allenai/Olmo-3-7B-Instruct?blobs=true,$.sha; $.id; $.pipeline_tag; $.cardData; $.safetensors; $.siblings,6e5971d9eba42665f5bd5a0fcf047f299ce1dccc,2026-09-15,publisher-report,allenai/Olmo-3-7B-Instruct؛ فرادادهٔ مشاهده‌شده در این تاریخ، نه اندازه‌گیری اجرای مدل.,فهرست فایل و شمار tensorها معادل حافظهٔ اجرا یا شمار پارامتر یکتا نیست.
evidence:allenai-olmo-3-7b-instruct-parameters,Olmo-3-7B-Instruct — parameter specification,https://huggingface.co/allenai/Olmo-3-7B-Instruct/blob/6e5971d9eba42665f5bd5a0fcf047f299ce1dccc/README.md,"README.md: parameter count / named model variant; matching lines 3, 29, 30, 31, 46, 47, 60, 74, 80, 180, 204",6e5971d9eba42665f5bd5a0fcf047f299ce1dccc,2026-09-15,publisher-report,allenai/Olmo-3-7B-Instruct؛ شمار پارامترهای معرفی‌شده و حدود شمارش آن‌ها.,اعداد پارامتر معرفی مدل، گرد‌شده‌اند؛ safetensors.total شمار عناصر ذخیره‌شده است و الزاماً پارامتر یکتا نیست.
evidence:allenai-olmo-3-7b-instruct-license,Olmo-3-7B-Instruct — license declaration,https://huggingface.co/allenai/Olmo-3-7B-Instruct/blob/6e5971d9eba42665f5bd5a0fcf047f299ce1dccc/README.md,"README.md: license / underlying-model terms; Hub $.cardData.license; matching lines 2, 114, 222, 223",6e5971d9eba42665f5bd5a0fcf047f299ce1dccc,2026-09-15,publisher-report,allenai/Olmo-3-7B-Instruct؛ نام و شرایط مجوز اعلام‌شدهٔ ناشر؛ بدون داوری دربارهٔ اجرای حقوقی در ایران.,
evidence:allenai-olmo-3-7b-instruct-config,Olmo-3-7B-Instruct — configuration,https://huggingface.co/allenai/Olmo-3-7B-Instruct/blob/6e5971d9eba42665f5bd5a0fcf047f299ce1dccc/config.json,"config.json: architectures, model_type, text_config, max_position_embeddings, quantization_config, torch_dtype/dtype",6e5971d9eba42665f5bd5a0fcf047f299ce1dccc,2026-09-15,publisher-report,allenai/Olmo-3-7B-Instruct؛ پیکربندی checkpoint، نه نتیجهٔ آزمون کیفیت یا سازگاری.,
evidence:allenai-olmo-3-7b-instruct-weight-files,Olmo-3-7B-Instruct — selected weight-file sizes,https://huggingface.co/api/models/allenai/Olmo-3-7B-Instruct?blobs=true,$.siblings[ rfilename matches selected manifest filenames ].size; $.sha,6e5971d9eba42665f5bd5a0fcf047f299ce1dccc,2026-09-15,calculated-from-specifications,allenai/Olmo-3-7B-Instruct؛ جمع بایت فایل‌های وزن همین نمایش؛ توکنایزر، cache و تبدیل خارج است.,اندازهٔ دیسک است؛ معادل VRAM یا RAM نیست. | هیچ فایل وزن دانلود یا روی سخت‌افزار اجرا نشده است.
evidence:deepseek-ai-deepseek-r1-0528-qwen3-8b-card,DeepSeek-R1-0528-Qwen3-8B — model card,https://huggingface.co/deepseek-ai/DeepSeek-R1-0528-Qwen3-8B/blob/6e8885a6ff5c1dc5201574c8fd700323f23c25fa/README.md,"README.md: model description / architecture / intended use; matching lines 52, 60, 121",6e8885a6ff5c1dc5201574c8fd700323f23c25fa,2026-09-15,publisher-report,deepseek-ai/DeepSeek-R1-0528-Qwen3-8B؛ شناسنامه و کاربرد اعلام‌شده، بدون تأیید مستقل.,اعداد پارامتر معرفی مدل، گرد‌شده‌اند؛ safetensors.total شمار عناصر ذخیره‌شده است و الزاماً پارامتر یکتا نیست. | کیفیت، زمان پاسخ و حداقل سخت‌افزار از شناسنامه استنتاج نمی‌شود.
evidence:deepseek-ai-deepseek-r1-0528-qwen3-8b-metadata,DeepSeek-R1-0528-Qwen3-8B — Hub metadata,https://huggingface.co/api/models/deepseek-ai/DeepSeek-R1-0528-Qwen3-8B?blobs=true,$.sha; $.id; $.pipeline_tag; $.cardData; $.safetensors; $.siblings,6e8885a6ff5c1dc5201574c8fd700323f23c25fa,2026-09-15,publisher-report,deepseek-ai/DeepSeek-R1-0528-Qwen3-8B؛ فرادادهٔ مشاهده‌شده در این تاریخ، نه اندازه‌گیری اجرای مدل.,فهرست فایل و شمار tensorها معادل حافظهٔ اجرا یا شمار پارامتر یکتا نیست.
evidence:deepseek-ai-deepseek-r1-0528-qwen3-8b-parameters,DeepSeek-R1-0528-Qwen3-8B — parameter specification,https://huggingface.co/deepseek-ai/DeepSeek-R1-0528-Qwen3-8B/blob/6e8885a6ff5c1dc5201574c8fd700323f23c25fa/README.md,"README.md: parameter count / named model variant; matching lines 94, 95, 105, 121, 135",6e8885a6ff5c1dc5201574c8fd700323f23c25fa,2026-09-15,publisher-report,deepseek-ai/DeepSeek-R1-0528-Qwen3-8B؛ شمار پارامترهای معرفی‌شده و حدود شمارش آن‌ها.,اعداد پارامتر معرفی مدل، گرد‌شده‌اند؛ safetensors.total شمار عناصر ذخیره‌شده است و الزاماً پارامتر یکتا نیست.
evidence:deepseek-ai-deepseek-r1-0528-qwen3-8b-license,DeepSeek-R1-0528-Qwen3-8B — license declaration,https://huggingface.co/deepseek-ai/DeepSeek-R1-0528-Qwen3-8B/blob/6e8885a6ff5c1dc5201574c8fd700323f23c25fa/README.md,"README.md: license / underlying-model terms; Hub $.cardData.license; matching lines 2, 39, 40, 186, 187",6e8885a6ff5c1dc5201574c8fd700323f23c25fa,2026-09-15,publisher-report,deepseek-ai/DeepSeek-R1-0528-Qwen3-8B؛ نام و شرایط مجوز اعلام‌شدهٔ ناشر؛ بدون داوری دربارهٔ اجرای حقوقی در ایران.,
evidence:deepseek-ai-deepseek-r1-0528-qwen3-8b-config,DeepSeek-R1-0528-Qwen3-8B — configuration,https://huggingface.co/deepseek-ai/DeepSeek-R1-0528-Qwen3-8B/blob/6e8885a6ff5c1dc5201574c8fd700323f23c25fa/config.json,"config.json: architectures, model_type, text_config, max_position_embeddings, quantization_config, torch_dtype/dtype",6e8885a6ff5c1dc5201574c8fd700323f23c25fa,2026-09-15,publisher-report,deepseek-ai/DeepSeek-R1-0528-Qwen3-8B؛ پیکربندی checkpoint، نه نتیجهٔ آزمون کیفیت یا سازگاری.,
evidence:deepseek-ai-deepseek-r1-0528-qwen3-8b-weight-files,DeepSeek-R1-0528-Qwen3-8B — selected weight-file sizes,https://huggingface.co/api/models/deepseek-ai/DeepSeek-R1-0528-Qwen3-8B?blobs=true,$.siblings[ rfilename matches selected manifest filenames ].size; $.sha,6e8885a6ff5c1dc5201574c8fd700323f23c25fa,2026-09-15,calculated-from-specifications,deepseek-ai/DeepSeek-R1-0528-Qwen3-8B؛ جمع بایت فایل‌های وزن همین نمایش؛ توکنایزر، cache و تبدیل خارج است.,اندازهٔ دیسک است؛ معادل VRAM یا RAM نیست. | هیچ فایل وزن دانلود یا روی سخت‌افزار اجرا نشده است.
evidence:deepseek-ai-deepseek-r1-distill-llama-70b-card,DeepSeek-R1-Distill-Llama-70B — model card,https://huggingface.co/deepseek-ai/DeepSeek-R1-Distill-Llama-70B/blob/b1c0b44b4369b597ad119a196caf79a9c40e141e/README.md,"README.md: model description / architecture / intended use; matching lines 66, 72, 74, 98, 127",b1c0b44b4369b597ad119a196caf79a9c40e141e,2026-09-15,publisher-report,deepseek-ai/DeepSeek-R1-Distill-Llama-70B؛ شناسنامه و کاربرد اعلام‌شده، بدون تأیید مستقل.,اعداد پارامتر معرفی مدل، گرد‌شده‌اند؛ safetensors.total شمار عناصر ذخیره‌شده است و الزاماً پارامتر یکتا نیست. | کیفیت، زمان پاسخ و حداقل سخت‌افزار از شناسنامه استنتاج نمی‌شود.
evidence:deepseek-ai-deepseek-r1-distill-llama-70b-metadata,DeepSeek-R1-Distill-Llama-70B — Hub metadata,https://huggingface.co/api/models/deepseek-ai/DeepSeek-R1-Distill-Llama-70B?blobs=true,$.sha; $.id; $.pipeline_tag; $.cardData; $.safetensors; $.siblings,b1c0b44b4369b597ad119a196caf79a9c40e141e,2026-09-15,publisher-report,deepseek-ai/DeepSeek-R1-Distill-Llama-70B؛ فرادادهٔ مشاهده‌شده در این تاریخ، نه اندازه‌گیری اجرای مدل.,فهرست فایل و شمار tensorها معادل حافظهٔ اجرا یا شمار پارامتر یکتا نیست.
evidence:deepseek-ai-deepseek-r1-distill-llama-70b-parameters,DeepSeek-R1-Distill-Llama-70B — parameter specification,https://huggingface.co/deepseek-ai/DeepSeek-R1-Distill-Llama-70B/blob/b1c0b44b4369b597ad119a196caf79a9c40e141e/README.md,"README.md: parameter count / named model variant; matching lines 111, 171, 222",b1c0b44b4369b597ad119a196caf79a9c40e141e,2026-09-15,publisher-report,deepseek-ai/DeepSeek-R1-Distill-Llama-70B؛ شمار پارامترهای معرفی‌شده و حدود شمارش آن‌ها.,اعداد پارامتر معرفی مدل، گرد‌شده‌اند؛ safetensors.total شمار عناصر ذخیره‌شده است و الزاماً پارامتر یکتا نیست.
evidence:deepseek-ai-deepseek-r1-distill-llama-70b-license,DeepSeek-R1-Distill-Llama-70B — license declaration,https://huggingface.co/deepseek-ai/DeepSeek-R1-Distill-Llama-70B/blob/b1c0b44b4369b597ad119a196caf79a9c40e141e/README.md,"README.md: license / underlying-model terms; Hub $.cardData.license; matching lines 2, 39, 40, 217, 218, 220, 221, 222",b1c0b44b4369b597ad119a196caf79a9c40e141e,2026-09-15,publisher-report,deepseek-ai/DeepSeek-R1-Distill-Llama-70B؛ نام و شرایط مجوز اعلام‌شدهٔ ناشر؛ بدون داوری دربارهٔ اجرای حقوقی در ایران.,
evidence:deepseek-ai-deepseek-r1-distill-llama-70b-config,DeepSeek-R1-Distill-Llama-70B — configuration,https://huggingface.co/deepseek-ai/DeepSeek-R1-Distill-Llama-70B/blob/b1c0b44b4369b597ad119a196caf79a9c40e141e/config.json,"config.json: architectures, model_type, text_config, max_position_embeddings, quantization_config, torch_dtype/dtype",b1c0b44b4369b597ad119a196caf79a9c40e141e,2026-09-15,publisher-report,deepseek-ai/DeepSeek-R1-Distill-Llama-70B؛ پیکربندی checkpoint، نه نتیجهٔ آزمون کیفیت یا سازگاری.,
evidence:deepseek-ai-deepseek-r1-distill-llama-70b-weight-files,DeepSeek-R1-Distill-Llama-70B — selected weight-file sizes,https://huggingface.co/api/models/deepseek-ai/DeepSeek-R1-Distill-Llama-70B?blobs=true,$.siblings[ rfilename matches selected manifest filenames ].size; $.sha,b1c0b44b4369b597ad119a196caf79a9c40e141e,2026-09-15,calculated-from-specifications,deepseek-ai/DeepSeek-R1-Distill-Llama-70B؛ جمع بایت فایل‌های وزن همین نمایش؛ توکنایزر، cache و تبدیل خارج است.,اندازهٔ دیسک است؛ معادل VRAM یا RAM نیست. | هیچ فایل وزن دانلود یا روی سخت‌افزار اجرا نشده است.
evidence:deepseek-ai-deepseek-r1-distill-qwen-1-5b-card,DeepSeek-R1-Distill-Qwen-1.5B — model card,https://huggingface.co/deepseek-ai/DeepSeek-R1-Distill-Qwen-1.5B/blob/ad9f0ae0864d7fbcd1cd905e3c6c5b069cc8b562/README.md,"README.md: model description / architecture / intended use; matching lines 66, 72, 74, 98, 127",ad9f0ae0864d7fbcd1cd905e3c6c5b069cc8b562,2026-09-15,publisher-report,deepseek-ai/DeepSeek-R1-Distill-Qwen-1.5B؛ شناسنامه و کاربرد اعلام‌شده، بدون تأیید مستقل.,اعداد پارامتر معرفی مدل، گرد‌شده‌اند؛ safetensors.total شمار عناصر ذخیره‌شده است و الزاماً پارامتر یکتا نیست. | کیفیت، زمان پاسخ و حداقل سخت‌افزار از شناسنامه استنتاج نمی‌شود.
evidence:deepseek-ai-deepseek-r1-distill-qwen-1-5b-metadata,DeepSeek-R1-Distill-Qwen-1.5B — Hub metadata,https://huggingface.co/api/models/deepseek-ai/DeepSeek-R1-Distill-Qwen-1.5B?blobs=true,$.sha; $.id; $.pipeline_tag; $.cardData; $.safetensors; $.siblings,ad9f0ae0864d7fbcd1cd905e3c6c5b069cc8b562,2026-09-15,publisher-report,deepseek-ai/DeepSeek-R1-Distill-Qwen-1.5B؛ فرادادهٔ مشاهده‌شده در این تاریخ، نه اندازه‌گیری اجرای مدل.,فهرست فایل و شمار tensorها معادل حافظهٔ اجرا یا شمار پارامتر یکتا نیست.
evidence:deepseek-ai-deepseek-r1-distill-qwen-1-5b-parameters,DeepSeek-R1-Distill-Qwen-1.5B — parameter specification,https://huggingface.co/deepseek-ai/DeepSeek-R1-Distill-Qwen-1.5B/blob/ad9f0ae0864d7fbcd1cd905e3c6c5b069cc8b562/README.md,"README.md: parameter count / named model variant; matching lines 106, 166, 220",ad9f0ae0864d7fbcd1cd905e3c6c5b069cc8b562,2026-09-15,publisher-report,deepseek-ai/DeepSeek-R1-Distill-Qwen-1.5B؛ شمار پارامترهای معرفی‌شده و حدود شمارش آن‌ها.,اعداد پارامتر معرفی مدل، گرد‌شده‌اند؛ safetensors.total شمار عناصر ذخیره‌شده است و الزاماً پارامتر یکتا نیست.
evidence:deepseek-ai-deepseek-r1-distill-qwen-1-5b-license,DeepSeek-R1-Distill-Qwen-1.5B — license declaration,https://huggingface.co/deepseek-ai/DeepSeek-R1-Distill-Qwen-1.5B/blob/ad9f0ae0864d7fbcd1cd905e3c6c5b069cc8b562/README.md,"README.md: license / underlying-model terms; Hub $.cardData.license; matching lines 2, 39, 40, 217, 218, 220, 221, 222",ad9f0ae0864d7fbcd1cd905e3c6c5b069cc8b562,2026-09-15,publisher-report,deepseek-ai/DeepSeek-R1-Distill-Qwen-1.5B؛ نام و شرایط مجوز اعلام‌شدهٔ ناشر؛ بدون داوری دربارهٔ اجرای حقوقی در ایران.,
evidence:deepseek-ai-deepseek-r1-distill-qwen-1-5b-config,DeepSeek-R1-Distill-Qwen-1.5B — configuration,https://huggingface.co/deepseek-ai/DeepSeek-R1-Distill-Qwen-1.5B/blob/ad9f0ae0864d7fbcd1cd905e3c6c5b069cc8b562/config.json,"config.json: architectures, model_type, text_config, max_position_embeddings, quantization_config, torch_dtype/dtype",ad9f0ae0864d7fbcd1cd905e3c6c5b069cc8b562,2026-09-15,publisher-report,deepseek-ai/DeepSeek-R1-Distill-Qwen-1.5B؛ پیکربندی checkpoint، نه نتیجهٔ آزمون کیفیت یا سازگاری.,
evidence:deepseek-ai-deepseek-r1-distill-qwen-1-5b-weight-files,DeepSeek-R1-Distill-Qwen-1.5B — selected weight-file sizes,https://huggingface.co/api/models/deepseek-ai/DeepSeek-R1-Distill-Qwen-1.5B?blobs=true,$.siblings[ rfilename matches selected manifest filenames ].size; $.sha,ad9f0ae0864d7fbcd1cd905e3c6c5b069cc8b562,2026-09-15,calculated-from-specifications,deepseek-ai/DeepSeek-R1-Distill-Qwen-1.5B؛ جمع بایت فایل‌های وزن همین نمایش؛ توکنایزر، cache و تبدیل خارج است.,اندازهٔ دیسک است؛ معادل VRAM یا RAM نیست. | هیچ فایل وزن دانلود یا روی سخت‌افزار اجرا نشده است.
evidence:deepseek-ai-deepseek-r1-distill-qwen-14b-card,DeepSeek-R1-Distill-Qwen-14B — model card,https://huggingface.co/deepseek-ai/DeepSeek-R1-Distill-Qwen-14B/blob/1df8507178afcc1bef68cd8c393f61a886323761/README.md,"README.md: model description / architecture / intended use; matching lines 66, 72, 74, 98, 127",1df8507178afcc1bef68cd8c393f61a886323761,2026-09-15,publisher-report,deepseek-ai/DeepSeek-R1-Distill-Qwen-14B؛ شناسنامه و کاربرد اعلام‌شده، بدون تأیید مستقل.,اعداد پارامتر معرفی مدل، گرد‌شده‌اند؛ safetensors.total شمار عناصر ذخیره‌شده است و الزاماً پارامتر یکتا نیست. | کیفیت، زمان پاسخ و حداقل سخت‌افزار از شناسنامه استنتاج نمی‌شود.
evidence:deepseek-ai-deepseek-r1-distill-qwen-14b-metadata,DeepSeek-R1-Distill-Qwen-14B — Hub metadata,https://huggingface.co/api/models/deepseek-ai/DeepSeek-R1-Distill-Qwen-14B?blobs=true,$.sha; $.id; $.pipeline_tag; $.cardData; $.safetensors; $.siblings,1df8507178afcc1bef68cd8c393f61a886323761,2026-09-15,publisher-report,deepseek-ai/DeepSeek-R1-Distill-Qwen-14B؛ فرادادهٔ مشاهده‌شده در این تاریخ، نه اندازه‌گیری اجرای مدل.,فهرست فایل و شمار tensorها معادل حافظهٔ اجرا یا شمار پارامتر یکتا نیست.
evidence:deepseek-ai-deepseek-r1-distill-qwen-14b-parameters,DeepSeek-R1-Distill-Qwen-14B — parameter specification,https://huggingface.co/deepseek-ai/DeepSeek-R1-Distill-Qwen-14B/blob/1df8507178afcc1bef68cd8c393f61a886323761/README.md,"README.md: parameter count / named model variant; matching lines 109, 168, 220",1df8507178afcc1bef68cd8c393f61a886323761,2026-09-15,publisher-report,deepseek-ai/DeepSeek-R1-Distill-Qwen-14B؛ شمار پارامترهای معرفی‌شده و حدود شمارش آن‌ها.,اعداد پارامتر معرفی مدل، گرد‌شده‌اند؛ safetensors.total شمار عناصر ذخیره‌شده است و الزاماً پارامتر یکتا نیست.
evidence:deepseek-ai-deepseek-r1-distill-qwen-14b-license,DeepSeek-R1-Distill-Qwen-14B — license declaration,https://huggingface.co/deepseek-ai/DeepSeek-R1-Distill-Qwen-14B/blob/1df8507178afcc1bef68cd8c393f61a886323761/README.md,"README.md: license / underlying-model terms; Hub $.cardData.license; matching lines 2, 39, 40, 217, 218, 220, 221, 222",1df8507178afcc1bef68cd8c393f61a886323761,2026-09-15,publisher-report,deepseek-ai/DeepSeek-R1-Distill-Qwen-14B؛ نام و شرایط مجوز اعلام‌شدهٔ ناشر؛ بدون داوری دربارهٔ اجرای حقوقی در ایران.,
evidence:deepseek-ai-deepseek-r1-distill-qwen-14b-config,DeepSeek-R1-Distill-Qwen-14B — configuration,https://huggingface.co/deepseek-ai/DeepSeek-R1-Distill-Qwen-14B/blob/1df8507178afcc1bef68cd8c393f61a886323761/config.json,"config.json: architectures, model_type, text_config, max_position_embeddings, quantization_config, torch_dtype/dtype",1df8507178afcc1bef68cd8c393f61a886323761,2026-09-15,publisher-report,deepseek-ai/DeepSeek-R1-Distill-Qwen-14B؛ پیکربندی checkpoint، نه نتیجهٔ آزمون کیفیت یا سازگاری.,
evidence:deepseek-ai-deepseek-r1-distill-qwen-14b-weight-files,DeepSeek-R1-Distill-Qwen-14B — selected weight-file sizes,https://huggingface.co/api/models/deepseek-ai/DeepSeek-R1-Distill-Qwen-14B?blobs=true,$.siblings[ rfilename matches selected manifest filenames ].size; $.sha,1df8507178afcc1bef68cd8c393f61a886323761,2026-09-15,calculated-from-specifications,deepseek-ai/DeepSeek-R1-Distill-Qwen-14B؛ جمع بایت فایل‌های وزن همین نمایش؛ توکنایزر، cache و تبدیل خارج است.,اندازهٔ دیسک است؛ معادل VRAM یا RAM نیست. | هیچ فایل وزن دانلود یا روی سخت‌افزار اجرا نشده است.
evidence:deepseek-ai-deepseek-r1-distill-qwen-32b-card,DeepSeek-R1-Distill-Qwen-32B — model card,https://huggingface.co/deepseek-ai/DeepSeek-R1-Distill-Qwen-32B/blob/711ad2ea6aa40cfca18895e8aca02ab92df1a746/README.md,"README.md: model description / architecture / intended use; matching lines 66, 72, 74, 98, 127",711ad2ea6aa40cfca18895e8aca02ab92df1a746,2026-09-15,publisher-report,deepseek-ai/DeepSeek-R1-Distill-Qwen-32B؛ شناسنامه و کاربرد اعلام‌شده، بدون تأیید مستقل.,اعداد پارامتر معرفی مدل، گرد‌شده‌اند؛ safetensors.total شمار عناصر ذخیره‌شده است و الزاماً پارامتر یکتا نیست. | کیفیت، زمان پاسخ و حداقل سخت‌افزار از شناسنامه استنتاج نمی‌شود.
evidence:deepseek-ai-deepseek-r1-distill-qwen-32b-metadata,DeepSeek-R1-Distill-Qwen-32B — Hub metadata,https://huggingface.co/api/models/deepseek-ai/DeepSeek-R1-Distill-Qwen-32B?blobs=true,$.sha; $.id; $.pipeline_tag; $.cardData; $.safetensors; $.siblings,711ad2ea6aa40cfca18895e8aca02ab92df1a746,2026-09-15,publisher-report,deepseek-ai/DeepSeek-R1-Distill-Qwen-32B؛ فرادادهٔ مشاهده‌شده در این تاریخ، نه اندازه‌گیری اجرای مدل.,فهرست فایل و شمار tensorها معادل حافظهٔ اجرا یا شمار پارامتر یکتا نیست.
evidence:deepseek-ai-deepseek-r1-distill-qwen-32b-parameters,DeepSeek-R1-Distill-Qwen-32B — parameter specification,https://huggingface.co/deepseek-ai/DeepSeek-R1-Distill-Qwen-32B/blob/711ad2ea6aa40cfca18895e8aca02ab92df1a746/README.md,"README.md: parameter count / named model variant; matching lines 58, 110, 169, 196, 202, 220",711ad2ea6aa40cfca18895e8aca02ab92df1a746,2026-09-15,publisher-report,deepseek-ai/DeepSeek-R1-Distill-Qwen-32B؛ شمار پارامترهای معرفی‌شده و حدود شمارش آن‌ها.,اعداد پارامتر معرفی مدل، گرد‌شده‌اند؛ safetensors.total شمار عناصر ذخیره‌شده است و الزاماً پارامتر یکتا نیست.
evidence:deepseek-ai-deepseek-r1-distill-qwen-32b-license,DeepSeek-R1-Distill-Qwen-32B — license declaration,https://huggingface.co/deepseek-ai/DeepSeek-R1-Distill-Qwen-32B/blob/711ad2ea6aa40cfca18895e8aca02ab92df1a746/README.md,"README.md: license / underlying-model terms; Hub $.cardData.license; matching lines 2, 39, 40, 217, 218, 220, 221, 222",711ad2ea6aa40cfca18895e8aca02ab92df1a746,2026-09-15,publisher-report,deepseek-ai/DeepSeek-R1-Distill-Qwen-32B؛ نام و شرایط مجوز اعلام‌شدهٔ ناشر؛ بدون داوری دربارهٔ اجرای حقوقی در ایران.,
evidence:deepseek-ai-deepseek-r1-distill-qwen-32b-config,DeepSeek-R1-Distill-Qwen-32B — configuration,https://huggingface.co/deepseek-ai/DeepSeek-R1-Distill-Qwen-32B/blob/711ad2ea6aa40cfca18895e8aca02ab92df1a746/config.json,"config.json: architectures, model_type, text_config, max_position_embeddings, quantization_config, torch_dtype/dtype",711ad2ea6aa40cfca18895e8aca02ab92df1a746,2026-09-15,publisher-report,deepseek-ai/DeepSeek-R1-Distill-Qwen-32B؛ پیکربندی checkpoint، نه نتیجهٔ آزمون کیفیت یا سازگاری.,
evidence:deepseek-ai-deepseek-r1-distill-qwen-32b-weight-files,DeepSeek-R1-Distill-Qwen-32B — selected weight-file sizes,https://huggingface.co/api/models/deepseek-ai/DeepSeek-R1-Distill-Qwen-32B?blobs=true,$.siblings[ rfilename matches selected manifest filenames ].size; $.sha,711ad2ea6aa40cfca18895e8aca02ab92df1a746,2026-09-15,calculated-from-specifications,deepseek-ai/DeepSeek-R1-Distill-Qwen-32B؛ جمع بایت فایل‌های وزن همین نمایش؛ توکنایزر، cache و تبدیل خارج است.,اندازهٔ دیسک است؛ معادل VRAM یا RAM نیست. | هیچ فایل وزن دانلود یا روی سخت‌افزار اجرا نشده است.
evidence:deepseek-ai-deepseek-r1-distill-qwen-7b-card,DeepSeek-R1-Distill-Qwen-7B — model card,https://huggingface.co/deepseek-ai/DeepSeek-R1-Distill-Qwen-7B/blob/916b56a44061fd5cd7d6a8fb632557ed4f724f60/README.md,"README.md: model description / architecture / intended use; matching lines 66, 72, 74, 98, 127",916b56a44061fd5cd7d6a8fb632557ed4f724f60,2026-09-15,publisher-report,deepseek-ai/DeepSeek-R1-Distill-Qwen-7B؛ شناسنامه و کاربرد اعلام‌شده، بدون تأیید مستقل.,اعداد پارامتر معرفی مدل، گرد‌شده‌اند؛ safetensors.total شمار عناصر ذخیره‌شده است و الزاماً پارامتر یکتا نیست. | کیفیت، زمان پاسخ و حداقل سخت‌افزار از شناسنامه استنتاج نمی‌شود.
evidence:deepseek-ai-deepseek-r1-distill-qwen-7b-metadata,DeepSeek-R1-Distill-Qwen-7B — Hub metadata,https://huggingface.co/api/models/deepseek-ai/DeepSeek-R1-Distill-Qwen-7B?blobs=true,$.sha; $.id; $.pipeline_tag; $.cardData; $.safetensors; $.siblings,916b56a44061fd5cd7d6a8fb632557ed4f724f60,2026-09-15,publisher-report,deepseek-ai/DeepSeek-R1-Distill-Qwen-7B؛ فرادادهٔ مشاهده‌شده در این تاریخ، نه اندازه‌گیری اجرای مدل.,فهرست فایل و شمار tensorها معادل حافظهٔ اجرا یا شمار پارامتر یکتا نیست.
evidence:deepseek-ai-deepseek-r1-distill-qwen-7b-parameters,DeepSeek-R1-Distill-Qwen-7B — parameter specification,https://huggingface.co/deepseek-ai/DeepSeek-R1-Distill-Qwen-7B/blob/916b56a44061fd5cd7d6a8fb632557ed4f724f60/README.md,"README.md: parameter count / named model variant; matching lines 107, 167, 220",916b56a44061fd5cd7d6a8fb632557ed4f724f60,2026-09-15,publisher-report,deepseek-ai/DeepSeek-R1-Distill-Qwen-7B؛ شمار پارامترهای معرفی‌شده و حدود شمارش آن‌ها.,اعداد پارامتر معرفی مدل، گرد‌شده‌اند؛ safetensors.total شمار عناصر ذخیره‌شده است و الزاماً پارامتر یکتا نیست.
evidence:deepseek-ai-deepseek-r1-distill-qwen-7b-license,DeepSeek-R1-Distill-Qwen-7B — license declaration,https://huggingface.co/deepseek-ai/DeepSeek-R1-Distill-Qwen-7B/blob/916b56a44061fd5cd7d6a8fb632557ed4f724f60/README.md,"README.md: license / underlying-model terms; Hub $.cardData.license; matching lines 2, 39, 40, 217, 218, 220, 221, 222",916b56a44061fd5cd7d6a8fb632557ed4f724f60,2026-09-15,publisher-report,deepseek-ai/DeepSeek-R1-Distill-Qwen-7B؛ نام و شرایط مجوز اعلام‌شدهٔ ناشر؛ بدون داوری دربارهٔ اجرای حقوقی در ایران.,
evidence:deepseek-ai-deepseek-r1-distill-qwen-7b-config,DeepSeek-R1-Distill-Qwen-7B — configuration,https://huggingface.co/deepseek-ai/DeepSeek-R1-Distill-Qwen-7B/blob/916b56a44061fd5cd7d6a8fb632557ed4f724f60/config.json,"config.json: architectures, model_type, text_config, max_position_embeddings, quantization_config, torch_dtype/dtype",916b56a44061fd5cd7d6a8fb632557ed4f724f60,2026-09-15,publisher-report,deepseek-ai/DeepSeek-R1-Distill-Qwen-7B؛ پیکربندی checkpoint، نه نتیجهٔ آزمون کیفیت یا سازگاری.,
evidence:deepseek-ai-deepseek-r1-distill-qwen-7b-weight-files,DeepSeek-R1-Distill-Qwen-7B — selected weight-file sizes,https://huggingface.co/api/models/deepseek-ai/DeepSeek-R1-Distill-Qwen-7B?blobs=true,$.siblings[ rfilename matches selected manifest filenames ].size; $.sha,916b56a44061fd5cd7d6a8fb632557ed4f724f60,2026-09-15,calculated-from-specifications,deepseek-ai/DeepSeek-R1-Distill-Qwen-7B؛ جمع بایت فایل‌های وزن همین نمایش؛ توکنایزر، cache و تبدیل خارج است.,اندازهٔ دیسک است؛ معادل VRAM یا RAM نیست. | هیچ فایل وزن دانلود یا روی سخت‌افزار اجرا نشده است.
evidence:deepseek-ai-deepseek-v3-2-card,DeepSeek-V3.2 — model card,https://huggingface.co/deepseek-ai/DeepSeek-V3.2/blob/a7e62ac04ecb2c0a54d736dc46601c5606cf10a6/README.md,README.md: model description / architecture / intended use,a7e62ac04ecb2c0a54d736dc46601c5606cf10a6,2026-09-15,publisher-report,deepseek-ai/DeepSeek-V3.2؛ شناسنامه و کاربرد اعلام‌شده، بدون تأیید مستقل.,اعداد پارامتر معرفی مدل، گرد‌شده‌اند؛ safetensors.total شمار عناصر ذخیره‌شده است و الزاماً پارامتر یکتا نیست. | کیفیت، زمان پاسخ و حداقل سخت‌افزار از شناسنامه استنتاج نمی‌شود.
evidence:deepseek-ai-deepseek-v3-2-metadata,DeepSeek-V3.2 — Hub metadata,https://huggingface.co/api/models/deepseek-ai/DeepSeek-V3.2?blobs=true,$.sha; $.id; $.pipeline_tag; $.cardData; $.safetensors; $.siblings,a7e62ac04ecb2c0a54d736dc46601c5606cf10a6,2026-09-15,publisher-report,deepseek-ai/DeepSeek-V3.2؛ فرادادهٔ مشاهده‌شده در این تاریخ، نه اندازه‌گیری اجرای مدل.,فهرست فایل و شمار tensorها معادل حافظهٔ اجرا یا شمار پارامتر یکتا نیست.
evidence:deepseek-ai-deepseek-v3-2-parameters,DeepSeek-V3.2 — parameter specification,https://huggingface.co/deepseek-ai/DeepSeek-V3.2/blob/a7e62ac04ecb2c0a54d736dc46601c5606cf10a6/README.md,"README.md: parameter count / named model variant; matching lines 5, 8, 47, 52, 55, 67, 78, 104, 108, 109, 119",a7e62ac04ecb2c0a54d736dc46601c5606cf10a6,2026-09-15,publisher-report,deepseek-ai/DeepSeek-V3.2؛ شمار پارامترهای معرفی‌شده و حدود شمارش آن‌ها.,اعداد پارامتر معرفی مدل، گرد‌شده‌اند؛ safetensors.total شمار عناصر ذخیره‌شده است و الزاماً پارامتر یکتا نیست.
evidence:deepseek-ai-deepseek-v3-2-license,DeepSeek-V3.2 — license declaration,https://huggingface.co/deepseek-ai/DeepSeek-V3.2/blob/a7e62ac04ecb2c0a54d736dc46601c5606cf10a6/README.md,"README.md: license / underlying-model terms; Hub $.cardData.license; matching lines 2, 41, 42, 111, 113",a7e62ac04ecb2c0a54d736dc46601c5606cf10a6,2026-09-15,publisher-report,deepseek-ai/DeepSeek-V3.2؛ نام و شرایط مجوز اعلام‌شدهٔ ناشر؛ بدون داوری دربارهٔ اجرای حقوقی در ایران.,
evidence:deepseek-ai-deepseek-v3-2-config,DeepSeek-V3.2 — configuration,https://huggingface.co/deepseek-ai/DeepSeek-V3.2/blob/a7e62ac04ecb2c0a54d736dc46601c5606cf10a6/config.json,"config.json: architectures, model_type, text_config, max_position_embeddings, quantization_config, torch_dtype/dtype",a7e62ac04ecb2c0a54d736dc46601c5606cf10a6,2026-09-15,publisher-report,deepseek-ai/DeepSeek-V3.2؛ پیکربندی checkpoint، نه نتیجهٔ آزمون کیفیت یا سازگاری.,
evidence:deepseek-ai-deepseek-v3-2-weight-files,DeepSeek-V3.2 — selected weight-file sizes,https://huggingface.co/api/models/deepseek-ai/DeepSeek-V3.2?blobs=true,$.siblings[ rfilename matches selected manifest filenames ].size; $.sha,a7e62ac04ecb2c0a54d736dc46601c5606cf10a6,2026-09-15,calculated-from-specifications,deepseek-ai/DeepSeek-V3.2؛ جمع بایت فایل‌های وزن همین نمایش؛ توکنایزر، cache و تبدیل خارج است.,اندازهٔ دیسک است؛ معادل VRAM یا RAM نیست. | هیچ فایل وزن دانلود یا روی سخت‌افزار اجرا نشده است.
evidence:deepseek-ai-deepseek-v4-1-flash-card,DeepSeek-V4.1-Flash — model card,https://huggingface.co/deepseek-ai/DeepSeek-V4.1-Flash/blob/dba1be0a40aa45a94ad051997016db3960a90277/README.md,"README.md: model description / architecture / intended use; matching lines 47, 53, 76",dba1be0a40aa45a94ad051997016db3960a90277,2026-09-15,publisher-report,deepseek-ai/DeepSeek-V4.1-Flash؛ شناسنامه و کاربرد اعلام‌شده، بدون تأیید مستقل.,اعداد پارامتر معرفی مدل، گرد‌شده‌اند؛ safetensors.total شمار عناصر ذخیره‌شده است و الزاماً پارامتر یکتا نیست. | کیفیت، زمان پاسخ و حداقل سخت‌افزار از شناسنامه استنتاج نمی‌شود.
evidence:deepseek-ai-deepseek-v4-1-flash-metadata,DeepSeek-V4.1-Flash — Hub metadata,https://huggingface.co/api/models/deepseek-ai/DeepSeek-V4.1-Flash?blobs=true,$.sha; $.id; $.pipeline_tag; $.cardData; $.safetensors; $.siblings,dba1be0a40aa45a94ad051997016db3960a90277,2026-09-15,publisher-report,deepseek-ai/DeepSeek-V4.1-Flash؛ فرادادهٔ مشاهده‌شده در این تاریخ، نه اندازه‌گیری اجرای مدل.,فهرست فایل و شمار tensorها معادل حافظهٔ اجرا یا شمار پارامتر یکتا نیست.
evidence:deepseek-ai-deepseek-v4-1-flash-parameters,DeepSeek-V4.1-Flash — parameter specification,https://huggingface.co/deepseek-ai/DeepSeek-V4.1-Flash/blob/dba1be0a40aa45a94ad051997016db3960a90277/README.md,"README.md: parameter count / named model variant; matching lines 7, 40, 45, 47, 49, 51, 55, 60, 64, 74, 109, 168",dba1be0a40aa45a94ad051997016db3960a90277,2026-09-15,publisher-report,deepseek-ai/DeepSeek-V4.1-Flash؛ شمار پارامترهای معرفی‌شده و حدود شمارش آن‌ها.,اعداد پارامتر معرفی مدل، گرد‌شده‌اند؛ safetensors.total شمار عناصر ذخیره‌شده است و الزاماً پارامتر یکتا نیست.
evidence:deepseek-ai-deepseek-v4-1-flash-license,DeepSeek-V4.1-Flash — license declaration,https://huggingface.co/deepseek-ai/DeepSeek-V4.1-Flash/blob/dba1be0a40aa45a94ad051997016db3960a90277/README.md,"README.md: license / underlying-model terms; Hub $.cardData.license; matching lines 2, 34, 35, 181, 183",dba1be0a40aa45a94ad051997016db3960a90277,2026-09-15,publisher-report,deepseek-ai/DeepSeek-V4.1-Flash؛ نام و شرایط مجوز اعلام‌شدهٔ ناشر؛ بدون داوری دربارهٔ اجرای حقوقی در ایران.,
evidence:deepseek-ai-deepseek-v4-1-flash-config,DeepSeek-V4.1-Flash — configuration,https://huggingface.co/deepseek-ai/DeepSeek-V4.1-Flash/blob/dba1be0a40aa45a94ad051997016db3960a90277/config.json,"config.json: architectures, model_type, text_config, max_position_embeddings, quantization_config, torch_dtype/dtype",dba1be0a40aa45a94ad051997016db3960a90277,2026-09-15,publisher-report,deepseek-ai/DeepSeek-V4.1-Flash؛ پیکربندی checkpoint، نه نتیجهٔ آزمون کیفیت یا سازگاری.,
evidence:deepseek-ai-deepseek-v4-1-flash-weight-files,DeepSeek-V4.1-Flash — selected weight-file sizes,https://huggingface.co/api/models/deepseek-ai/DeepSeek-V4.1-Flash?blobs=true,$.siblings[ rfilename matches selected manifest filenames ].size; $.sha,dba1be0a40aa45a94ad051997016db3960a90277,2026-09-15,calculated-from-specifications,deepseek-ai/DeepSeek-V4.1-Flash؛ جمع بایت فایل‌های وزن همین نمایش؛ توکنایزر، cache و تبدیل خارج است.,اندازهٔ دیسک است؛ معادل VRAM یا RAM نیست. | هیچ فایل وزن دانلود یا روی سخت‌افزار اجرا نشده است.
evidence:google-gemma-3-12b-it-card,gemma-3-12b-it — model card,https://huggingface.co/google/gemma-3-12b-it,"README.md: model description / architecture / intended use; matching lines 865, 866, 943, 1020, 1021",,2026-09-15,publisher-report,google/gemma-3-12b-it؛ شناسنامه و کاربرد اعلام‌شده، بدون تأیید مستقل.,اعداد پارامتر معرفی مدل، گرد‌شده‌اند؛ safetensors.total شمار عناصر ذخیره‌شده است و الزاماً پارامتر یکتا نیست. | کیفیت، زمان پاسخ و حداقل سخت‌افزار از شناسنامه استنتاج نمی‌شود. | کارت عمومی در تاریخ دسترسی خوانده شده؛ متن کارت به commit وزن‌ها پین نشده است.
evidence:google-gemma-3-12b-it-metadata,gemma-3-12b-it — Hub metadata,https://huggingface.co/api/models/google/gemma-3-12b-it?blobs=true,$.sha; $.id; $.pipeline_tag; $.cardData; $.safetensors; $.siblings,96b6f1eccf38110c56df3a15bffe176da04bfd80,2026-09-15,publisher-report,google/gemma-3-12b-it؛ فرادادهٔ مشاهده‌شده در این تاریخ، نه اندازه‌گیری اجرای مدل.,فهرست فایل و شمار tensorها معادل حافظهٔ اجرا یا شمار پارامتر یکتا نیست.
evidence:google-gemma-3-12b-it-parameters,gemma-3-12b-it — parameter specification,https://huggingface.co/google/gemma-3-12b-it,"README.md: parameter count / named model variant; matching lines 129, 171, 866",,2026-09-15,publisher-report,google/gemma-3-12b-it؛ شمار پارامترهای معرفی‌شده و حدود شمارش آن‌ها.,اعداد پارامتر معرفی مدل، گرد‌شده‌اند؛ safetensors.total شمار عناصر ذخیره‌شده است و الزاماً پارامتر یکتا نیست. | کارت عمومی در تاریخ دسترسی خوانده شده؛ متن کارت به commit وزن‌ها پین نشده است.
evidence:google-gemma-3-12b-it-license,gemma-3-12b-it — license declaration,https://huggingface.co/google/gemma-3-12b-it,"README.md: license / underlying-model terms; Hub $.cardData.license; matching lines 1, 26",,2026-09-15,publisher-report,google/gemma-3-12b-it؛ نام و شرایط مجوز اعلام‌شدهٔ ناشر؛ بدون داوری دربارهٔ اجرای حقوقی در ایران.,
evidence:google-gemma-3-12b-it-context,gemma-3-12b-it — context declaration,https://huggingface.co/google/gemma-3-12b-it,"README.md: context length / model specification / usage limits; matching lines 54, 81, 82, 93, 893, 952, 957, 958",,2026-09-15,publisher-report,google/gemma-3-12b-it؛ طول زمینهٔ اعلام‌شده، جدا از مقدار پیکربندی و طول آزموده‌شده.,KV cache، توکن تصویر و خروجی تولیدی نیز باید در سناریوی واقعی حساب شوند.
evidence:google-gemma-3-12b-it-weight-files,gemma-3-12b-it — selected weight-file sizes,https://huggingface.co/api/models/google/gemma-3-12b-it?blobs=true,$.siblings[ rfilename matches selected manifest filenames ].size; $.sha,96b6f1eccf38110c56df3a15bffe176da04bfd80,2026-09-15,calculated-from-specifications,google/gemma-3-12b-it؛ جمع بایت فایل‌های وزن همین نمایش؛ توکنایزر، cache و تبدیل خارج است.,اندازهٔ دیسک است؛ معادل VRAM یا RAM نیست. | هیچ فایل وزن دانلود یا روی سخت‌افزار اجرا نشده است.
evidence:google-gemma-3-1b-it-card,gemma-3-1b-it — model card,https://huggingface.co/google/gemma-3-1b-it,"README.md: model description / architecture / intended use; matching lines 845, 846, 923, 1000, 1001",,2026-09-15,publisher-report,google/gemma-3-1b-it؛ شناسنامه و کاربرد اعلام‌شده، بدون تأیید مستقل.,اعداد پارامتر معرفی مدل، گرد‌شده‌اند؛ safetensors.total شمار عناصر ذخیره‌شده است و الزاماً پارامتر یکتا نیست. | کیفیت، زمان پاسخ و حداقل سخت‌افزار از شناسنامه استنتاج نمی‌شود. | کارت عمومی در تاریخ دسترسی خوانده شده؛ متن کارت به commit وزن‌ها پین نشده است.
evidence:google-gemma-3-1b-it-metadata,gemma-3-1b-it — Hub metadata,https://huggingface.co/api/models/google/gemma-3-1b-it?blobs=true,$.sha; $.id; $.pipeline_tag; $.cardData; $.safetensors; $.siblings,dcc83ea841ab6100d6b47a070329e1ba4cf78752,2026-09-15,publisher-report,google/gemma-3-1b-it؛ فرادادهٔ مشاهده‌شده در این تاریخ، نه اندازه‌گیری اجرای مدل.,فهرست فایل و شمار tensorها معادل حافظهٔ اجرا یا شمار پارامتر یکتا نیست.
evidence:google-gemma-3-1b-it-parameters,gemma-3-1b-it — parameter specification,https://huggingface.co/google/gemma-3-1b-it,"README.md: parameter count / named model variant; matching lines 127, 155, 846",,2026-09-15,publisher-report,google/gemma-3-1b-it؛ شمار پارامترهای معرفی‌شده و حدود شمارش آن‌ها.,اعداد پارامتر معرفی مدل، گرد‌شده‌اند؛ safetensors.total شمار عناصر ذخیره‌شده است و الزاماً پارامتر یکتا نیست. | کارت عمومی در تاریخ دسترسی خوانده شده؛ متن کارت به commit وزن‌ها پین نشده است.
evidence:google-gemma-3-1b-it-license,gemma-3-1b-it — license declaration,https://huggingface.co/google/gemma-3-1b-it,"README.md: license / underlying-model terms; Hub $.cardData.license; matching lines 1, 26",,2026-09-15,publisher-report,google/gemma-3-1b-it؛ نام و شرایط مجوز اعلام‌شدهٔ ناشر؛ بدون داوری دربارهٔ اجرای حقوقی در ایران.,
evidence:google-gemma-3-1b-it-context,gemma-3-1b-it — context declaration,https://huggingface.co/google/gemma-3-1b-it,"README.md: context length / model specification / usage limits; matching lines 54, 81, 82, 93, 873, 932, 937, 938",,2026-09-15,publisher-report,google/gemma-3-1b-it؛ طول زمینهٔ اعلام‌شده، جدا از مقدار پیکربندی و طول آزموده‌شده.,KV cache، توکن تصویر و خروجی تولیدی نیز باید در سناریوی واقعی حساب شوند.
evidence:google-gemma-3-1b-it-weight-files,gemma-3-1b-it — selected weight-file sizes,https://huggingface.co/api/models/google/gemma-3-1b-it?blobs=true,$.siblings[ rfilename matches selected manifest filenames ].size; $.sha,dcc83ea841ab6100d6b47a070329e1ba4cf78752,2026-09-15,calculated-from-specifications,google/gemma-3-1b-it؛ جمع بایت فایل‌های وزن همین نمایش؛ توکنایزر، cache و تبدیل خارج است.,اندازهٔ دیسک است؛ معادل VRAM یا RAM نیست. | هیچ فایل وزن دانلود یا روی سخت‌افزار اجرا نشده است.
evidence:google-gemma-3-27b-it-card,gemma-3-27b-it — model card,https://huggingface.co/google/gemma-3-27b-it,"README.md: model description / architecture / intended use; matching lines 865, 866, 943, 1020, 1021",,2026-09-15,publisher-report,google/gemma-3-27b-it؛ شناسنامه و کاربرد اعلام‌شده، بدون تأیید مستقل.,اعداد پارامتر معرفی مدل، گرد‌شده‌اند؛ safetensors.total شمار عناصر ذخیره‌شده است و الزاماً پارامتر یکتا نیست. | کیفیت، زمان پاسخ و حداقل سخت‌افزار از شناسنامه استنتاج نمی‌شود. | کارت عمومی در تاریخ دسترسی خوانده شده؛ متن کارت به commit وزن‌ها پین نشده است.
evidence:google-gemma-3-27b-it-metadata,gemma-3-27b-it — Hub metadata,https://huggingface.co/api/models/google/gemma-3-27b-it?blobs=true,$.sha; $.id; $.pipeline_tag; $.cardData; $.safetensors; $.siblings,005ad3404e59d6023443cb575daa05336842228a,2026-09-15,publisher-report,google/gemma-3-27b-it؛ فرادادهٔ مشاهده‌شده در این تاریخ، نه اندازه‌گیری اجرای مدل.,فهرست فایل و شمار tensorها معادل حافظهٔ اجرا یا شمار پارامتر یکتا نیست.
evidence:google-gemma-3-27b-it-parameters,gemma-3-27b-it — parameter specification,https://huggingface.co/google/gemma-3-27b-it,"README.md: parameter count / named model variant; matching lines 129, 171, 866",,2026-09-15,publisher-report,google/gemma-3-27b-it؛ شمار پارامترهای معرفی‌شده و حدود شمارش آن‌ها.,اعداد پارامتر معرفی مدل، گرد‌شده‌اند؛ safetensors.total شمار عناصر ذخیره‌شده است و الزاماً پارامتر یکتا نیست. | کارت عمومی در تاریخ دسترسی خوانده شده؛ متن کارت به commit وزن‌ها پین نشده است.
evidence:google-gemma-3-27b-it-license,gemma-3-27b-it — license declaration,https://huggingface.co/google/gemma-3-27b-it,"README.md: license / underlying-model terms; Hub $.cardData.license; matching lines 1, 26",,2026-09-15,publisher-report,google/gemma-3-27b-it؛ نام و شرایط مجوز اعلام‌شدهٔ ناشر؛ بدون داوری دربارهٔ اجرای حقوقی در ایران.,
evidence:google-gemma-3-27b-it-context,gemma-3-27b-it — context declaration,https://huggingface.co/google/gemma-3-27b-it,"README.md: context length / model specification / usage limits; matching lines 54, 81, 82, 93, 893, 952, 957, 958",,2026-09-15,publisher-report,google/gemma-3-27b-it؛ طول زمینهٔ اعلام‌شده، جدا از مقدار پیکربندی و طول آزموده‌شده.,KV cache، توکن تصویر و خروجی تولیدی نیز باید در سناریوی واقعی حساب شوند.
evidence:google-gemma-3-27b-it-weight-files,gemma-3-27b-it — selected weight-file sizes,https://huggingface.co/api/models/google/gemma-3-27b-it?blobs=true,$.siblings[ rfilename matches selected manifest filenames ].size; $.sha,005ad3404e59d6023443cb575daa05336842228a,2026-09-15,calculated-from-specifications,google/gemma-3-27b-it؛ جمع بایت فایل‌های وزن همین نمایش؛ توکنایزر، cache و تبدیل خارج است.,اندازهٔ دیسک است؛ معادل VRAM یا RAM نیست. | هیچ فایل وزن دانلود یا روی سخت‌افزار اجرا نشده است.
evidence:google-gemma-3-4b-it-card,gemma-3-4b-it — model card,https://huggingface.co/google/gemma-3-4b-it,"README.md: model description / architecture / intended use; matching lines 865, 866, 943, 1020, 1021",,2026-09-15,publisher-report,google/gemma-3-4b-it؛ شناسنامه و کاربرد اعلام‌شده، بدون تأیید مستقل.,اعداد پارامتر معرفی مدل، گرد‌شده‌اند؛ safetensors.total شمار عناصر ذخیره‌شده است و الزاماً پارامتر یکتا نیست. | کیفیت، زمان پاسخ و حداقل سخت‌افزار از شناسنامه استنتاج نمی‌شود. | کارت عمومی در تاریخ دسترسی خوانده شده؛ متن کارت به commit وزن‌ها پین نشده است.
evidence:google-gemma-3-4b-it-metadata,gemma-3-4b-it — Hub metadata,https://huggingface.co/api/models/google/gemma-3-4b-it?blobs=true,$.sha; $.id; $.pipeline_tag; $.cardData; $.safetensors; $.siblings,093f9f388b31de276ce2de164bdc2081324b9767,2026-09-15,publisher-report,google/gemma-3-4b-it؛ فرادادهٔ مشاهده‌شده در این تاریخ، نه اندازه‌گیری اجرای مدل.,فهرست فایل و شمار tensorها معادل حافظهٔ اجرا یا شمار پارامتر یکتا نیست.
evidence:google-gemma-3-4b-it-parameters,gemma-3-4b-it — parameter specification,https://huggingface.co/google/gemma-3-4b-it,"README.md: parameter count / named model variant; matching lines 129, 171, 866",,2026-09-15,publisher-report,google/gemma-3-4b-it؛ شمار پارامترهای معرفی‌شده و حدود شمارش آن‌ها.,اعداد پارامتر معرفی مدل، گرد‌شده‌اند؛ safetensors.total شمار عناصر ذخیره‌شده است و الزاماً پارامتر یکتا نیست. | کارت عمومی در تاریخ دسترسی خوانده شده؛ متن کارت به commit وزن‌ها پین نشده است.
evidence:google-gemma-3-4b-it-license,gemma-3-4b-it — license declaration,https://huggingface.co/google/gemma-3-4b-it,"README.md: license / underlying-model terms; Hub $.cardData.license; matching lines 1, 26",,2026-09-15,publisher-report,google/gemma-3-4b-it؛ نام و شرایط مجوز اعلام‌شدهٔ ناشر؛ بدون داوری دربارهٔ اجرای حقوقی در ایران.,
evidence:google-gemma-3-4b-it-context,gemma-3-4b-it — context declaration,https://huggingface.co/google/gemma-3-4b-it,"README.md: context length / model specification / usage limits; matching lines 54, 81, 82, 93, 893, 952, 957, 958",,2026-09-15,publisher-report,google/gemma-3-4b-it؛ طول زمینهٔ اعلام‌شده، جدا از مقدار پیکربندی و طول آزموده‌شده.,KV cache، توکن تصویر و خروجی تولیدی نیز باید در سناریوی واقعی حساب شوند.
evidence:google-gemma-3-4b-it-weight-files,gemma-3-4b-it — selected weight-file sizes,https://huggingface.co/api/models/google/gemma-3-4b-it?blobs=true,$.siblings[ rfilename matches selected manifest filenames ].size; $.sha,093f9f388b31de276ce2de164bdc2081324b9767,2026-09-15,calculated-from-specifications,google/gemma-3-4b-it؛ جمع بایت فایل‌های وزن همین نمایش؛ توکنایزر، cache و تبدیل خارج است.,اندازهٔ دیسک است؛ معادل VRAM یا RAM نیست. | هیچ فایل وزن دانلود یا روی سخت‌افزار اجرا نشده است.
evidence:google-gemma-4-26b-a4b-it-card,gemma-4-26B-A4B-it — model card,https://huggingface.co/google/gemma-4-26B-A4B-it/blob/4d7ae4984b7db7de8f8457170b3f1a419ee76d52/README.md,"README.md: model description / architecture / intended use; matching lines 27, 35, 41, 66, 113, 115, 466, 490, 512",4d7ae4984b7db7de8f8457170b3f1a419ee76d52,2026-09-15,publisher-report,google/gemma-4-26B-A4B-it؛ شناسنامه و کاربرد اعلام‌شده، بدون تأیید مستقل.,اعداد پارامتر معرفی مدل، گرد‌شده‌اند؛ safetensors.total شمار عناصر ذخیره‌شده است و الزاماً پارامتر یکتا نیست. | کیفیت، زمان پاسخ و حداقل سخت‌افزار از شناسنامه استنتاج نمی‌شود.
evidence:google-gemma-4-26b-a4b-it-metadata,gemma-4-26B-A4B-it — Hub metadata,https://huggingface.co/api/models/google/gemma-4-26B-A4B-it?blobs=true,$.sha; $.id; $.pipeline_tag; $.cardData; $.safetensors; $.siblings,4d7ae4984b7db7de8f8457170b3f1a419ee76d52,2026-09-15,publisher-report,google/gemma-4-26B-A4B-it؛ فرادادهٔ مشاهده‌شده در این تاریخ، نه اندازه‌گیری اجرای مدل.,فهرست فایل و شمار tensorها معادل حافظهٔ اجرا یا شمار پارامتر یکتا نیست.
evidence:google-gemma-4-26b-a4b-it-parameters,gemma-4-26B-A4B-it — parameter specification,https://huggingface.co/google/gemma-4-26B-A4B-it/blob/4d7ae4984b7db7de8f8457170b3f1a419ee76d52/README.md,"README.md: parameter count / named model variant; matching lines 55, 61, 62, 64, 72, 73, 80, 82, 138, 252, 310, 362",4d7ae4984b7db7de8f8457170b3f1a419ee76d52,2026-09-15,publisher-report,google/gemma-4-26B-A4B-it؛ شمار پارامترهای معرفی‌شده و حدود شمارش آن‌ها.,اعداد پارامتر معرفی مدل، گرد‌شده‌اند؛ safetensors.total شمار عناصر ذخیره‌شده است و الزاماً پارامتر یکتا نیست.
evidence:google-gemma-4-26b-a4b-it-license,gemma-4-26B-A4B-it — license declaration,https://huggingface.co/google/gemma-4-26B-A4B-it/blob/4d7ae4984b7db7de8f8457170b3f1a419ee76d52/README.md,"README.md: license / underlying-model terms; Hub $.cardData.license; matching lines 3, 4, 22",4d7ae4984b7db7de8f8457170b3f1a419ee76d52,2026-09-15,publisher-report,google/gemma-4-26B-A4B-it؛ نام و شرایط مجوز اعلام‌شدهٔ ناشر؛ بدون داوری دربارهٔ اجرای حقوقی در ایران.,
evidence:google-gemma-4-26b-a4b-it-config,gemma-4-26B-A4B-it — configuration,https://huggingface.co/google/gemma-4-26B-A4B-it/blob/4d7ae4984b7db7de8f8457170b3f1a419ee76d52/config.json,"config.json: architectures, model_type, text_config, max_position_embeddings, quantization_config, torch_dtype/dtype",4d7ae4984b7db7de8f8457170b3f1a419ee76d52,2026-09-15,publisher-report,google/gemma-4-26B-A4B-it؛ پیکربندی checkpoint، نه نتیجهٔ آزمون کیفیت یا سازگاری.,
evidence:google-gemma-4-26b-a4b-it-context,gemma-4-26B-A4B-it — context declaration,https://huggingface.co/google/gemma-4-26B-A4B-it/blob/4d7ae4984b7db7de8f8457170b3f1a419ee76d52/README.md,"README.md: context length / model specification / usage limits; matching lines 25, 39, 49, 57, 58, 76, 108, 109, 118, 230, 288, 347",4d7ae4984b7db7de8f8457170b3f1a419ee76d52,2026-09-15,publisher-report,google/gemma-4-26B-A4B-it؛ طول زمینهٔ اعلام‌شده، جدا از مقدار پیکربندی و طول آزموده‌شده.,KV cache، توکن تصویر و خروجی تولیدی نیز باید در سناریوی واقعی حساب شوند.
evidence:google-gemma-4-26b-a4b-it-weight-files,gemma-4-26B-A4B-it — selected weight-file sizes,https://huggingface.co/api/models/google/gemma-4-26B-A4B-it?blobs=true,$.siblings[ rfilename matches selected manifest filenames ].size; $.sha,4d7ae4984b7db7de8f8457170b3f1a419ee76d52,2026-09-15,calculated-from-specifications,google/gemma-4-26B-A4B-it؛ جمع بایت فایل‌های وزن همین نمایش؛ توکنایزر، cache و تبدیل خارج است.,اندازهٔ دیسک است؛ معادل VRAM یا RAM نیست. | هیچ فایل وزن دانلود یا روی سخت‌افزار اجرا نشده است.
evidence:google-gemma-4-e2b-it-card,gemma-4-E2B-it — model card,https://huggingface.co/google/gemma-4-E2B-it/blob/3e22461f65e89153144f8adb70e3b8c2cc9845a7/README.md,"README.md: model description / architecture / intended use; matching lines 27, 35, 41, 66, 113, 115, 466, 490, 512",3e22461f65e89153144f8adb70e3b8c2cc9845a7,2026-09-15,publisher-report,google/gemma-4-E2B-it؛ شناسنامه و کاربرد اعلام‌شده، بدون تأیید مستقل.,اعداد پارامتر معرفی مدل، گرد‌شده‌اند؛ safetensors.total شمار عناصر ذخیره‌شده است و الزاماً پارامتر یکتا نیست. | کیفیت، زمان پاسخ و حداقل سخت‌افزار از شناسنامه استنتاج نمی‌شود.
evidence:google-gemma-4-e2b-it-metadata,gemma-4-E2B-it — Hub metadata,https://huggingface.co/api/models/google/gemma-4-E2B-it?blobs=true,$.sha; $.id; $.pipeline_tag; $.cardData; $.safetensors; $.siblings,3e22461f65e89153144f8adb70e3b8c2cc9845a7,2026-09-15,publisher-report,google/gemma-4-E2B-it؛ فرادادهٔ مشاهده‌شده در این تاریخ، نه اندازه‌گیری اجرای مدل.,فهرست فایل و شمار tensorها معادل حافظهٔ اجرا یا شمار پارامتر یکتا نیست.
evidence:google-gemma-4-e2b-it-parameters,gemma-4-E2B-it — parameter specification,https://huggingface.co/google/gemma-4-E2B-it/blob/3e22461f65e89153144f8adb70e3b8c2cc9845a7/README.md,"README.md: parameter count / named model variant; matching lines 55, 61, 62, 64, 72, 73, 80, 82, 138, 193, 252, 310",3e22461f65e89153144f8adb70e3b8c2cc9845a7,2026-09-15,publisher-report,google/gemma-4-E2B-it؛ شمار پارامترهای معرفی‌شده و حدود شمارش آن‌ها.,اعداد پارامتر معرفی مدل، گرد‌شده‌اند؛ safetensors.total شمار عناصر ذخیره‌شده است و الزاماً پارامتر یکتا نیست.
evidence:google-gemma-4-e2b-it-license,gemma-4-E2B-it — license declaration,https://huggingface.co/google/gemma-4-E2B-it/blob/3e22461f65e89153144f8adb70e3b8c2cc9845a7/README.md,"README.md: license / underlying-model terms; Hub $.cardData.license; matching lines 3, 4, 22",3e22461f65e89153144f8adb70e3b8c2cc9845a7,2026-09-15,publisher-report,google/gemma-4-E2B-it؛ نام و شرایط مجوز اعلام‌شدهٔ ناشر؛ بدون داوری دربارهٔ اجرای حقوقی در ایران.,
evidence:google-gemma-4-e2b-it-config,gemma-4-E2B-it — configuration,https://huggingface.co/google/gemma-4-E2B-it/blob/3e22461f65e89153144f8adb70e3b8c2cc9845a7/config.json,"config.json: architectures, model_type, text_config, max_position_embeddings, quantization_config, torch_dtype/dtype",3e22461f65e89153144f8adb70e3b8c2cc9845a7,2026-09-15,publisher-report,google/gemma-4-E2B-it؛ پیکربندی checkpoint، نه نتیجهٔ آزمون کیفیت یا سازگاری.,
evidence:google-gemma-4-e2b-it-context,gemma-4-E2B-it — context declaration,https://huggingface.co/google/gemma-4-E2B-it/blob/3e22461f65e89153144f8adb70e3b8c2cc9845a7/README.md,"README.md: context length / model specification / usage limits; matching lines 25, 39, 49, 57, 58, 76, 108, 109, 118, 230, 288, 347",3e22461f65e89153144f8adb70e3b8c2cc9845a7,2026-09-15,publisher-report,google/gemma-4-E2B-it؛ طول زمینهٔ اعلام‌شده، جدا از مقدار پیکربندی و طول آزموده‌شده.,KV cache، توکن تصویر و خروجی تولیدی نیز باید در سناریوی واقعی حساب شوند.
evidence:google-gemma-4-e2b-it-weight-files,gemma-4-E2B-it — selected weight-file sizes,https://huggingface.co/api/models/google/gemma-4-E2B-it?blobs=true,$.siblings[ rfilename matches selected manifest filenames ].size; $.sha,3e22461f65e89153144f8adb70e3b8c2cc9845a7,2026-09-15,calculated-from-specifications,google/gemma-4-E2B-it؛ جمع بایت فایل‌های وزن همین نمایش؛ توکنایزر، cache و تبدیل خارج است.,اندازهٔ دیسک است؛ معادل VRAM یا RAM نیست. | هیچ فایل وزن دانلود یا روی سخت‌افزار اجرا نشده است.
evidence:ibm-granite-granite-3-3-2b-instruct-card,granite-3.3-2b-instruct — model card,https://huggingface.co/ibm-granite/granite-3.3-2b-instruct/blob/707f574c62054322f6b5b04b6d075f0a8f05e0f0/README.md,"README.md: model description / architecture / intended use; matching lines 15, 16, 28, 31",707f574c62054322f6b5b04b6d075f0a8f05e0f0,2026-09-15,publisher-report,ibm-granite/granite-3.3-2b-instruct؛ شناسنامه و کاربرد اعلام‌شده، بدون تأیید مستقل.,اعداد پارامتر معرفی مدل، گرد‌شده‌اند؛ safetensors.total شمار عناصر ذخیره‌شده است و الزاماً پارامتر یکتا نیست. | کیفیت، زمان پاسخ و حداقل سخت‌افزار از شناسنامه استنتاج نمی‌شود.
evidence:ibm-granite-granite-3-3-2b-instruct-metadata,granite-3.3-2b-instruct — Hub metadata,https://huggingface.co/api/models/ibm-granite/granite-3.3-2b-instruct?blobs=true,$.sha; $.id; $.pipeline_tag; $.cardData; $.safetensors; $.siblings,707f574c62054322f6b5b04b6d075f0a8f05e0f0,2026-09-15,publisher-report,ibm-granite/granite-3.3-2b-instruct؛ فرادادهٔ مشاهده‌شده در این تاریخ، نه اندازه‌گیری اجرای مدل.,فهرست فایل و شمار tensorها معادل حافظهٔ اجرا یا شمار پارامتر یکتا نیست.
evidence:ibm-granite-granite-3-3-2b-instruct-parameters,granite-3.3-2b-instruct — parameter specification,https://huggingface.co/ibm-granite/granite-3.3-2b-instruct/blob/707f574c62054322f6b5b04b6d075f0a8f05e0f0/README.md,"README.md: parameter count / named model variant; matching lines 13, 16, 47, 62, 258, 404, 466, 517, 520",707f574c62054322f6b5b04b6d075f0a8f05e0f0,2026-09-15,publisher-report,ibm-granite/granite-3.3-2b-instruct؛ شمار پارامترهای معرفی‌شده و حدود شمارش آن‌ها.,اعداد پارامتر معرفی مدل، گرد‌شده‌اند؛ safetensors.total شمار عناصر ذخیره‌شده است و الزاماً پارامتر یکتا نیست.
evidence:ibm-granite-granite-3-3-2b-instruct-license,granite-3.3-2b-instruct — license declaration,https://huggingface.co/ibm-granite/granite-3.3-2b-instruct/blob/707f574c62054322f6b5b04b6d075f0a8f05e0f0/README.md,"README.md: license / underlying-model terms; Hub $.cardData.license; matching lines 4, 16, 23, 513, 520",707f574c62054322f6b5b04b6d075f0a8f05e0f0,2026-09-15,publisher-report,ibm-granite/granite-3.3-2b-instruct؛ نام و شرایط مجوز اعلام‌شدهٔ ناشر؛ بدون داوری دربارهٔ اجرای حقوقی در ایران.,
evidence:ibm-granite-granite-3-3-2b-instruct-config,granite-3.3-2b-instruct — configuration,https://huggingface.co/ibm-granite/granite-3.3-2b-instruct/blob/707f574c62054322f6b5b04b6d075f0a8f05e0f0/config.json,"config.json: architectures, model_type, text_config, max_position_embeddings, quantization_config, torch_dtype/dtype",707f574c62054322f6b5b04b6d075f0a8f05e0f0,2026-09-15,publisher-report,ibm-granite/granite-3.3-2b-instruct؛ پیکربندی checkpoint، نه نتیجهٔ آزمون کیفیت یا سازگاری.,
evidence:ibm-granite-granite-3-3-2b-instruct-context,granite-3.3-2b-instruct — context declaration,https://huggingface.co/ibm-granite/granite-3.3-2b-instruct/blob/707f574c62054322f6b5b04b6d075f0a8f05e0f0/README.md,"README.md: context length / model specification / usage limits; matching lines 16, 42",707f574c62054322f6b5b04b6d075f0a8f05e0f0,2026-09-15,publisher-report,ibm-granite/granite-3.3-2b-instruct؛ طول زمینهٔ اعلام‌شده، جدا از مقدار پیکربندی و طول آزموده‌شده.,KV cache، توکن تصویر و خروجی تولیدی نیز باید در سناریوی واقعی حساب شوند.
evidence:ibm-granite-granite-3-3-2b-instruct-weight-files,granite-3.3-2b-instruct — selected weight-file sizes,https://huggingface.co/api/models/ibm-granite/granite-3.3-2b-instruct?blobs=true,$.siblings[ rfilename matches selected manifest filenames ].size; $.sha,707f574c62054322f6b5b04b6d075f0a8f05e0f0,2026-09-15,calculated-from-specifications,ibm-granite/granite-3.3-2b-instruct؛ جمع بایت فایل‌های وزن همین نمایش؛ توکنایزر، cache و تبدیل خارج است.,اندازهٔ دیسک است؛ معادل VRAM یا RAM نیست. | هیچ فایل وزن دانلود یا روی سخت‌افزار اجرا نشده است.
evidence:intfloat-multilingual-e5-small-card,multilingual-e5-small — model card,https://huggingface.co/intfloat/multilingual-e5-small/blob/614241f622f53c4eeff9890bdc4f31cfecc418b3/README.md,README.md: model description / architecture / intended use,614241f622f53c4eeff9890bdc4f31cfecc418b3,2026-09-15,publisher-report,intfloat/multilingual-e5-small؛ شناسنامه و کاربرد اعلام‌شده، بدون تأیید مستقل.,اعداد پارامتر معرفی مدل، گرد‌شده‌اند؛ safetensors.total شمار عناصر ذخیره‌شده است و الزاماً پارامتر یکتا نیست. | کیفیت، زمان پاسخ و حداقل سخت‌افزار از شناسنامه استنتاج نمی‌شود.
evidence:intfloat-multilingual-e5-small-metadata,multilingual-e5-small — Hub metadata,https://huggingface.co/api/models/intfloat/multilingual-e5-small?blobs=true,$.sha; $.id; $.pipeline_tag; $.cardData; $.safetensors; $.siblings,614241f622f53c4eeff9890bdc4f31cfecc418b3,2026-09-15,publisher-report,intfloat/multilingual-e5-small؛ فرادادهٔ مشاهده‌شده در این تاریخ، نه اندازه‌گیری اجرای مدل.,فهرست فایل و شمار tensorها معادل حافظهٔ اجرا یا شمار پارامتر یکتا نیست.
evidence:intfloat-multilingual-e5-small-parameters,multilingual-e5-small — parameter specification,https://huggingface.co/intfloat/multilingual-e5-small/blob/614241f622f53c4eeff9890bdc4f31cfecc418b3/README.md,"README.md: parameter count / named model variant; matching lines 99, 18313, 18344, 18345, 18413, 18427",614241f622f53c4eeff9890bdc4f31cfecc418b3,2026-09-15,publisher-report,intfloat/multilingual-e5-small؛ شمار پارامترهای معرفی‌شده و حدود شمارش آن‌ها.,اعداد پارامتر معرفی مدل، گرد‌شده‌اند؛ safetensors.total شمار عناصر ذخیره‌شده است و الزاماً پارامتر یکتا نیست.
evidence:intfloat-multilingual-e5-small-license,multilingual-e5-small — license declaration,https://huggingface.co/intfloat/multilingual-e5-small/blob/614241f622f53c4eeff9890bdc4f31cfecc418b3/README.md,README.md: license / underlying-model terms; Hub $.cardData.license; matching lines 97,614241f622f53c4eeff9890bdc4f31cfecc418b3,2026-09-15,publisher-report,intfloat/multilingual-e5-small؛ نام و شرایط مجوز اعلام‌شدهٔ ناشر؛ بدون داوری دربارهٔ اجرای حقوقی در ایران.,
evidence:intfloat-multilingual-e5-small-config,multilingual-e5-small — configuration,https://huggingface.co/intfloat/multilingual-e5-small/blob/614241f622f53c4eeff9890bdc4f31cfecc418b3/config.json,"config.json: architectures, model_type, text_config, max_position_embeddings, quantization_config, torch_dtype/dtype",614241f622f53c4eeff9890bdc4f31cfecc418b3,2026-09-15,publisher-report,intfloat/multilingual-e5-small؛ پیکربندی checkpoint، نه نتیجهٔ آزمون کیفیت یا سازگاری.,
evidence:intfloat-multilingual-e5-small-context,multilingual-e5-small — context declaration,https://huggingface.co/intfloat/multilingual-e5-small/blob/614241f622f53c4eeff9890bdc4f31cfecc418b3/README.md,"README.md: context length / model specification / usage limits; matching lines 361, 1876, 2918, 2939, 2954, 3386, 3527, 5939, 8435, 8437, 8838, 10225",614241f622f53c4eeff9890bdc4f31cfecc418b3,2026-09-15,publisher-report,intfloat/multilingual-e5-small؛ طول زمینهٔ اعلام‌شده، جدا از مقدار پیکربندی و طول آزموده‌شده.,KV cache، توکن تصویر و خروجی تولیدی نیز باید در سناریوی واقعی حساب شوند.
evidence:intfloat-multilingual-e5-small-weight-files,multilingual-e5-small — selected weight-file sizes,https://huggingface.co/api/models/intfloat/multilingual-e5-small?blobs=true,$.siblings[ rfilename matches selected manifest filenames ].size; $.sha,614241f622f53c4eeff9890bdc4f31cfecc418b3,2026-09-15,calculated-from-specifications,intfloat/multilingual-e5-small؛ جمع بایت فایل‌های وزن همین نمایش؛ توکنایزر، cache و تبدیل خارج است.,اندازهٔ دیسک است؛ معادل VRAM یا RAM نیست. | هیچ فایل وزن دانلود یا روی سخت‌افزار اجرا نشده است.
evidence:meta-llama-llama-3-1-70b-instruct-card,Llama-3.1-70B-Instruct — model card,https://huggingface.co/meta-llama/Llama-3.1-70B-Instruct,"README.md: model description / architecture / intended use; matching lines 121, 212, 216, 1243, 1294, 1297, 1312, 1314, 1335, 1343, 1345",,2026-09-15,publisher-report,meta-llama/Llama-3.1-70B-Instruct؛ شناسنامه و کاربرد اعلام‌شده، بدون تأیید مستقل.,اعداد پارامتر معرفی مدل، گرد‌شده‌اند؛ safetensors.total شمار عناصر ذخیره‌شده است و الزاماً پارامتر یکتا نیست. | کیفیت، زمان پاسخ و حداقل سخت‌افزار از شناسنامه استنتاج نمی‌شود. | کارت عمومی در تاریخ دسترسی خوانده شده؛ متن کارت به commit وزن‌ها پین نشده است.
evidence:meta-llama-llama-3-1-70b-instruct-metadata,Llama-3.1-70B-Instruct — Hub metadata,https://huggingface.co/api/models/meta-llama/Llama-3.1-70B-Instruct?blobs=true,$.sha; $.id; $.pipeline_tag; $.cardData; $.safetensors; $.siblings,1605565b47bb9346c5515c34102e054115b4f98b,2026-09-15,publisher-report,meta-llama/Llama-3.1-70B-Instruct؛ فرادادهٔ مشاهده‌شده در این تاریخ، نه اندازه‌گیری اجرای مدل.,فهرست فایل و شمار tensorها معادل حافظهٔ اجرا یا شمار پارامتر یکتا نیست.
evidence:meta-llama-llama-3-1-70b-instruct-parameters,Llama-3.1-70B-Instruct — parameter specification,https://huggingface.co/meta-llama/Llama-3.1-70B-Instruct,"README.md: parameter count / named model variant; matching lines 205, 231, 251, 333, 362",,2026-09-15,publisher-report,meta-llama/Llama-3.1-70B-Instruct؛ شمار پارامترهای معرفی‌شده و حدود شمارش آن‌ها.,اعداد پارامتر معرفی مدل، گرد‌شده‌اند؛ safetensors.total شمار عناصر ذخیره‌شده است و الزاماً پارامتر یکتا نیست. | کارت عمومی در تاریخ دسترسی خوانده شده؛ متن کارت به commit وزن‌ها پین نشده است.
evidence:meta-llama-llama-3-1-70b-instruct-license,Llama-3.1-70B-Instruct — license declaration,https://huggingface.co/meta-llama/Llama-3.1-70B-Instruct,"README.md: license / underlying-model terms; Hub $.cardData.license; matching lines 3, 5, 8, 10, 16, 52, 102, 203, 216, 218, 220",,2026-09-15,publisher-report,meta-llama/Llama-3.1-70B-Instruct؛ نام و شرایط مجوز اعلام‌شدهٔ ناشر؛ بدون داوری دربارهٔ اجرای حقوقی در ایران.,
evidence:meta-llama-llama-3-1-70b-instruct-context,Llama-3.1-70B-Instruct — context declaration,https://huggingface.co/meta-llama/Llama-3.1-70B-Instruct,"README.md: context length / model specification / usage limits; matching lines 135, 156, 173, 186, 1297, 1312, 1314, 1345",,2026-09-15,publisher-report,meta-llama/Llama-3.1-70B-Instruct؛ طول زمینهٔ اعلام‌شده، جدا از مقدار پیکربندی و طول آزموده‌شده.,KV cache، توکن تصویر و خروجی تولیدی نیز باید در سناریوی واقعی حساب شوند.
evidence:meta-llama-llama-3-1-70b-instruct-weight-files,Llama-3.1-70B-Instruct — selected weight-file sizes,https://huggingface.co/api/models/meta-llama/Llama-3.1-70B-Instruct?blobs=true,$.siblings[ rfilename matches selected manifest filenames ].size; $.sha,1605565b47bb9346c5515c34102e054115b4f98b,2026-09-15,calculated-from-specifications,meta-llama/Llama-3.1-70B-Instruct؛ جمع بایت فایل‌های وزن همین نمایش؛ توکنایزر، cache و تبدیل خارج است.,اندازهٔ دیسک است؛ معادل VRAM یا RAM نیست. | هیچ فایل وزن دانلود یا روی سخت‌افزار اجرا نشده است.
evidence:meta-llama-llama-3-1-8b-instruct-card,Llama-3.1-8B-Instruct — model card,https://huggingface.co/meta-llama/Llama-3.1-8B-Instruct,"README.md: model description / architecture / intended use; matching lines 121, 212, 216, 1211, 1262, 1265, 1280, 1282, 1303, 1311, 1313",,2026-09-15,publisher-report,meta-llama/Llama-3.1-8B-Instruct؛ شناسنامه و کاربرد اعلام‌شده، بدون تأیید مستقل.,اعداد پارامتر معرفی مدل، گرد‌شده‌اند؛ safetensors.total شمار عناصر ذخیره‌شده است و الزاماً پارامتر یکتا نیست. | کیفیت، زمان پاسخ و حداقل سخت‌افزار از شناسنامه استنتاج نمی‌شود. | کارت عمومی در تاریخ دسترسی خوانده شده؛ متن کارت به commit وزن‌ها پین نشده است.
evidence:meta-llama-llama-3-1-8b-instruct-metadata,Llama-3.1-8B-Instruct — Hub metadata,https://huggingface.co/api/models/meta-llama/Llama-3.1-8B-Instruct?blobs=true,$.sha; $.id; $.pipeline_tag; $.cardData; $.safetensors; $.siblings,0e9e39f249a16976918f6564b8830bc894c89659,2026-09-15,publisher-report,meta-llama/Llama-3.1-8B-Instruct؛ فرادادهٔ مشاهده‌شده در این تاریخ، نه اندازه‌گیری اجرای مدل.,فهرست فایل و شمار tensorها معادل حافظهٔ اجرا یا شمار پارامتر یکتا نیست.
evidence:meta-llama-llama-3-1-8b-instruct-parameters,Llama-3.1-8B-Instruct — parameter specification,https://huggingface.co/meta-llama/Llama-3.1-8B-Instruct,"README.md: parameter count / named model variant; matching lines 205, 231, 249, 330",,2026-09-15,publisher-report,meta-llama/Llama-3.1-8B-Instruct؛ شمار پارامترهای معرفی‌شده و حدود شمارش آن‌ها.,اعداد پارامتر معرفی مدل، گرد‌شده‌اند؛ safetensors.total شمار عناصر ذخیره‌شده است و الزاماً پارامتر یکتا نیست. | کارت عمومی در تاریخ دسترسی خوانده شده؛ متن کارت به commit وزن‌ها پین نشده است.
evidence:meta-llama-llama-3-1-8b-instruct-license,Llama-3.1-8B-Instruct — license declaration,https://huggingface.co/meta-llama/Llama-3.1-8B-Instruct,"README.md: license / underlying-model terms; Hub $.cardData.license; matching lines 3, 5, 8, 10, 16, 52, 102, 203, 216, 218, 220",,2026-09-15,publisher-report,meta-llama/Llama-3.1-8B-Instruct؛ نام و شرایط مجوز اعلام‌شدهٔ ناشر؛ بدون داوری دربارهٔ اجرای حقوقی در ایران.,
evidence:meta-llama-llama-3-1-8b-instruct-context,Llama-3.1-8B-Instruct — context declaration,https://huggingface.co/meta-llama/Llama-3.1-8B-Instruct,"README.md: context length / model specification / usage limits; matching lines 135, 156, 173, 186, 1265, 1280, 1282, 1313",,2026-09-15,publisher-report,meta-llama/Llama-3.1-8B-Instruct؛ طول زمینهٔ اعلام‌شده، جدا از مقدار پیکربندی و طول آزموده‌شده.,KV cache، توکن تصویر و خروجی تولیدی نیز باید در سناریوی واقعی حساب شوند.
evidence:meta-llama-llama-3-1-8b-instruct-weight-files,Llama-3.1-8B-Instruct — selected weight-file sizes,https://huggingface.co/api/models/meta-llama/Llama-3.1-8B-Instruct?blobs=true,$.siblings[ rfilename matches selected manifest filenames ].size; $.sha,0e9e39f249a16976918f6564b8830bc894c89659,2026-09-15,calculated-from-specifications,meta-llama/Llama-3.1-8B-Instruct؛ جمع بایت فایل‌های وزن همین نمایش؛ توکنایزر، cache و تبدیل خارج است.,اندازهٔ دیسک است؛ معادل VRAM یا RAM نیست. | هیچ فایل وزن دانلود یا روی سخت‌افزار اجرا نشده است.
evidence:meta-llama-llama-3-2-1b-instruct-card,Llama-3.2-1B-Instruct — model card,https://huggingface.co/meta-llama/Llama-3.2-1B-Instruct,"README.md: model description / architecture / intended use; matching lines 159, 238, 249, 253, 1028, 1103, 1122, 1167, 1171, 1199, 1203, 1204",,2026-09-15,publisher-report,meta-llama/Llama-3.2-1B-Instruct؛ شناسنامه و کاربرد اعلام‌شده، بدون تأیید مستقل.,اعداد پارامتر معرفی مدل، گرد‌شده‌اند؛ safetensors.total شمار عناصر ذخیره‌شده است و الزاماً پارامتر یکتا نیست. | کیفیت، زمان پاسخ و حداقل سخت‌افزار از شناسنامه استنتاج نمی‌شود. | کارت عمومی در تاریخ دسترسی خوانده شده؛ متن کارت به commit وزن‌ها پین نشده است.
evidence:meta-llama-llama-3-2-1b-instruct-metadata,Llama-3.2-1B-Instruct — Hub metadata,https://huggingface.co/api/models/meta-llama/Llama-3.2-1B-Instruct?blobs=true,$.sha; $.id; $.pipeline_tag; $.cardData; $.safetensors; $.siblings,9213176726f574b556790deb65791e0c5aa438b6,2026-09-15,publisher-report,meta-llama/Llama-3.2-1B-Instruct؛ فرادادهٔ مشاهده‌شده در این تاریخ، نه اندازه‌گیری اجرای مدل.,فهرست فایل و شمار tensorها معادل حافظهٔ اجرا یا شمار پارامتر یکتا نیست.
evidence:meta-llama-llama-3-2-1b-instruct-parameters,Llama-3.2-1B-Instruct — parameter specification,https://huggingface.co/meta-llama/Llama-3.2-1B-Instruct,"README.md: parameter count / named model variant; matching lines 242, 266, 284, 316, 1028, 1103",,2026-09-15,publisher-report,meta-llama/Llama-3.2-1B-Instruct؛ شمار پارامترهای معرفی‌شده و حدود شمارش آن‌ها.,اعداد پارامتر معرفی مدل، گرد‌شده‌اند؛ safetensors.total شمار عناصر ذخیره‌شده است و الزاماً پارامتر یکتا نیست. | کارت عمومی در تاریخ دسترسی خوانده شده؛ متن کارت به commit وزن‌ها پین نشده است.
evidence:meta-llama-llama-3-2-1b-instruct-license,Llama-3.2-1B-Instruct — license declaration,https://huggingface.co/meta-llama/Llama-3.2-1B-Instruct,"README.md: license / underlying-model terms; Hub $.cardData.license; matching lines 3, 11, 22, 26, 38, 80, 132, 143, 232, 240, 255",,2026-09-15,publisher-report,meta-llama/Llama-3.2-1B-Instruct؛ نام و شرایط مجوز اعلام‌شدهٔ ناشر؛ بدون داوری دربارهٔ اجرای حقوقی در ایران.,
evidence:meta-llama-llama-3-2-1b-instruct-context,Llama-3.2-1B-Instruct — context declaration,https://huggingface.co/meta-llama/Llama-3.2-1B-Instruct,"README.md: context length / model specification / usage limits; matching lines 169, 183, 572, 801, 1184, 1204",,2026-09-15,publisher-report,meta-llama/Llama-3.2-1B-Instruct؛ طول زمینهٔ اعلام‌شده، جدا از مقدار پیکربندی و طول آزموده‌شده.,KV cache، توکن تصویر و خروجی تولیدی نیز باید در سناریوی واقعی حساب شوند.
evidence:meta-llama-llama-3-2-1b-instruct-weight-files,Llama-3.2-1B-Instruct — selected weight-file sizes,https://huggingface.co/api/models/meta-llama/Llama-3.2-1B-Instruct?blobs=true,$.siblings[ rfilename matches selected manifest filenames ].size; $.sha,9213176726f574b556790deb65791e0c5aa438b6,2026-09-15,calculated-from-specifications,meta-llama/Llama-3.2-1B-Instruct؛ جمع بایت فایل‌های وزن همین نمایش؛ توکنایزر، cache و تبدیل خارج است.,اندازهٔ دیسک است؛ معادل VRAM یا RAM نیست. | هیچ فایل وزن دانلود یا روی سخت‌افزار اجرا نشده است.
evidence:meta-llama-llama-3-2-3b-instruct-card,Llama-3.2-3B-Instruct — model card,https://huggingface.co/meta-llama/Llama-3.2-3B-Instruct,"README.md: model description / architecture / intended use; matching lines 159, 238, 249, 253, 1028, 1103, 1122, 1167, 1171, 1199, 1203, 1204",,2026-09-15,publisher-report,meta-llama/Llama-3.2-3B-Instruct؛ شناسنامه و کاربرد اعلام‌شده، بدون تأیید مستقل.,اعداد پارامتر معرفی مدل، گرد‌شده‌اند؛ safetensors.total شمار عناصر ذخیره‌شده است و الزاماً پارامتر یکتا نیست. | کیفیت، زمان پاسخ و حداقل سخت‌افزار از شناسنامه استنتاج نمی‌شود. | کارت عمومی در تاریخ دسترسی خوانده شده؛ متن کارت به commit وزن‌ها پین نشده است.
evidence:meta-llama-llama-3-2-3b-instruct-metadata,Llama-3.2-3B-Instruct — Hub metadata,https://huggingface.co/api/models/meta-llama/Llama-3.2-3B-Instruct?blobs=true,$.sha; $.id; $.pipeline_tag; $.cardData; $.safetensors; $.siblings,0cb88a4f764b7a12671c53f0838cd831a0843b95,2026-09-15,publisher-report,meta-llama/Llama-3.2-3B-Instruct؛ فرادادهٔ مشاهده‌شده در این تاریخ، نه اندازه‌گیری اجرای مدل.,فهرست فایل و شمار tensorها معادل حافظهٔ اجرا یا شمار پارامتر یکتا نیست.
evidence:meta-llama-llama-3-2-3b-instruct-parameters,Llama-3.2-3B-Instruct — parameter specification,https://huggingface.co/meta-llama/Llama-3.2-3B-Instruct,"README.md: parameter count / named model variant; matching lines 242, 266, 284, 316, 1028, 1103",,2026-09-15,publisher-report,meta-llama/Llama-3.2-3B-Instruct؛ شمار پارامترهای معرفی‌شده و حدود شمارش آن‌ها.,اعداد پارامتر معرفی مدل، گرد‌شده‌اند؛ safetensors.total شمار عناصر ذخیره‌شده است و الزاماً پارامتر یکتا نیست. | کارت عمومی در تاریخ دسترسی خوانده شده؛ متن کارت به commit وزن‌ها پین نشده است.
evidence:meta-llama-llama-3-2-3b-instruct-license,Llama-3.2-3B-Instruct — license declaration,https://huggingface.co/meta-llama/Llama-3.2-3B-Instruct,"README.md: license / underlying-model terms; Hub $.cardData.license; matching lines 3, 11, 22, 26, 38, 80, 132, 143, 232, 240, 255",,2026-09-15,publisher-report,meta-llama/Llama-3.2-3B-Instruct؛ نام و شرایط مجوز اعلام‌شدهٔ ناشر؛ بدون داوری دربارهٔ اجرای حقوقی در ایران.,
evidence:meta-llama-llama-3-2-3b-instruct-context,Llama-3.2-3B-Instruct — context declaration,https://huggingface.co/meta-llama/Llama-3.2-3B-Instruct,"README.md: context length / model specification / usage limits; matching lines 169, 183, 572, 801, 1184, 1204",,2026-09-15,publisher-report,meta-llama/Llama-3.2-3B-Instruct؛ طول زمینهٔ اعلام‌شده، جدا از مقدار پیکربندی و طول آزموده‌شده.,KV cache، توکن تصویر و خروجی تولیدی نیز باید در سناریوی واقعی حساب شوند.
evidence:meta-llama-llama-3-2-3b-instruct-weight-files,Llama-3.2-3B-Instruct — selected weight-file sizes,https://huggingface.co/api/models/meta-llama/Llama-3.2-3B-Instruct?blobs=true,$.siblings[ rfilename matches selected manifest filenames ].size; $.sha,0cb88a4f764b7a12671c53f0838cd831a0843b95,2026-09-15,calculated-from-specifications,meta-llama/Llama-3.2-3B-Instruct؛ جمع بایت فایل‌های وزن همین نمایش؛ توکنایزر، cache و تبدیل خارج است.,اندازهٔ دیسک است؛ معادل VRAM یا RAM نیست. | هیچ فایل وزن دانلود یا روی سخت‌افزار اجرا نشده است.
evidence:microsoft-phi-4-mini-instruct-card,Phi-4-mini-instruct — model card,https://huggingface.co/microsoft/Phi-4-mini-instruct/blob/cfbefacb99257ffa30c83adab238a50856ac3083/README.md,"README.md: model description / architecture / intended use; matching lines 43, 56, 77, 81, 263, 330",cfbefacb99257ffa30c83adab238a50856ac3083,2026-09-15,publisher-report,microsoft/Phi-4-mini-instruct؛ شناسنامه و کاربرد اعلام‌شده، بدون تأیید مستقل.,اعداد پارامتر معرفی مدل، گرد‌شده‌اند؛ safetensors.total شمار عناصر ذخیره‌شده است و الزاماً پارامتر یکتا نیست. | کیفیت، زمان پاسخ و حداقل سخت‌افزار از شناسنامه استنتاج نمی‌شود.
evidence:microsoft-phi-4-mini-instruct-metadata,Phi-4-mini-instruct — Hub metadata,https://huggingface.co/api/models/microsoft/Phi-4-mini-instruct?blobs=true,$.sha; $.id; $.pipeline_tag; $.cardData; $.safetensors; $.siblings,cfbefacb99257ffa30c83adab238a50856ac3083,2026-09-15,publisher-report,microsoft/Phi-4-mini-instruct؛ فرادادهٔ مشاهده‌شده در این تاریخ، نه اندازه‌گیری اجرای مدل.,فهرست فایل و شمار tensorها معادل حافظهٔ اجرا یا شمار پارامتر یکتا نیست.
evidence:microsoft-phi-4-mini-instruct-parameters,Phi-4-mini-instruct — parameter specification,https://huggingface.co/microsoft/Phi-4-mini-instruct/blob/cfbefacb99257ffa30c83adab238a50856ac3083/README.md,"README.md: parameter count / named model variant; matching lines 29, 40, 45, 77, 81, 115, 119, 136, 158, 192, 196, 204",cfbefacb99257ffa30c83adab238a50856ac3083,2026-09-15,publisher-report,microsoft/Phi-4-mini-instruct؛ شمار پارامترهای معرفی‌شده و حدود شمارش آن‌ها.,اعداد پارامتر معرفی مدل، گرد‌شده‌اند؛ safetensors.total شمار عناصر ذخیره‌شده است و الزاماً پارامتر یکتا نیست.
evidence:microsoft-phi-4-mini-instruct-license,Phi-4-mini-instruct — license declaration,https://huggingface.co/microsoft/Phi-4-mini-instruct/blob/cfbefacb99257ffa30c83adab238a50856ac3083/README.md,"README.md: license / underlying-model terms; Hub $.cardData.license; matching lines 28, 29, 73, 306, 307",cfbefacb99257ffa30c83adab238a50856ac3083,2026-09-15,publisher-report,microsoft/Phi-4-mini-instruct؛ نام و شرایط مجوز اعلام‌شدهٔ ناشر؛ بدون داوری دربارهٔ اجرای حقوقی در ایران.,
evidence:microsoft-phi-4-mini-instruct-config,Phi-4-mini-instruct — configuration,https://huggingface.co/microsoft/Phi-4-mini-instruct/blob/cfbefacb99257ffa30c83adab238a50856ac3083/config.json,"config.json: architectures, model_type, text_config, max_position_embeddings, quantization_config, torch_dtype/dtype",cfbefacb99257ffa30c83adab238a50856ac3083,2026-09-15,publisher-report,microsoft/Phi-4-mini-instruct؛ پیکربندی checkpoint، نه نتیجهٔ آزمون کیفیت یا سازگاری.,
evidence:microsoft-phi-4-mini-instruct-context,Phi-4-mini-instruct — context declaration,https://huggingface.co/microsoft/Phi-4-mini-instruct/blob/cfbefacb99257ffa30c83adab238a50856ac3083/README.md,"README.md: context length / model specification / usage limits; matching lines 45, 243, 244, 245, 250, 253, 254, 255, 265, 266, 290, 339",cfbefacb99257ffa30c83adab238a50856ac3083,2026-09-15,publisher-report,microsoft/Phi-4-mini-instruct؛ طول زمینهٔ اعلام‌شده، جدا از مقدار پیکربندی و طول آزموده‌شده.,KV cache، توکن تصویر و خروجی تولیدی نیز باید در سناریوی واقعی حساب شوند.
evidence:microsoft-phi-4-mini-instruct-weight-files,Phi-4-mini-instruct — selected weight-file sizes,https://huggingface.co/api/models/microsoft/Phi-4-mini-instruct?blobs=true,$.siblings[ rfilename matches selected manifest filenames ].size; $.sha,cfbefacb99257ffa30c83adab238a50856ac3083,2026-09-15,calculated-from-specifications,microsoft/Phi-4-mini-instruct؛ جمع بایت فایل‌های وزن همین نمایش؛ توکنایزر، cache و تبدیل خارج است.,اندازهٔ دیسک است؛ معادل VRAM یا RAM نیست. | هیچ فایل وزن دانلود یا روی سخت‌افزار اجرا نشده است.
evidence:mistralai-devstral-small-2-24b-instruct-2512-card,Devstral-Small-2-24B-Instruct-2512 — model card,https://huggingface.co/mistralai/Devstral-Small-2-24B-Instruct-2512/blob/55c5b41e98c2dbd21b0c8afffc540dcfc9eb5128/README.md,"README.md: model description / architecture / intended use; matching lines 20, 23, 30, 32, 37, 63, 77",55c5b41e98c2dbd21b0c8afffc540dcfc9eb5128,2026-09-15,publisher-report,mistralai/Devstral-Small-2-24B-Instruct-2512؛ شناسنامه و کاربرد اعلام‌شده، بدون تأیید مستقل.,اعداد پارامتر معرفی مدل، گرد‌شده‌اند؛ safetensors.total شمار عناصر ذخیره‌شده است و الزاماً پارامتر یکتا نیست. | کیفیت، زمان پاسخ و حداقل سخت‌افزار از شناسنامه استنتاج نمی‌شود.
evidence:mistralai-devstral-small-2-24b-instruct-2512-metadata,Devstral-Small-2-24B-Instruct-2512 — Hub metadata,https://huggingface.co/api/models/mistralai/Devstral-Small-2-24B-Instruct-2512?blobs=true,$.sha; $.id; $.pipeline_tag; $.cardData; $.safetensors; $.siblings,55c5b41e98c2dbd21b0c8afffc540dcfc9eb5128,2026-09-15,publisher-report,mistralai/Devstral-Small-2-24B-Instruct-2512؛ فرادادهٔ مشاهده‌شده در این تاریخ، نه اندازه‌گیری اجرای مدل.,فهرست فایل و شمار tensorها معادل حافظهٔ اجرا یا شمار پارامتر یکتا نیست.
evidence:mistralai-devstral-small-2-24b-instruct-2512-parameters,Devstral-Small-2-24B-Instruct-2512 — parameter specification,https://huggingface.co/mistralai/Devstral-Small-2-24B-Instruct-2512/blob/55c5b41e98c2dbd21b0c8afffc540dcfc9eb5128/README.md,"README.md: parameter count / named model variant; matching lines 25, 41, 114, 156, 173, 205, 252, 267, 299, 340, 353, 379",55c5b41e98c2dbd21b0c8afffc540dcfc9eb5128,2026-09-15,publisher-report,mistralai/Devstral-Small-2-24B-Instruct-2512؛ شمار پارامترهای معرفی‌شده و حدود شمارش آن‌ها.,اعداد پارامتر معرفی مدل، گرد‌شده‌اند؛ safetensors.total شمار عناصر ذخیره‌شده است و الزاماً پارامتر یکتا نیست.
evidence:mistralai-devstral-small-2-24b-instruct-2512-license,Devstral-Small-2-24B-Instruct-2512 — license declaration,https://huggingface.co/mistralai/Devstral-Small-2-24B-Instruct-2512/blob/55c5b41e98c2dbd21b0c8afffc540dcfc9eb5128/README.md,"README.md: license / underlying-model terms; Hub $.cardData.license; matching lines 11, 26, 1695, 1697",55c5b41e98c2dbd21b0c8afffc540dcfc9eb5128,2026-09-15,publisher-report,mistralai/Devstral-Small-2-24B-Instruct-2512؛ نام و شرایط مجوز اعلام‌شدهٔ ناشر؛ بدون داوری دربارهٔ اجرای حقوقی در ایران.,
evidence:mistralai-devstral-small-2-24b-instruct-2512-config,Devstral-Small-2-24B-Instruct-2512 — configuration,https://huggingface.co/mistralai/Devstral-Small-2-24B-Instruct-2512/blob/55c5b41e98c2dbd21b0c8afffc540dcfc9eb5128/config.json,"config.json: architectures, model_type, text_config, max_position_embeddings, quantization_config, torch_dtype/dtype",55c5b41e98c2dbd21b0c8afffc540dcfc9eb5128,2026-09-15,publisher-report,mistralai/Devstral-Small-2-24B-Instruct-2512؛ پیکربندی checkpoint، نه نتیجهٔ آزمون کیفیت یا سازگاری.,
evidence:mistralai-devstral-small-2-24b-instruct-2512-context,Devstral-Small-2-24B-Instruct-2512 — context declaration,https://huggingface.co/mistralai/Devstral-Small-2-24B-Instruct-2512/blob/55c5b41e98c2dbd21b0c8afffc540dcfc9eb5128/README.md,"README.md: context length / model specification / usage limits; matching lines 14, 20, 27, 114, 156, 173, 252, 267, 340, 349, 353, 937",55c5b41e98c2dbd21b0c8afffc540dcfc9eb5128,2026-09-15,publisher-report,mistralai/Devstral-Small-2-24B-Instruct-2512؛ طول زمینهٔ اعلام‌شده، جدا از مقدار پیکربندی و طول آزموده‌شده.,KV cache، توکن تصویر و خروجی تولیدی نیز باید در سناریوی واقعی حساب شوند.
evidence:mistralai-devstral-small-2-24b-instruct-2512-weight-files,Devstral-Small-2-24B-Instruct-2512 — selected weight-file sizes,https://huggingface.co/api/models/mistralai/Devstral-Small-2-24B-Instruct-2512?blobs=true,$.siblings[ rfilename matches selected manifest filenames ].size; $.sha,55c5b41e98c2dbd21b0c8afffc540dcfc9eb5128,2026-09-15,calculated-from-specifications,mistralai/Devstral-Small-2-24B-Instruct-2512؛ جمع بایت فایل‌های وزن همین نمایش؛ توکنایزر، cache و تبدیل خارج است.,اندازهٔ دیسک است؛ معادل VRAM یا RAM نیست. | هیچ فایل وزن دانلود یا روی سخت‌افزار اجرا نشده است.
evidence:mistralai-ministral-3-3b-instruct-2512-card,Ministral-3-3B-Instruct-2512 — model card,https://huggingface.co/mistralai/Ministral-3-3B-Instruct-2512/blob/b35d4dfe56c142746f54dbd64f579faab2744308/README.md,"README.md: model description / architecture / intended use; matching lines 27, 40, 44, 59, 67",b35d4dfe56c142746f54dbd64f579faab2744308,2026-09-15,publisher-report,mistralai/Ministral-3-3B-Instruct-2512؛ شناسنامه و کاربرد اعلام‌شده، بدون تأیید مستقل.,اعداد پارامتر معرفی مدل، گرد‌شده‌اند؛ safetensors.total شمار عناصر ذخیره‌شده است و الزاماً پارامتر یکتا نیست. | کیفیت، زمان پاسخ و حداقل سخت‌افزار از شناسنامه استنتاج نمی‌شود.
evidence:mistralai-ministral-3-3b-instruct-2512-metadata,Ministral-3-3B-Instruct-2512 — Hub metadata,https://huggingface.co/api/models/mistralai/Ministral-3-3B-Instruct-2512?blobs=true,$.sha; $.id; $.pipeline_tag; $.cardData; $.safetensors; $.siblings,b35d4dfe56c142746f54dbd64f579faab2744308,2026-09-15,publisher-report,mistralai/Ministral-3-3B-Instruct-2512؛ فرادادهٔ مشاهده‌شده در این تاریخ، نه اندازه‌گیری اجرای مدل.,فهرست فایل و شمار tensorها معادل حافظهٔ اجرا یا شمار پارامتر یکتا نیست.
evidence:mistralai-ministral-3-3b-instruct-2512-parameters,Ministral-3-3B-Instruct-2512 — parameter specification,https://huggingface.co/mistralai/Ministral-3-3B-Instruct-2512/blob/b35d4dfe56c142746f54dbd64f579faab2744308/README.md,"README.md: parameter count / named model variant; matching lines 65, 78, 166, 171, 176, 189, 306, 323, 485, 530",b35d4dfe56c142746f54dbd64f579faab2744308,2026-09-15,publisher-report,mistralai/Ministral-3-3B-Instruct-2512؛ شمار پارامترهای معرفی‌شده و حدود شمارش آن‌ها.,اعداد پارامتر معرفی مدل، گرد‌شده‌اند؛ safetensors.total شمار عناصر ذخیره‌شده است و الزاماً پارامتر یکتا نیست.
evidence:mistralai-ministral-3-3b-instruct-2512-license,Ministral-3-3B-Instruct-2512 — license declaration,https://huggingface.co/mistralai/Ministral-3-3B-Instruct-2512/blob/b35d4dfe56c142746f54dbd64f579faab2744308/README.md,"README.md: license / underlying-model terms; Hub $.cardData.license; matching lines 15, 46, 538, 540",b35d4dfe56c142746f54dbd64f579faab2744308,2026-09-15,publisher-report,mistralai/Ministral-3-3B-Instruct-2512؛ نام و شرایط مجوز اعلام‌شدهٔ ناشر؛ بدون داوری دربارهٔ اجرای حقوقی در ایران.,
evidence:mistralai-ministral-3-3b-instruct-2512-config,Ministral-3-3B-Instruct-2512 — configuration,https://huggingface.co/mistralai/Ministral-3-3B-Instruct-2512/blob/b35d4dfe56c142746f54dbd64f579faab2744308/config.json,"config.json: architectures, model_type, text_config, max_position_embeddings, quantization_config, torch_dtype/dtype",b35d4dfe56c142746f54dbd64f579faab2744308,2026-09-15,publisher-report,mistralai/Ministral-3-3B-Instruct-2512؛ پیکربندی checkpoint، نه نتیجهٔ آزمون کیفیت یا سازگاری.,
evidence:mistralai-ministral-3-3b-instruct-2512-context,Ministral-3-3B-Instruct-2512 — context declaration,https://huggingface.co/mistralai/Ministral-3-3B-Instruct-2512/blob/b35d4dfe56c142746f54dbd64f579faab2744308/README.md,"README.md: context length / model specification / usage limits; matching lines 18, 26, 47, 77, 78, 79, 80, 81, 82, 83, 84, 85",b35d4dfe56c142746f54dbd64f579faab2744308,2026-09-15,publisher-report,mistralai/Ministral-3-3B-Instruct-2512؛ طول زمینهٔ اعلام‌شده، جدا از مقدار پیکربندی و طول آزموده‌شده.,KV cache، توکن تصویر و خروجی تولیدی نیز باید در سناریوی واقعی حساب شوند.
evidence:mistralai-ministral-3-3b-instruct-2512-weight-files,Ministral-3-3B-Instruct-2512 — selected weight-file sizes,https://huggingface.co/api/models/mistralai/Ministral-3-3B-Instruct-2512?blobs=true,$.siblings[ rfilename matches selected manifest filenames ].size; $.sha,b35d4dfe56c142746f54dbd64f579faab2744308,2026-09-15,calculated-from-specifications,mistralai/Ministral-3-3B-Instruct-2512؛ جمع بایت فایل‌های وزن همین نمایش؛ توکنایزر، cache و تبدیل خارج است.,اندازهٔ دیسک است؛ معادل VRAM یا RAM نیست. | هیچ فایل وزن دانلود یا روی سخت‌افزار اجرا نشده است.
evidence:mistralai-mistral-7b-instruct-v0-3-card,Mistral-7B-Instruct-v0.3 — model card,https://huggingface.co/mistralai/Mistral-7B-Instruct-v0.3/blob/c170c708c41dac9275d15a8fff4eca08d52bab71/README.md,README.md: model description / architecture / intended use,c170c708c41dac9275d15a8fff4eca08d52bab71,2026-09-15,publisher-report,mistralai/Mistral-7B-Instruct-v0.3؛ شناسنامه و کاربرد اعلام‌شده، بدون تأیید مستقل.,اعداد پارامتر معرفی مدل، گرد‌شده‌اند؛ safetensors.total شمار عناصر ذخیره‌شده است و الزاماً پارامتر یکتا نیست. | کیفیت، زمان پاسخ و حداقل سخت‌افزار از شناسنامه استنتاج نمی‌شود.
evidence:mistralai-mistral-7b-instruct-v0-3-metadata,Mistral-7B-Instruct-v0.3 — Hub metadata,https://huggingface.co/api/models/mistralai/Mistral-7B-Instruct-v0.3?blobs=true,$.sha; $.id; $.pipeline_tag; $.cardData; $.safetensors; $.siblings,c170c708c41dac9275d15a8fff4eca08d52bab71,2026-09-15,publisher-report,mistralai/Mistral-7B-Instruct-v0.3؛ فرادادهٔ مشاهده‌شده در این تاریخ، نه اندازه‌گیری اجرای مدل.,فهرست فایل و شمار tensorها معادل حافظهٔ اجرا یا شمار پارامتر یکتا نیست.
evidence:mistralai-mistral-7b-instruct-v0-3-parameters,Mistral-7B-Instruct-v0.3 — parameter specification,https://huggingface.co/mistralai/Mistral-7B-Instruct-v0.3/blob/c170c708c41dac9275d15a8fff4eca08d52bab71/README.md,"README.md: parameter count / named model variant; matching lines 14, 16, 25, 40, 96, 138, 153",c170c708c41dac9275d15a8fff4eca08d52bab71,2026-09-15,publisher-report,mistralai/Mistral-7B-Instruct-v0.3؛ شمار پارامترهای معرفی‌شده و حدود شمارش آن‌ها.,اعداد پارامتر معرفی مدل، گرد‌شده‌اند؛ safetensors.total شمار عناصر ذخیره‌شده است و الزاماً پارامتر یکتا نیست.
evidence:mistralai-mistral-7b-instruct-v0-3-license,Mistral-7B-Instruct-v0.3 — license declaration,https://huggingface.co/mistralai/Mistral-7B-Instruct-v0.3/blob/c170c708c41dac9275d15a8fff4eca08d52bab71/README.md,README.md: license / underlying-model terms; Hub $.cardData.license; matching lines 3,c170c708c41dac9275d15a8fff4eca08d52bab71,2026-09-15,publisher-report,mistralai/Mistral-7B-Instruct-v0.3؛ نام و شرایط مجوز اعلام‌شدهٔ ناشر؛ بدون داوری دربارهٔ اجرای حقوقی در ایران.,
evidence:mistralai-mistral-7b-instruct-v0-3-config,Mistral-7B-Instruct-v0.3 — configuration,https://huggingface.co/mistralai/Mistral-7B-Instruct-v0.3/blob/c170c708c41dac9275d15a8fff4eca08d52bab71/config.json,"config.json: architectures, model_type, text_config, max_position_embeddings, quantization_config, torch_dtype/dtype",c170c708c41dac9275d15a8fff4eca08d52bab71,2026-09-15,publisher-report,mistralai/Mistral-7B-Instruct-v0.3؛ پیکربندی checkpoint، نه نتیجهٔ آزمون کیفیت یا سازگاری.,
evidence:mistralai-mistral-7b-instruct-v0-3-weight-files,Mistral-7B-Instruct-v0.3 — selected weight-file sizes,https://huggingface.co/api/models/mistralai/Mistral-7B-Instruct-v0.3?blobs=true,$.siblings[ rfilename matches selected manifest filenames ].size; $.sha,c170c708c41dac9275d15a8fff4eca08d52bab71,2026-09-15,calculated-from-specifications,mistralai/Mistral-7B-Instruct-v0.3؛ جمع بایت فایل‌های وزن همین نمایش؛ توکنایزر، cache و تبدیل خارج است.,اندازهٔ دیسک است؛ معادل VRAM یا RAM نیست. | هیچ فایل وزن دانلود یا روی سخت‌افزار اجرا نشده است.
evidence:mistralai-mistral-small-3-1-24b-instruct-2503-card,Mistral-Small-3.1-24B-Instruct-2503 — model card,https://huggingface.co/mistralai/Mistral-Small-3.1-24B-Instruct-2503/blob/68faf511d618ef198fef186659617cfd2eb8e33a/README.md,"README.md: model description / architecture / intended use; matching lines 41, 42, 56, 61, 63, 64, 151",68faf511d618ef198fef186659617cfd2eb8e33a,2026-09-15,publisher-report,mistralai/Mistral-Small-3.1-24B-Instruct-2503؛ شناسنامه و کاربرد اعلام‌شده، بدون تأیید مستقل.,اعداد پارامتر معرفی مدل، گرد‌شده‌اند؛ safetensors.total شمار عناصر ذخیره‌شده است و الزاماً پارامتر یکتا نیست. | کیفیت، زمان پاسخ و حداقل سخت‌افزار از شناسنامه استنتاج نمی‌شود.
evidence:mistralai-mistral-small-3-1-24b-instruct-2503-metadata,Mistral-Small-3.1-24B-Instruct-2503 — Hub metadata,https://huggingface.co/api/models/mistralai/Mistral-Small-3.1-24B-Instruct-2503?blobs=true,$.sha; $.id; $.pipeline_tag; $.cardData; $.safetensors; $.siblings,68faf511d618ef198fef186659617cfd2eb8e33a,2026-09-15,publisher-report,mistralai/Mistral-Small-3.1-24B-Instruct-2503؛ فرادادهٔ مشاهده‌شده در این تاریخ، نه اندازه‌گیری اجرای مدل.,فهرست فایل و شمار tensorها معادل حافظهٔ اجرا یا شمار پارامتر یکتا نیست.
evidence:mistralai-mistral-small-3-1-24b-instruct-2503-parameters,Mistral-Small-3.1-24B-Instruct-2503 — parameter specification,https://huggingface.co/mistralai/Mistral-Small-3.1-24B-Instruct-2503/blob/68faf511d618ef198fef186659617cfd2eb8e33a/README.md,"README.md: parameter count / named model variant; matching lines 39, 42, 187, 192, 195, 209, 280, 302, 328, 407",68faf511d618ef198fef186659617cfd2eb8e33a,2026-09-15,publisher-report,mistralai/Mistral-Small-3.1-24B-Instruct-2503؛ شمار پارامترهای معرفی‌شده و حدود شمارش آن‌ها.,اعداد پارامتر معرفی مدل، گرد‌شده‌اند؛ safetensors.total شمار عناصر ذخیره‌شده است و الزاماً پارامتر یکتا نیست.
evidence:mistralai-mistral-small-3-1-24b-instruct-2503-license,Mistral-Small-3.1-24B-Instruct-2503 — license declaration,https://huggingface.co/mistralai/Mistral-Small-3.1-24B-Instruct-2503/blob/68faf511d618ef198fef186659617cfd2eb8e33a/README.md,"README.md: license / underlying-model terms; Hub $.cardData.license; matching lines 28, 65",68faf511d618ef198fef186659617cfd2eb8e33a,2026-09-15,publisher-report,mistralai/Mistral-Small-3.1-24B-Instruct-2503؛ نام و شرایط مجوز اعلام‌شدهٔ ناشر؛ بدون داوری دربارهٔ اجرای حقوقی در ایران.,
evidence:mistralai-mistral-small-3-1-24b-instruct-2503-config,Mistral-Small-3.1-24B-Instruct-2503 — configuration,https://huggingface.co/mistralai/Mistral-Small-3.1-24B-Instruct-2503/blob/68faf511d618ef198fef186659617cfd2eb8e33a/config.json,"config.json: architectures, model_type, text_config, max_position_embeddings, quantization_config, torch_dtype/dtype",68faf511d618ef198fef186659617cfd2eb8e33a,2026-09-15,publisher-report,mistralai/Mistral-Small-3.1-24B-Instruct-2503؛ پیکربندی checkpoint، نه نتیجهٔ آزمون کیفیت یا سازگاری.,
evidence:mistralai-mistral-small-3-1-24b-instruct-2503-context,Mistral-Small-3.1-24B-Instruct-2503 — context declaration,https://huggingface.co/mistralai/Mistral-Small-3.1-24B-Instruct-2503/blob/68faf511d618ef198fef186659617cfd2eb8e33a/README.md,"README.md: context length / model specification / usage limits; matching lines 41, 56, 66, 113, 115, 148, 411",68faf511d618ef198fef186659617cfd2eb8e33a,2026-09-15,publisher-report,mistralai/Mistral-Small-3.1-24B-Instruct-2503؛ طول زمینهٔ اعلام‌شده، جدا از مقدار پیکربندی و طول آزموده‌شده.,KV cache، توکن تصویر و خروجی تولیدی نیز باید در سناریوی واقعی حساب شوند.
evidence:mistralai-mistral-small-3-1-24b-instruct-2503-weight-files,Mistral-Small-3.1-24B-Instruct-2503 — selected weight-file sizes,https://huggingface.co/api/models/mistralai/Mistral-Small-3.1-24B-Instruct-2503?blobs=true,$.siblings[ rfilename matches selected manifest filenames ].size; $.sha,68faf511d618ef198fef186659617cfd2eb8e33a,2026-09-15,calculated-from-specifications,mistralai/Mistral-Small-3.1-24B-Instruct-2503؛ جمع بایت فایل‌های وزن همین نمایش؛ توکنایزر، cache و تبدیل خارج است.,اندازهٔ دیسک است؛ معادل VRAM یا RAM نیست. | هیچ فایل وزن دانلود یا روی سخت‌افزار اجرا نشده است.
evidence:nvidia-nvidia-nemotron-nano-9b-v2-card,NVIDIA-Nemotron-Nano-9B-v2 — model card,https://huggingface.co/nvidia/NVIDIA-Nemotron-Nano-9B-v2/blob/6533e8de2c68e4536bf7c411d7a3ce5734111476/README.md,"README.md: model description / architecture / intended use; matching lines 47, 49, 51, 95, 97, 98, 134",6533e8de2c68e4536bf7c411d7a3ce5734111476,2026-09-15,publisher-report,nvidia/NVIDIA-Nemotron-Nano-9B-v2؛ شناسنامه و کاربرد اعلام‌شده، بدون تأیید مستقل.,اعداد پارامتر معرفی مدل، گرد‌شده‌اند؛ safetensors.total شمار عناصر ذخیره‌شده است و الزاماً پارامتر یکتا نیست. | کیفیت، زمان پاسخ و حداقل سخت‌افزار از شناسنامه استنتاج نمی‌شود.
evidence:nvidia-nvidia-nemotron-nano-9b-v2-metadata,NVIDIA-Nemotron-Nano-9B-v2 — Hub metadata,https://huggingface.co/api/models/nvidia/NVIDIA-Nemotron-Nano-9B-v2?blobs=true,$.sha; $.id; $.pipeline_tag; $.cardData; $.safetensors; $.siblings,6533e8de2c68e4536bf7c411d7a3ce5734111476,2026-09-15,publisher-report,nvidia/NVIDIA-Nemotron-Nano-9B-v2؛ فرادادهٔ مشاهده‌شده در این تاریخ، نه اندازه‌گیری اجرای مدل.,فهرست فایل و شمار tensorها معادل حافظهٔ اجرا یا شمار پارامتر یکتا نیست.
evidence:nvidia-nvidia-nemotron-nano-9b-v2-parameters,NVIDIA-Nemotron-Nano-9B-v2 — parameter specification,https://huggingface.co/nvidia/NVIDIA-Nemotron-Nano-9B-v2/blob/6533e8de2c68e4536bf7c411d7a3ce5734111476/README.md,"README.md: parameter count / named model variant; matching lines 30, 49, 73, 85, 104, 108, 109, 120, 127, 147, 149, 215",6533e8de2c68e4536bf7c411d7a3ce5734111476,2026-09-15,publisher-report,nvidia/NVIDIA-Nemotron-Nano-9B-v2؛ شمار پارامترهای معرفی‌شده و حدود شمارش آن‌ها.,اعداد پارامتر معرفی مدل، گرد‌شده‌اند؛ safetensors.total شمار عناصر ذخیره‌شده است و الزاماً پارامتر یکتا نیست.
evidence:nvidia-nvidia-nemotron-nano-9b-v2-license,NVIDIA-Nemotron-Nano-9B-v2 — license declaration,https://huggingface.co/nvidia/NVIDIA-Nemotron-Nano-9B-v2/blob/6533e8de2c68e4536bf7c411d7a3ce5734111476/README.md,"README.md: license / underlying-model terms; Hub $.cardData.license; matching lines 2, 3, 4, 5, 62, 64, 659, 735",6533e8de2c68e4536bf7c411d7a3ce5734111476,2026-09-15,publisher-report,nvidia/NVIDIA-Nemotron-Nano-9B-v2؛ نام و شرایط مجوز اعلام‌شدهٔ ناشر؛ بدون داوری دربارهٔ اجرای حقوقی در ایران.,
evidence:nvidia-nvidia-nemotron-nano-9b-v2-config,NVIDIA-Nemotron-Nano-9B-v2 — configuration,https://huggingface.co/nvidia/NVIDIA-Nemotron-Nano-9B-v2/blob/6533e8de2c68e4536bf7c411d7a3ce5734111476/config.json,"config.json: architectures, model_type, text_config, max_position_embeddings, quantization_config, torch_dtype/dtype",6533e8de2c68e4536bf7c411d7a3ce5734111476,2026-09-15,publisher-report,nvidia/NVIDIA-Nemotron-Nano-9B-v2؛ پیکربندی checkpoint، نه نتیجهٔ آزمون کیفیت یا سازگاری.,
evidence:nvidia-nvidia-nemotron-nano-9b-v2-context,NVIDIA-Nemotron-Nano-9B-v2 — context declaration,https://huggingface.co/nvidia/NVIDIA-Nemotron-Nano-9B-v2/blob/6533e8de2c68e4536bf7c411d7a3ce5734111476/README.md,"README.md: context length / model specification / usage limits; matching lines 82, 121, 127, 232, 322, 389, 766",6533e8de2c68e4536bf7c411d7a3ce5734111476,2026-09-15,publisher-report,nvidia/NVIDIA-Nemotron-Nano-9B-v2؛ طول زمینهٔ اعلام‌شده، جدا از مقدار پیکربندی و طول آزموده‌شده.,KV cache، توکن تصویر و خروجی تولیدی نیز باید در سناریوی واقعی حساب شوند.
evidence:nvidia-nvidia-nemotron-nano-9b-v2-weight-files,NVIDIA-Nemotron-Nano-9B-v2 — selected weight-file sizes,https://huggingface.co/api/models/nvidia/NVIDIA-Nemotron-Nano-9B-v2?blobs=true,$.siblings[ rfilename matches selected manifest filenames ].size; $.sha,6533e8de2c68e4536bf7c411d7a3ce5734111476,2026-09-15,calculated-from-specifications,nvidia/NVIDIA-Nemotron-Nano-9B-v2؛ جمع بایت فایل‌های وزن همین نمایش؛ توکنایزر، cache و تبدیل خارج است.,اندازهٔ دیسک است؛ معادل VRAM یا RAM نیست. | هیچ فایل وزن دانلود یا روی سخت‌افزار اجرا نشده است.
evidence:openai-gpt-oss-120b-card,gpt-oss-120b — model card,https://huggingface.co/openai/gpt-oss-120b/blob/b5c939de8f754692c1647ca79fbf85e8c1e70f8a/README.md,"README.md: model description / architecture / intended use; matching lines 34, 40",b5c939de8f754692c1647ca79fbf85e8c1e70f8a,2026-09-15,publisher-report,openai/gpt-oss-120b؛ شناسنامه و کاربرد اعلام‌شده، بدون تأیید مستقل.,اعداد پارامتر معرفی مدل، گرد‌شده‌اند؛ safetensors.total شمار عناصر ذخیره‌شده است و الزاماً پارامتر یکتا نیست. | کیفیت، زمان پاسخ و حداقل سخت‌افزار از شناسنامه استنتاج نمی‌شود.
evidence:openai-gpt-oss-120b-metadata,gpt-oss-120b — Hub metadata,https://huggingface.co/api/models/openai/gpt-oss-120b?blobs=true,$.sha; $.id; $.pipeline_tag; $.cardData; $.safetensors; $.siblings,b5c939de8f754692c1647ca79fbf85e8c1e70f8a,2026-09-15,publisher-report,openai/gpt-oss-120b؛ فرادادهٔ مشاهده‌شده در این تاریخ، نه اندازه‌گیری اجرای مدل.,فهرست فایل و شمار tensorها معادل حافظهٔ اجرا یا شمار پارامتر یکتا نیست.
evidence:openai-gpt-oss-120b-parameters,gpt-oss-120b — parameter specification,https://huggingface.co/openai/gpt-oss-120b/blob/b5c939de8f754692c1647ca79fbf85e8c1e70f8a/README.md,"README.md: parameter count / named model variant; matching lines 10, 25, 26, 32, 39, 41, 49, 63, 87, 102, 116, 128",b5c939de8f754692c1647ca79fbf85e8c1e70f8a,2026-09-15,publisher-report,openai/gpt-oss-120b؛ شمار پارامترهای معرفی‌شده و حدود شمارش آن‌ها.,اعداد پارامتر معرفی مدل، گرد‌شده‌اند؛ safetensors.total شمار عناصر ذخیره‌شده است و الزاماً پارامتر یکتا نیست.
evidence:openai-gpt-oss-120b-license,gpt-oss-120b — license declaration,https://huggingface.co/openai/gpt-oss-120b/blob/b5c939de8f754692c1647ca79fbf85e8c1e70f8a/README.md,"README.md: license / underlying-model terms; Hub $.cardData.license; matching lines 2, 36",b5c939de8f754692c1647ca79fbf85e8c1e70f8a,2026-09-15,publisher-report,openai/gpt-oss-120b؛ نام و شرایط مجوز اعلام‌شدهٔ ناشر؛ بدون داوری دربارهٔ اجرای حقوقی در ایران.,
evidence:openai-gpt-oss-120b-config,gpt-oss-120b — configuration,https://huggingface.co/openai/gpt-oss-120b/blob/b5c939de8f754692c1647ca79fbf85e8c1e70f8a/config.json,"config.json: architectures, model_type, text_config, max_position_embeddings, quantization_config, torch_dtype/dtype",b5c939de8f754692c1647ca79fbf85e8c1e70f8a,2026-09-15,publisher-report,openai/gpt-oss-120b؛ پیکربندی checkpoint، نه نتیجهٔ آزمون کیفیت یا سازگاری.,
evidence:openai-gpt-oss-120b-weight-files,gpt-oss-120b — selected weight-file sizes,https://huggingface.co/api/models/openai/gpt-oss-120b?blobs=true,$.siblings[ rfilename matches selected manifest filenames ].size; $.sha,b5c939de8f754692c1647ca79fbf85e8c1e70f8a,2026-09-15,calculated-from-specifications,openai/gpt-oss-120b؛ جمع بایت فایل‌های وزن همین نمایش؛ توکنایزر، cache و تبدیل خارج است.,اندازهٔ دیسک است؛ معادل VRAM یا RAM نیست. | هیچ فایل وزن دانلود یا روی سخت‌افزار اجرا نشده است.
evidence:openai-gpt-oss-20b-card,gpt-oss-20b — model card,https://huggingface.co/openai/gpt-oss-20b/blob/6cee5e81ee83917806bbde320786a8fb61efebee/README.md,"README.md: model description / architecture / intended use; matching lines 34, 40",6cee5e81ee83917806bbde320786a8fb61efebee,2026-09-15,publisher-report,openai/gpt-oss-20b؛ شناسنامه و کاربرد اعلام‌شده، بدون تأیید مستقل.,اعداد پارامتر معرفی مدل، گرد‌شده‌اند؛ safetensors.total شمار عناصر ذخیره‌شده است و الزاماً پارامتر یکتا نیست. | کیفیت، زمان پاسخ و حداقل سخت‌افزار از شناسنامه استنتاج نمی‌شود.
evidence:openai-gpt-oss-20b-metadata,gpt-oss-20b — Hub metadata,https://huggingface.co/api/models/openai/gpt-oss-20b?blobs=true,$.sha; $.id; $.pipeline_tag; $.cardData; $.safetensors; $.siblings,6cee5e81ee83917806bbde320786a8fb61efebee,2026-09-15,publisher-report,openai/gpt-oss-20b؛ فرادادهٔ مشاهده‌شده در این تاریخ، نه اندازه‌گیری اجرای مدل.,فهرست فایل و شمار tensorها معادل حافظهٔ اجرا یا شمار پارامتر یکتا نیست.
evidence:openai-gpt-oss-20b-parameters,gpt-oss-20b — parameter specification,https://huggingface.co/openai/gpt-oss-20b/blob/6cee5e81ee83917806bbde320786a8fb61efebee/README.md,"README.md: parameter count / named model variant; matching lines 10, 25, 26, 32, 39, 41, 49, 63, 87, 102, 116, 128",6cee5e81ee83917806bbde320786a8fb61efebee,2026-09-15,publisher-report,openai/gpt-oss-20b؛ شمار پارامترهای معرفی‌شده و حدود شمارش آن‌ها.,اعداد پارامتر معرفی مدل، گرد‌شده‌اند؛ safetensors.total شمار عناصر ذخیره‌شده است و الزاماً پارامتر یکتا نیست.
evidence:openai-gpt-oss-20b-license,gpt-oss-20b — license declaration,https://huggingface.co/openai/gpt-oss-20b/blob/6cee5e81ee83917806bbde320786a8fb61efebee/README.md,"README.md: license / underlying-model terms; Hub $.cardData.license; matching lines 2, 36",6cee5e81ee83917806bbde320786a8fb61efebee,2026-09-15,publisher-report,openai/gpt-oss-20b؛ نام و شرایط مجوز اعلام‌شدهٔ ناشر؛ بدون داوری دربارهٔ اجرای حقوقی در ایران.,
evidence:openai-gpt-oss-20b-config,gpt-oss-20b — configuration,https://huggingface.co/openai/gpt-oss-20b/blob/6cee5e81ee83917806bbde320786a8fb61efebee/config.json,"config.json: architectures, model_type, text_config, max_position_embeddings, quantization_config, torch_dtype/dtype",6cee5e81ee83917806bbde320786a8fb61efebee,2026-09-15,publisher-report,openai/gpt-oss-20b؛ پیکربندی checkpoint، نه نتیجهٔ آزمون کیفیت یا سازگاری.,
evidence:openai-gpt-oss-20b-weight-files,gpt-oss-20b — selected weight-file sizes,https://huggingface.co/api/models/openai/gpt-oss-20b?blobs=true,$.siblings[ rfilename matches selected manifest filenames ].size; $.sha,6cee5e81ee83917806bbde320786a8fb61efebee,2026-09-15,calculated-from-specifications,openai/gpt-oss-20b؛ جمع بایت فایل‌های وزن همین نمایش؛ توکنایزر، cache و تبدیل خارج است.,اندازهٔ دیسک است؛ معادل VRAM یا RAM نیست. | هیچ فایل وزن دانلود یا روی سخت‌افزار اجرا نشده است.
evidence:zai-org-glm-4-7-flash-card,GLM-4.7-Flash — model card,https://huggingface.co/zai-org/GLM-4.7-Flash/blob/7dd20894a642a0aa287e9827cb1a1f7f91386b67/README.md,README.md: model description / architecture / intended use; matching lines 52,7dd20894a642a0aa287e9827cb1a1f7f91386b67,2026-09-15,publisher-report,zai-org/GLM-4.7-Flash؛ شناسنامه و کاربرد اعلام‌شده، بدون تأیید مستقل.,اعداد پارامتر معرفی مدل، گرد‌شده‌اند؛ safetensors.total شمار عناصر ذخیره‌شده است و الزاماً پارامتر یکتا نیست. | کیفیت، زمان پاسخ و حداقل سخت‌افزار از شناسنامه استنتاج نمی‌شود.
evidence:zai-org-glm-4-7-flash-metadata,GLM-4.7-Flash — Hub metadata,https://huggingface.co/api/models/zai-org/GLM-4.7-Flash?blobs=true,$.sha; $.id; $.pipeline_tag; $.cardData; $.safetensors; $.siblings,7dd20894a642a0aa287e9827cb1a1f7f91386b67,2026-09-15,publisher-report,zai-org/GLM-4.7-Flash؛ فرادادهٔ مشاهده‌شده در این تاریخ، نه اندازه‌گیری اجرای مدل.,فهرست فایل و شمار tensorها معادل حافظهٔ اجرا یا شمار پارامتر یکتا نیست.
evidence:zai-org-glm-4-7-flash-parameters,GLM-4.7-Flash — parameter specification,https://huggingface.co/zai-org/GLM-4.7-Flash/blob/7dd20894a642a0aa287e9827cb1a1f7f91386b67/README.md,"README.md: parameter count / named model variant; matching lines 10, 20, 27, 33, 44, 67, 69, 72, 106, 130, 137, 144",7dd20894a642a0aa287e9827cb1a1f7f91386b67,2026-09-15,publisher-report,zai-org/GLM-4.7-Flash؛ شمار پارامترهای معرفی‌شده و حدود شمارش آن‌ها.,اعداد پارامتر معرفی مدل، گرد‌شده‌اند؛ safetensors.total شمار عناصر ذخیره‌شده است و الزاماً پارامتر یکتا نیست.
evidence:zai-org-glm-4-7-flash-license,GLM-4.7-Flash — license declaration,https://huggingface.co/zai-org/GLM-4.7-Flash/blob/7dd20894a642a0aa287e9827cb1a1f7f91386b67/README.md,README.md: license / underlying-model terms; Hub $.cardData.license; matching lines 6,7dd20894a642a0aa287e9827cb1a1f7f91386b67,2026-09-15,publisher-report,zai-org/GLM-4.7-Flash؛ نام و شرایط مجوز اعلام‌شدهٔ ناشر؛ بدون داوری دربارهٔ اجرای حقوقی در ایران.,
evidence:zai-org-glm-4-7-flash-config,GLM-4.7-Flash — configuration,https://huggingface.co/zai-org/GLM-4.7-Flash/blob/7dd20894a642a0aa287e9827cb1a1f7f91386b67/config.json,"config.json: architectures, model_type, text_config, max_position_embeddings, quantization_config, torch_dtype/dtype",7dd20894a642a0aa287e9827cb1a1f7f91386b67,2026-09-15,publisher-report,zai-org/GLM-4.7-Flash؛ پیکربندی checkpoint، نه نتیجهٔ آزمون کیفیت یا سازگاری.,
evidence:zai-org-glm-4-7-flash-weight-files,GLM-4.7-Flash — selected weight-file sizes,https://huggingface.co/api/models/zai-org/GLM-4.7-Flash?blobs=true,$.siblings[ rfilename matches selected manifest filenames ].size; $.sha,7dd20894a642a0aa287e9827cb1a1f7f91386b67,2026-09-15,calculated-from-specifications,zai-org/GLM-4.7-Flash؛ جمع بایت فایل‌های وزن همین نمایش؛ توکنایزر، cache و تبدیل خارج است.,اندازهٔ دیسک است؛ معادل VRAM یا RAM نیست. | هیچ فایل وزن دانلود یا روی سخت‌افزار اجرا نشده است.
evidence:qwen-qwen3-0-6b-gguf-q8-0-files,Qwen/Qwen3-0.6B-GGUF Q8_0,https://huggingface.co/api/models/Qwen/Qwen3-0.6B-GGUF?blobs=true,$.sha; $.cardData.base_model; $.siblings[].rfilename/size,23749fefcc72300e3a2ad315e1317431b06b590a,2026-09-15,publisher-report,مشاهدهٔ وزن کوانتیزهٔ رسمی؛ commit مبدأ در فرادادهٔ بررسی‌شده مشخص نیست.,نباید کیفیت BF16 یا سازگاری نسخهٔ دیگری به این فایل‌ها ارث داده شود. | در artifacts اصلی وارد نشده تا baseRevision حدس زده نشود.
evidence:qwen-qwen3-1-7b-gguf-q8-0-files,Qwen/Qwen3-1.7B-GGUF Q8_0,https://huggingface.co/api/models/Qwen/Qwen3-1.7B-GGUF?blobs=true,$.sha; $.cardData.base_model; $.siblings[].rfilename/size,90862c4b9d2787eaed51d12237eafdfe7c5f6077,2026-09-15,publisher-report,مشاهدهٔ وزن کوانتیزهٔ رسمی؛ commit مبدأ در فرادادهٔ بررسی‌شده مشخص نیست.,نباید کیفیت BF16 یا سازگاری نسخهٔ دیگری به این فایل‌ها ارث داده شود. | در artifacts اصلی وارد نشده تا baseRevision حدس زده نشود.
evidence:qwen-qwen3-14b-gguf-q4-k-m-files,Qwen/Qwen3-14B-GGUF Q4_K_M,https://huggingface.co/api/models/Qwen/Qwen3-14B-GGUF?blobs=true,$.sha; $.cardData.base_model; $.siblings[].rfilename/size,530227a7d994db8eca5ab5ced2fb692b614357fd,2026-09-15,publisher-report,مشاهدهٔ وزن کوانتیزهٔ رسمی؛ commit مبدأ در فرادادهٔ بررسی‌شده مشخص نیست.,نباید کیفیت BF16 یا سازگاری نسخهٔ دیگری به این فایل‌ها ارث داده شود. | در artifacts اصلی وارد نشده تا baseRevision حدس زده نشود.
evidence:qwen-qwen3-14b-gguf-q8-0-files,Qwen/Qwen3-14B-GGUF Q8_0,https://huggingface.co/api/models/Qwen/Qwen3-14B-GGUF?blobs=true,$.sha; $.cardData.base_model; $.siblings[].rfilename/size,530227a7d994db8eca5ab5ced2fb692b614357fd,2026-09-15,publisher-report,مشاهدهٔ وزن کوانتیزهٔ رسمی؛ commit مبدأ در فرادادهٔ بررسی‌شده مشخص نیست.,نباید کیفیت BF16 یا سازگاری نسخهٔ دیگری به این فایل‌ها ارث داده شود. | در artifacts اصلی وارد نشده تا baseRevision حدس زده نشود.
evidence:qwen-qwen3-30b-a3b-gguf-q4-k-m-files,Qwen/Qwen3-30B-A3B-GGUF Q4_K_M,https://huggingface.co/api/models/Qwen/Qwen3-30B-A3B-GGUF?blobs=true,$.sha; $.cardData.base_model; $.siblings[].rfilename/size,e4d4bafdfb96a411a163846265362aceb0b9c63a,2026-09-15,publisher-report,مشاهدهٔ وزن کوانتیزهٔ رسمی؛ commit مبدأ در فرادادهٔ بررسی‌شده مشخص نیست.,نباید کیفیت BF16 یا سازگاری نسخهٔ دیگری به این فایل‌ها ارث داده شود. | در artifacts اصلی وارد نشده تا baseRevision حدس زده نشود.
evidence:qwen-qwen3-30b-a3b-gguf-q8-0-files,Qwen/Qwen3-30B-A3B-GGUF Q8_0,https://huggingface.co/api/models/Qwen/Qwen3-30B-A3B-GGUF?blobs=true,$.sha; $.cardData.base_model; $.siblings[].rfilename/size,e4d4bafdfb96a411a163846265362aceb0b9c63a,2026-09-15,publisher-report,مشاهدهٔ وزن کوانتیزهٔ رسمی؛ commit مبدأ در فرادادهٔ بررسی‌شده مشخص نیست.,نباید کیفیت BF16 یا سازگاری نسخهٔ دیگری به این فایل‌ها ارث داده شود. | در artifacts اصلی وارد نشده تا baseRevision حدس زده نشود.
evidence:qwen-qwen3-32b-gguf-q4-k-m-files,Qwen/Qwen3-32B-GGUF Q4_K_M,https://huggingface.co/api/models/Qwen/Qwen3-32B-GGUF?blobs=true,$.sha; $.cardData.base_model; $.siblings[].rfilename/size,938a7432affaec9157f883a87164e2646ae17555,2026-09-15,publisher-report,مشاهدهٔ وزن کوانتیزهٔ رسمی؛ commit مبدأ در فرادادهٔ بررسی‌شده مشخص نیست.,نباید کیفیت BF16 یا سازگاری نسخهٔ دیگری به این فایل‌ها ارث داده شود. | در artifacts اصلی وارد نشده تا baseRevision حدس زده نشود.
evidence:qwen-qwen3-32b-gguf-q8-0-files,Qwen/Qwen3-32B-GGUF Q8_0,https://huggingface.co/api/models/Qwen/Qwen3-32B-GGUF?blobs=true,$.sha; $.cardData.base_model; $.siblings[].rfilename/size,938a7432affaec9157f883a87164e2646ae17555,2026-09-15,publisher-report,مشاهدهٔ وزن کوانتیزهٔ رسمی؛ commit مبدأ در فرادادهٔ بررسی‌شده مشخص نیست.,نباید کیفیت BF16 یا سازگاری نسخهٔ دیگری به این فایل‌ها ارث داده شود. | در artifacts اصلی وارد نشده تا baseRevision حدس زده نشود.
evidence:qwen-qwen3-4b-gguf-q4-k-m-files,Qwen/Qwen3-4B-GGUF Q4_K_M,https://huggingface.co/api/models/Qwen/Qwen3-4B-GGUF?blobs=true,$.sha; $.cardData.base_model; $.siblings[].rfilename/size,bc640142c66e1fdd12af0bd68f40445458f3869b,2026-09-15,publisher-report,مشاهدهٔ وزن کوانتیزهٔ رسمی؛ commit مبدأ در فرادادهٔ بررسی‌شده مشخص نیست.,نباید کیفیت BF16 یا سازگاری نسخهٔ دیگری به این فایل‌ها ارث داده شود. | در artifacts اصلی وارد نشده تا baseRevision حدس زده نشود.
evidence:qwen-qwen3-4b-gguf-q8-0-files,Qwen/Qwen3-4B-GGUF Q8_0,https://huggingface.co/api/models/Qwen/Qwen3-4B-GGUF?blobs=true,$.sha; $.cardData.base_model; $.siblings[].rfilename/size,bc640142c66e1fdd12af0bd68f40445458f3869b,2026-09-15,publisher-report,مشاهدهٔ وزن کوانتیزهٔ رسمی؛ commit مبدأ در فرادادهٔ بررسی‌شده مشخص نیست.,نباید کیفیت BF16 یا سازگاری نسخهٔ دیگری به این فایل‌ها ارث داده شود. | در artifacts اصلی وارد نشده تا baseRevision حدس زده نشود.
evidence:qwen-qwen3-8b-gguf-q4-k-m-files,Qwen/Qwen3-8B-GGUF Q4_K_M,https://huggingface.co/api/models/Qwen/Qwen3-8B-GGUF?blobs=true,$.sha; $.cardData.base_model; $.siblings[].rfilename/size,7c41481f57cb95916b40956ab2f0b139b296d974,2026-09-15,publisher-report,مشاهدهٔ وزن کوانتیزهٔ رسمی؛ commit مبدأ در فرادادهٔ بررسی‌شده مشخص نیست.,نباید کیفیت BF16 یا سازگاری نسخهٔ دیگری به این فایل‌ها ارث داده شود. | در artifacts اصلی وارد نشده تا baseRevision حدس زده نشود.
evidence:qwen-qwen3-8b-gguf-q8-0-files,Qwen/Qwen3-8B-GGUF Q8_0,https://huggingface.co/api/models/Qwen/Qwen3-8B-GGUF?blobs=true,$.sha; $.cardData.base_model; $.siblings[].rfilename/size,7c41481f57cb95916b40956ab2f0b139b296d974,2026-09-15,publisher-report,مشاهدهٔ وزن کوانتیزهٔ رسمی؛ commit مبدأ در فرادادهٔ بررسی‌شده مشخص نیست.,نباید کیفیت BF16 یا سازگاری نسخهٔ دیگری به این فایل‌ها ارث داده شود. | در artifacts اصلی وارد نشده تا baseRevision حدس زده نشود.
evidence:qwen-qwen3-coder-30b-a3b-instruct-fp8-fp8-files,Qwen/Qwen3-Coder-30B-A3B-Instruct-FP8 FP8,https://huggingface.co/api/models/Qwen/Qwen3-Coder-30B-A3B-Instruct-FP8?blobs=true,$.sha; $.cardData.base_model; $.siblings[].rfilename/size,dcaee4d4dfc5ee71ad501f01f530e5652438fde0,2026-09-15,publisher-report,مشاهدهٔ وزن کوانتیزهٔ رسمی؛ commit مبدأ در فرادادهٔ بررسی‌شده مشخص نیست.,نباید کیفیت BF16 یا سازگاری نسخهٔ دیگری به این فایل‌ها ارث داده شود. | در artifacts اصلی وارد نشده تا baseRevision حدس زده نشود.
evidence:software-ollama-release,Ollama v0.34.0 — release,https://github.com/ollama/ollama/releases/tag/v0.34.0,release.tag_name; release.published_at; release notes,v0.34.0,2026-09-15,publisher-report,هویت انتشار؛ انتشار جدید به‌تنهایی شاهد کیفیت یا همهٔ قابلیت‌ها نیست.,
evidence:software-ollama-overview,Ollama — versioned overview,https://github.com/ollama/ollama/blob/v0.34.0/README.md,README.md: introduction / features / installation / usage,v0.34.0,2026-09-15,publisher-report,شرح نقش نرم‌افزار و امکانات مستند در این نسخه؛ سازگاری هر مدل و backend جداست.,آزمون نصب یا سرویس‌دهی این نسخه در این بسته انجام نشده است.
evidence:software-ollama-license,Ollama — versioned license,https://github.com/ollama/ollama/blob/v0.34.0/LICENSE,LICENSE; directory-specific exceptions where noted,v0.34.0,2026-09-15,publisher-report,مجوز هستهٔ نرم‌افزار در این نسخه؛ مجوز مدل و سرویس تجاری جداست.,
evidence:software-vllm-release,vLLM v0.29.0 — release,https://github.com/vllm-project/vllm/releases/tag/v0.29.0,release.tag_name; release.published_at; release notes,v0.29.0,2026-09-15,publisher-report,هویت انتشار؛ انتشار جدید به‌تنهایی شاهد کیفیت یا همهٔ قابلیت‌ها نیست.,
evidence:software-vllm-overview,vLLM — versioned overview,https://github.com/vllm-project/vllm/blob/v0.29.0/README.md,README.md: introduction / features / installation / usage,v0.29.0,2026-09-15,publisher-report,شرح نقش نرم‌افزار و امکانات مستند در این نسخه؛ سازگاری هر مدل و backend جداست.,آزمون نصب یا سرویس‌دهی این نسخه در این بسته انجام نشده است.
evidence:software-vllm-license,vLLM — versioned license,https://github.com/vllm-project/vllm/blob/v0.29.0/LICENSE,LICENSE; directory-specific exceptions where noted,v0.29.0,2026-09-15,publisher-report,مجوز هستهٔ نرم‌افزار در این نسخه؛ مجوز مدل و سرویس تجاری جداست.,
evidence:software-sglang-release,SGLang v0.5.19 — release,https://github.com/sgl-project/sglang/releases/tag/v0.5.19,release.tag_name; release.published_at; release notes,v0.5.19,2026-09-15,publisher-report,هویت انتشار؛ انتشار جدید به‌تنهایی شاهد کیفیت یا همهٔ قابلیت‌ها نیست.,
evidence:software-sglang-overview,SGLang — versioned overview,https://github.com/sgl-project/sglang/blob/v0.5.19/README.md,README.md: introduction / features / installation / usage,v0.5.19,2026-09-15,publisher-report,شرح نقش نرم‌افزار و امکانات مستند در این نسخه؛ سازگاری هر مدل و backend جداست.,آزمون نصب یا سرویس‌دهی این نسخه در این بسته انجام نشده است.
evidence:software-sglang-license,SGLang — versioned license,https://github.com/sgl-project/sglang/blob/v0.5.19/LICENSE,LICENSE; directory-specific exceptions where noted,v0.5.19,2026-09-15,publisher-report,مجوز هستهٔ نرم‌افزار در این نسخه؛ مجوز مدل و سرویس تجاری جداست.,
evidence:software-llama-cpp-release,llama.cpp / llama-server v0.4.1 — release,https://github.com/ggml-org/llama.cpp/releases/tag/v0.4.1,release.tag_name; release.published_at; release notes,v0.4.1,2026-09-15,publisher-report,هویت انتشار؛ انتشار جدید به‌تنهایی شاهد کیفیت یا همهٔ قابلیت‌ها نیست.,
evidence:software-llama-cpp-overview,llama.cpp / llama-server — versioned overview,https://github.com/ggml-org/llama.cpp/blob/v0.4.1/README.md,README.md: introduction / features / installation / usage,v0.4.1,2026-09-15,publisher-report,شرح نقش نرم‌افزار و امکانات مستند در این نسخه؛ سازگاری هر مدل و backend جداست.,آزمون نصب یا سرویس‌دهی این نسخه در این بسته انجام نشده است.
evidence:software-llama-cpp-license,llama.cpp / llama-server — versioned license,https://github.com/ggml-org/llama.cpp/blob/v0.4.1/LICENSE,LICENSE; directory-specific exceptions where noted,v0.4.1,2026-09-15,publisher-report,مجوز هستهٔ نرم‌افزار در این نسخه؛ مجوز مدل و سرویس تجاری جداست.,
evidence:software-tensorrt-llm-release,TensorRT-LLM v1.2.1 — release,https://github.com/NVIDIA/TensorRT-LLM/releases/tag/v1.2.1,release.tag_name; release.published_at; release notes,v1.2.1,2026-09-15,publisher-report,هویت انتشار؛ انتشار جدید به‌تنهایی شاهد کیفیت یا همهٔ قابلیت‌ها نیست.,
evidence:software-tensorrt-llm-overview,TensorRT-LLM — versioned overview,https://github.com/NVIDIA/TensorRT-LLM/blob/v1.2.1/README.md,README.md: introduction / features / installation / usage,v1.2.1,2026-09-15,publisher-report,شرح نقش نرم‌افزار و امکانات مستند در این نسخه؛ سازگاری هر مدل و backend جداست.,آزمون نصب یا سرویس‌دهی این نسخه در این بسته انجام نشده است.
evidence:software-tensorrt-llm-license,TensorRT-LLM — versioned license,https://github.com/NVIDIA/TensorRT-LLM/blob/v1.2.1/LICENSE,LICENSE; directory-specific exceptions where noted,v1.2.1,2026-09-15,publisher-report,مجوز هستهٔ نرم‌افزار در این نسخه؛ مجوز مدل و سرویس تجاری جداست.,
evidence:software-triton-release,Triton Inference Server v2.72.0 — release,https://github.com/triton-inference-server/server/releases/tag/v2.72.0,release.tag_name; release.published_at; release notes,v2.72.0,2026-09-15,publisher-report,هویت انتشار؛ انتشار جدید به‌تنهایی شاهد کیفیت یا همهٔ قابلیت‌ها نیست.,
evidence:software-triton-overview,Triton Inference Server — versioned overview,https://github.com/triton-inference-server/server/blob/v2.72.0/README.md,README.md: introduction / features / installation / usage,v2.72.0,2026-09-15,publisher-report,شرح نقش نرم‌افزار و امکانات مستند در این نسخه؛ سازگاری هر مدل و backend جداست.,آزمون نصب یا سرویس‌دهی این نسخه در این بسته انجام نشده است.
evidence:software-triton-license,Triton Inference Server — versioned license,https://github.com/triton-inference-server/server/blob/v2.72.0/LICENSE,LICENSE; directory-specific exceptions where noted,v2.72.0,2026-09-15,publisher-report,مجوز هستهٔ نرم‌افزار در این نسخه؛ مجوز مدل و سرویس تجاری جداست.,
evidence:software-tei-release,Text Embeddings Inference (TEI) v1.9.3 — release,https://github.com/huggingface/text-embeddings-inference/releases/tag/v1.9.3,release.tag_name; release.published_at; release notes,v1.9.3,2026-09-15,publisher-report,هویت انتشار؛ انتشار جدید به‌تنهایی شاهد کیفیت یا همهٔ قابلیت‌ها نیست.,
evidence:software-tei-overview,Text Embeddings Inference (TEI) — versioned overview,https://github.com/huggingface/text-embeddings-inference/blob/v1.9.3/README.md,README.md: introduction / features / installation / usage,v1.9.3,2026-09-15,publisher-report,شرح نقش نرم‌افزار و امکانات مستند در این نسخه؛ سازگاری هر مدل و backend جداست.,آزمون نصب یا سرویس‌دهی این نسخه در این بسته انجام نشده است.
evidence:software-tei-license,Text Embeddings Inference (TEI) — versioned license,https://github.com/huggingface/text-embeddings-inference/blob/v1.9.3/LICENSE,LICENSE; directory-specific exceptions where noted,v1.9.3,2026-09-15,publisher-report,مجوز هستهٔ نرم‌افزار در این نسخه؛ مجوز مدل و سرویس تجاری جداست.,
evidence:software-airllm-release,AirLLM v4.0.0 — release,https://github.com/lyogavin/airllm/releases/tag/v4.0.0,release.tag_name; release.published_at; release notes,v4.0.0,2026-09-15,publisher-report,هویت انتشار؛ انتشار جدید به‌تنهایی شاهد کیفیت یا همهٔ قابلیت‌ها نیست.,
evidence:software-airllm-overview,AirLLM — versioned overview,https://github.com/lyogavin/airllm/blob/v4.0.0/README.md,README.md: introduction / features / installation / usage,v4.0.0,2026-09-15,publisher-report,شرح نقش نرم‌افزار و امکانات مستند در این نسخه؛ سازگاری هر مدل و backend جداست.,آزمون نصب یا سرویس‌دهی این نسخه در این بسته انجام نشده است.
evidence:software-airllm-license,AirLLM — versioned license,https://github.com/lyogavin/airllm/blob/v4.0.0/LICENSE,LICENSE; directory-specific exceptions where noted,v4.0.0,2026-09-15,publisher-report,مجوز هستهٔ نرم‌افزار در این نسخه؛ مجوز مدل و سرویس تجاری جداست.,
evidence:software-transformers-release,Transformers v5.17.0 — release,https://github.com/huggingface/transformers/releases/tag/v5.17.0,release.tag_name; release.published_at; release notes,v5.17.0,2026-09-15,publisher-report,هویت انتشار؛ انتشار جدید به‌تنهایی شاهد کیفیت یا همهٔ قابلیت‌ها نیست.,
evidence:software-transformers-overview,Transformers — versioned overview,https://github.com/huggingface/transformers/blob/v5.17.0/README.md,README.md: introduction / features / installation / usage,v5.17.0,2026-09-15,publisher-report,شرح نقش نرم‌افزار و امکانات مستند در این نسخه؛ سازگاری هر مدل و backend جداست.,آزمون نصب یا سرویس‌دهی این نسخه در این بسته انجام نشده است.
evidence:software-transformers-license,Transformers — versioned license,https://github.com/huggingface/transformers/blob/v5.17.0/LICENSE,LICENSE; directory-specific exceptions where noted,v5.17.0,2026-09-15,publisher-report,مجوز هستهٔ نرم‌افزار در این نسخه؛ مجوز مدل و سرویس تجاری جداست.,
evidence:software-litellm-release,LiteLLM v1.101.0 — release,https://github.com/BerriAI/litellm/releases/tag/v1.101.0,release.tag_name; release.published_at; release notes,v1.101.0,2026-09-15,publisher-report,هویت انتشار؛ انتشار جدید به‌تنهایی شاهد کیفیت یا همهٔ قابلیت‌ها نیست.,
evidence:software-litellm-overview,LiteLLM — versioned overview,https://github.com/BerriAI/litellm/blob/v1.101.0/README.md,README.md: introduction / features / installation / usage,v1.101.0,2026-09-15,publisher-report,شرح نقش نرم‌افزار و امکانات مستند در این نسخه؛ سازگاری هر مدل و backend جداست.,آزمون نصب یا سرویس‌دهی این نسخه در این بسته انجام نشده است.
evidence:software-litellm-license,LiteLLM — versioned license,https://github.com/BerriAI/litellm/blob/v1.101.0/LICENSE,LICENSE; directory-specific exceptions where noted,v1.101.0,2026-09-15,publisher-report,مجوز هستهٔ نرم‌افزار در این نسخه؛ مجوز مدل و سرویس تجاری جداست.,
evidence:software-open-webui-release,Open WebUI v0.11.3 — release,https://github.com/open-webui/open-webui/releases/tag/v0.11.3,release.tag_name; release.published_at; release notes,v0.11.3,2026-09-15,publisher-report,هویت انتشار؛ انتشار جدید به‌تنهایی شاهد کیفیت یا همهٔ قابلیت‌ها نیست.,
evidence:software-open-webui-overview,Open WebUI — versioned overview,https://github.com/open-webui/open-webui/blob/v0.11.3/README.md,README.md: introduction / features / installation / usage,v0.11.3,2026-09-15,publisher-report,شرح نقش نرم‌افزار و امکانات مستند در این نسخه؛ سازگاری هر مدل و backend جداست.,آزمون نصب یا سرویس‌دهی این نسخه در این بسته انجام نشده است.
evidence:software-open-webui-license,Open WebUI — versioned license,https://github.com/open-webui/open-webui/blob/v0.11.3/LICENSE,LICENSE; directory-specific exceptions where noted,v0.11.3,2026-09-15,publisher-report,مجوز هستهٔ نرم‌افزار در این نسخه؛ مجوز مدل و سرویس تجاری جداست.,
evidence:software-tgi-release,Text Generation Inference (TGI) v3.3.7 — release,https://github.com/huggingface/text-generation-inference/releases/tag/v3.3.7,release.tag_name; release.published_at; release notes,v3.3.7,2026-09-15,publisher-report,هویت انتشار؛ انتشار جدید به‌تنهایی شاهد کیفیت یا همهٔ قابلیت‌ها نیست.,
evidence:software-tgi-overview,Text Generation Inference (TGI) — versioned overview,https://github.com/huggingface/text-generation-inference/blob/v3.3.7/README.md,README.md: introduction / features / installation / usage,v3.3.7,2026-09-15,publisher-report,شرح نقش نرم‌افزار و امکانات مستند در این نسخه؛ سازگاری هر مدل و backend جداست.,آزمون نصب یا سرویس‌دهی این نسخه در این بسته انجام نشده است.
evidence:software-tgi-license,Text Generation Inference (TGI) — versioned license,https://github.com/huggingface/text-generation-inference/blob/v3.3.7/LICENSE,LICENSE; directory-specific exceptions where noted,v3.3.7,2026-09-15,publisher-report,مجوز هستهٔ نرم‌افزار در این نسخه؛ مجوز مدل و سرویس تجاری جداست.,
evidence:software-tgi-maintenance,TGI — project maintenance and archive state,https://github.com/huggingface/text-generation-inference,Repository archive banner (2026-03-21); README maintenance notice,,2026-09-15,publisher-report,وضعیت پروژه در تاریخ دسترسی، جدا از امکانات انتشار 3.3.7.,GitHub مخزن را archived نشان می‌دهد؛ enum کنونی schema گزینهٔ archived ندارد. مقدار maintenance با این توضیح نگه داشته شده است.
evidence:software-ollama-task-generation,Ollama — task-generation,https://github.com/ollama/ollama/blob/v0.34.0/docs/api.md,"docs/api.md; matching lines 7, 34",v0.34.0,2026-09-15,publisher-report,task-generation؛ اعلام مستندات همین نسخه در دامنهٔ نقش ثبت‌شده.,پشتیبانی برای همهٔ مدل‌ها، کوانتیزه‌ها، سیستم‌عامل‌ها و backendها یکسان فرض نمی‌شود.
evidence:software-ollama-task-embedding,Ollama — task-embedding,https://github.com/ollama/ollama/blob/v0.34.0/docs/api.md,"docs/api.md; matching lines 1692, 1812",v0.34.0,2026-09-15,publisher-report,task-embedding؛ اعلام مستندات همین نسخه در دامنهٔ نقش ثبت‌شده.,پشتیبانی برای همهٔ مدل‌ها، کوانتیزه‌ها، سیستم‌عامل‌ها و backendها یکسان فرض نمی‌شود.
evidence:software-ollama-streaming,Ollama — streaming,https://github.com/ollama/ollama/blob/v0.34.0/docs/api.md,docs/api.md; matching lines 30,v0.34.0,2026-09-15,publisher-report,streaming؛ اعلام مستندات همین نسخه در دامنهٔ نقش ثبت‌شده.,پشتیبانی برای همهٔ مدل‌ها، کوانتیزه‌ها، سیستم‌عامل‌ها و backendها یکسان فرض نمی‌شود.
evidence:software-ollama-structured-output,Ollama — structured-output,https://github.com/ollama/ollama/blob/v0.34.0/docs/api.md,"docs/api.md; matching lines 52, 63, 511, 526",v0.34.0,2026-09-15,publisher-report,structured-output؛ اعلام مستندات همین نسخه در دامنهٔ نقش ثبت‌شده.,پشتیبانی برای همهٔ مدل‌ها، کوانتیزه‌ها، سیستم‌عامل‌ها و backendها یکسان فرض نمی‌شود.
evidence:software-ollama-tool-use,Ollama — tool-use,https://github.com/ollama/ollama/blob/v0.34.0/docs/api.md,"docs/api.md; matching lines 497, 506, 518, 520, 585, 598, 705, 718, 881, 916, 1039, 1053",v0.34.0,2026-09-15,publisher-report,tool-use؛ اعلام مستندات همین نسخه در دامنهٔ نقش ثبت‌شده.,پشتیبانی برای همهٔ مدل‌ها، کوانتیزه‌ها، سیستم‌عامل‌ها و backendها یکسان فرض نمی‌شود.
evidence:software-ollama-queueing,Ollama — queueing,https://github.com/ollama/ollama/blob/v0.34.0/docs/faq.mdx,"docs/faq.mdx; matching lines 322, 336",v0.34.0,2026-09-15,publisher-report,queueing؛ اعلام مستندات همین نسخه در دامنهٔ نقش ثبت‌شده.,پشتیبانی برای همهٔ مدل‌ها، کوانتیزه‌ها، سیستم‌عامل‌ها و backendها یکسان فرض نمی‌شود.
evidence:software-ollama-concurrency,Ollama — concurrency,https://github.com/ollama/ollama/blob/v0.34.0/docs/faq.mdx,docs/faq.mdx; matching lines 335,v0.34.0,2026-09-15,publisher-report,concurrency؛ اعلام مستندات همین نسخه در دامنهٔ نقش ثبت‌شده.,پشتیبانی برای همهٔ مدل‌ها، کوانتیزه‌ها، سیستم‌عامل‌ها و backendها یکسان فرض نمی‌شود.
evidence:software-ollama-multi-model,Ollama — multi-model,https://github.com/ollama/ollama/blob/v0.34.0/docs/faq.mdx,docs/faq.mdx; matching lines 334,v0.34.0,2026-09-15,publisher-report,multi-model؛ اعلام مستندات همین نسخه در دامنهٔ نقش ثبت‌شده.,پشتیبانی برای همهٔ مدل‌ها، کوانتیزه‌ها، سیستم‌عامل‌ها و backendها یکسان فرض نمی‌شود.
evidence:software-ollama-model-load-unload,Ollama — model-load-unload,https://github.com/ollama/ollama/blob/v0.34.0/docs/faq.mdx,"docs/faq.mdx; matching lines 297, 307, 313, 316, 318",v0.34.0,2026-09-15,publisher-report,model-load-unload؛ اعلام مستندات همین نسخه در دامنهٔ نقش ثبت‌شده.,پشتیبانی برای همهٔ مدل‌ها، کوانتیزه‌ها، سیستم‌عامل‌ها و backendها یکسان فرض نمی‌شود.
evidence:software-ollama-cpu-gpu-offload,Ollama — cpu-gpu-offload,https://github.com/ollama/ollama/blob/v0.34.0/docs/faq.mdx,docs/faq.mdx; matching lines 73,v0.34.0,2026-09-15,publisher-report,cpu-gpu-offload؛ اعلام مستندات همین نسخه در دامنهٔ نقش ثبت‌شده.,پشتیبانی برای همهٔ مدل‌ها، کوانتیزه‌ها، سیستم‌عامل‌ها و backendها یکسان فرض نمی‌شود.
evidence:software-ollama-multi-gpu-sharding,Ollama — multi-gpu-sharding,https://github.com/ollama/ollama/blob/v0.34.0/docs/faq.mdx,docs/faq.mdx; matching lines 342,v0.34.0,2026-09-15,publisher-report,multi-gpu-sharding؛ اعلام مستندات همین نسخه در دامنهٔ نقش ثبت‌شده.,پشتیبانی برای همهٔ مدل‌ها، کوانتیزه‌ها، سیستم‌عامل‌ها و backendها یکسان فرض نمی‌شود.
evidence:api-ollama-api-generate-text-generation,Ollama — /api/generate,https://github.com/ollama/ollama/blob/v0.34.0/docs/api.md,"docs/api.md; matching lines 37, 79, 135, 167, 202, 251, 303, 336, 351, 384, 440, 465",v0.34.0,2026-09-15,publisher-report,/api/generate / text generation؛ فقط همین endpoint و قابلیت.,تطابق کامل همهٔ پارامترها و رفتار API ادعا نشده؛ test قراردادی اجرا نشده است.
evidence:api-ollama-api-chat-chat,Ollama — /api/chat,https://github.com/ollama/ollama/blob/v0.34.0/docs/api.md,"docs/api.md; matching lines 488, 537, 590, 673, 710, 777, 830, 886, 966, 1004, 1044, 1119",v0.34.0,2026-09-15,publisher-report,/api/chat / chat؛ فقط همین endpoint و قابلیت.,تطابق کامل همهٔ پارامترها و رفتار API ادعا نشده؛ test قراردادی اجرا نشده است.
evidence:api-ollama-api-embed-embeddings,Ollama — /api/embed,https://github.com/ollama/ollama/blob/v0.34.0/docs/api.md,"docs/api.md; matching lines 1692, 1714, 1740, 1809, 1812, 1832",v0.34.0,2026-09-15,publisher-report,/api/embed / embeddings؛ فقط همین endpoint و قابلیت.,تطابق کامل همهٔ پارامترها و رفتار API ادعا نشده؛ test قراردادی اجرا نشده است.
evidence:software-vllm-task-generation,vLLM — task-generation,https://github.com/vllm-project/vllm/blob/v0.29.0/README.md,README.md; matching lines 24,v0.29.0,2026-09-15,publisher-report,task-generation؛ اعلام مستندات همین نسخه در دامنهٔ نقش ثبت‌شده.,پشتیبانی برای همهٔ مدل‌ها، کوانتیزه‌ها، سیستم‌عامل‌ها و backendها یکسان فرض نمی‌شود.
evidence:software-vllm-continuous-batching,vLLM — continuous-batching,https://github.com/vllm-project/vllm/blob/v0.29.0/README.md,README.md; matching lines 32,v0.29.0,2026-09-15,publisher-report,continuous-batching؛ اعلام مستندات همین نسخه در دامنهٔ نقش ثبت‌شده.,پشتیبانی برای همهٔ مدل‌ها، کوانتیزه‌ها، سیستم‌عامل‌ها و backendها یکسان فرض نمی‌شود.
evidence:software-vllm-prefix-caching,vLLM — prefix-caching,https://github.com/vllm-project/vllm/blob/v0.29.0/README.md,README.md; matching lines 32,v0.29.0,2026-09-15,publisher-report,prefix-caching؛ اعلام مستندات همین نسخه در دامنهٔ نقش ثبت‌شده.,پشتیبانی برای همهٔ مدل‌ها، کوانتیزه‌ها، سیستم‌عامل‌ها و backendها یکسان فرض نمی‌شود.
evidence:software-vllm-speculative-decoding,vLLM — speculative-decoding,https://github.com/vllm-project/vllm/blob/v0.29.0/README.md,README.md; matching lines 37,v0.29.0,2026-09-15,publisher-report,speculative-decoding؛ اعلام مستندات همین نسخه در دامنهٔ نقش ثبت‌شده.,پشتیبانی برای همهٔ مدل‌ها، کوانتیزه‌ها، سیستم‌عامل‌ها و backendها یکسان فرض نمی‌شود.
evidence:software-vllm-multi-gpu-sharding,vLLM — multi-gpu-sharding,https://github.com/vllm-project/vllm/blob/v0.29.0/README.md,README.md; matching lines 45,v0.29.0,2026-09-15,publisher-report,multi-gpu-sharding؛ اعلام مستندات همین نسخه در دامنهٔ نقش ثبت‌شده.,پشتیبانی برای همهٔ مدل‌ها، کوانتیزه‌ها، سیستم‌عامل‌ها و backendها یکسان فرض نمی‌شود.
evidence:software-vllm-streaming,vLLM — streaming,https://github.com/vllm-project/vllm/blob/v0.29.0/README.md,README.md; matching lines 46,v0.29.0,2026-09-15,publisher-report,streaming؛ اعلام مستندات همین نسخه در دامنهٔ نقش ثبت‌شده.,پشتیبانی برای همهٔ مدل‌ها، کوانتیزه‌ها، سیستم‌عامل‌ها و backendها یکسان فرض نمی‌شود.
evidence:software-vllm-structured-output,vLLM — structured-output,https://github.com/vllm-project/vllm/blob/v0.29.0/README.md,README.md; matching lines 47,v0.29.0,2026-09-15,publisher-report,structured-output؛ اعلام مستندات همین نسخه در دامنهٔ نقش ثبت‌شده.,پشتیبانی برای همهٔ مدل‌ها، کوانتیزه‌ها، سیستم‌عامل‌ها و backendها یکسان فرض نمی‌شود.
evidence:software-vllm-tool-use,vLLM — tool-use,https://github.com/vllm-project/vllm/blob/v0.29.0/README.md,README.md; matching lines 48,v0.29.0,2026-09-15,publisher-report,tool-use؛ اعلام مستندات همین نسخه در دامنهٔ نقش ثبت‌شده.,پشتیبانی برای همهٔ مدل‌ها، کوانتیزه‌ها، سیستم‌عامل‌ها و backendها یکسان فرض نمی‌شود.
evidence:software-vllm-parser-selection,vLLM — parser-selection,https://github.com/vllm-project/vllm/blob/v0.29.0/README.md,README.md; matching lines 48,v0.29.0,2026-09-15,publisher-report,parser-selection؛ اعلام مستندات همین نسخه در دامنهٔ نقش ثبت‌شده.,پشتیبانی برای همهٔ مدل‌ها، کوانتیزه‌ها، سیستم‌عامل‌ها و backendها یکسان فرض نمی‌شود.
evidence:software-sglang-task-generation,SGLang — task-generation,https://github.com/sgl-project/sglang/blob/v0.5.19/README.md,"README.md; matching lines 31, 32, 50, 52, 59, 66, 87",v0.5.19,2026-09-15,publisher-report,task-generation؛ اعلام مستندات همین نسخه در دامنهٔ نقش ثبت‌شده.,پشتیبانی برای همهٔ مدل‌ها، کوانتیزه‌ها، سیستم‌عامل‌ها و backendها یکسان فرض نمی‌شود.
evidence:software-sglang-task-embedding,SGLang — task-embedding,https://github.com/sgl-project/sglang/blob/v0.5.19/README.md,README.md; matching lines 70,v0.5.19,2026-09-15,publisher-report,task-embedding؛ اعلام مستندات همین نسخه در دامنهٔ نقش ثبت‌شده.,پشتیبانی برای همهٔ مدل‌ها، کوانتیزه‌ها، سیستم‌عامل‌ها و backendها یکسان فرض نمی‌شود.
evidence:software-sglang-continuous-batching,SGLang — continuous-batching,https://github.com/sgl-project/sglang/blob/v0.5.19/README.md,README.md; matching lines 69,v0.5.19,2026-09-15,publisher-report,continuous-batching؛ اعلام مستندات همین نسخه در دامنهٔ نقش ثبت‌شده.,پشتیبانی برای همهٔ مدل‌ها، کوانتیزه‌ها، سیستم‌عامل‌ها و backendها یکسان فرض نمی‌شود.
evidence:software-sglang-prefix-caching,SGLang — prefix-caching,https://github.com/sgl-project/sglang/blob/v0.5.19/README.md,README.md; matching lines 69,v0.5.19,2026-09-15,publisher-report,prefix-caching؛ اعلام مستندات همین نسخه در دامنهٔ نقش ثبت‌شده.,پشتیبانی برای همهٔ مدل‌ها، کوانتیزه‌ها، سیستم‌عامل‌ها و backendها یکسان فرض نمی‌شود.
evidence:software-sglang-speculative-decoding,SGLang — speculative-decoding,https://github.com/sgl-project/sglang/blob/v0.5.19/README.md,"README.md; matching lines 29, 69",v0.5.19,2026-09-15,publisher-report,speculative-decoding؛ اعلام مستندات همین نسخه در دامنهٔ نقش ثبت‌شده.,پشتیبانی برای همهٔ مدل‌ها، کوانتیزه‌ها، سیستم‌عامل‌ها و backendها یکسان فرض نمی‌شود.
evidence:software-sglang-multi-gpu-sharding,SGLang — multi-gpu-sharding,https://github.com/sgl-project/sglang/blob/v0.5.19/README.md,README.md; matching lines 69,v0.5.19,2026-09-15,publisher-report,multi-gpu-sharding؛ اعلام مستندات همین نسخه در دامنهٔ نقش ثبت‌شده.,پشتیبانی برای همهٔ مدل‌ها، کوانتیزه‌ها، سیستم‌عامل‌ها و backendها یکسان فرض نمی‌شود.
evidence:software-sglang-structured-output,SGLang — structured-output,https://github.com/sgl-project/sglang/blob/v0.5.19/README.md,"README.md; matching lines 54, 69",v0.5.19,2026-09-15,publisher-report,structured-output؛ اعلام مستندات همین نسخه در دامنهٔ نقش ثبت‌شده.,پشتیبانی برای همهٔ مدل‌ها، کوانتیزه‌ها، سیستم‌عامل‌ها و backendها یکسان فرض نمی‌شود.
evidence:software-llama-cpp-task-generation,llama.cpp / llama-server — task-generation,https://github.com/ggml-org/llama.cpp/blob/v0.4.1/tools/server/README.md,tools/server/README.md; matching lines 8,v0.4.1,2026-09-15,publisher-report,task-generation؛ اعلام مستندات همین نسخه در دامنهٔ نقش ثبت‌شده.,پشتیبانی برای همهٔ مدل‌ها، کوانتیزه‌ها، سیستم‌عامل‌ها و backendها یکسان فرض نمی‌شود.
evidence:software-llama-cpp-task-embedding,llama.cpp / llama-server — task-embedding,https://github.com/ggml-org/llama.cpp/blob/v0.4.1/tools/server/README.md,tools/server/README.md; matching lines 9,v0.4.1,2026-09-15,publisher-report,task-embedding؛ اعلام مستندات همین نسخه در دامنهٔ نقش ثبت‌شده.,پشتیبانی برای همهٔ مدل‌ها، کوانتیزه‌ها، سیستم‌عامل‌ها و backendها یکسان فرض نمی‌شود.
evidence:software-llama-cpp-task-reranking,llama.cpp / llama-server — task-reranking,https://github.com/ggml-org/llama.cpp/blob/v0.4.1/tools/server/README.md,"tools/server/README.md; matching lines 11, 211",v0.4.1,2026-09-15,publisher-report,task-reranking؛ اعلام مستندات همین نسخه در دامنهٔ نقش ثبت‌شده.,پشتیبانی برای همهٔ مدل‌ها، کوانتیزه‌ها، سیستم‌عامل‌ها و backendها یکسان فرض نمی‌شود.
evidence:software-llama-cpp-concurrency,llama.cpp / llama-server — concurrency,https://github.com/ggml-org/llama.cpp/blob/v0.4.1/tools/server/README.md,tools/server/README.md; matching lines 12,v0.4.1,2026-09-15,publisher-report,concurrency؛ اعلام مستندات همین نسخه در دامنهٔ نقش ثبت‌شده.,پشتیبانی برای همهٔ مدل‌ها، کوانتیزه‌ها، سیستم‌عامل‌ها و backendها یکسان فرض نمی‌شود.
evidence:software-llama-cpp-continuous-batching,llama.cpp / llama-server — continuous-batching,https://github.com/ggml-org/llama.cpp/blob/v0.4.1/tools/server/README.md,"tools/server/README.md; matching lines 13, 177",v0.4.1,2026-09-15,publisher-report,continuous-batching؛ اعلام مستندات همین نسخه در دامنهٔ نقش ثبت‌شده.,پشتیبانی برای همهٔ مدل‌ها، کوانتیزه‌ها، سیستم‌عامل‌ها و backendها یکسان فرض نمی‌شود.
evidence:software-llama-cpp-structured-output,llama.cpp / llama-server — structured-output,https://github.com/ggml-org/llama.cpp/blob/v0.4.1/tools/server/README.md,"tools/server/README.md; matching lines 16, 1316",v0.4.1,2026-09-15,publisher-report,structured-output؛ اعلام مستندات همین نسخه در دامنهٔ نقش ثبت‌شده.,پشتیبانی برای همهٔ مدل‌ها، کوانتیزه‌ها، سیستم‌عامل‌ها و backendها یکسان فرض نمی‌شود.
evidence:software-llama-cpp-tool-use,llama.cpp / llama-server — tool-use,https://github.com/ggml-org/llama.cpp/blob/v0.4.1/tools/server/README.md,"tools/server/README.md; matching lines 18, 1391, 1393",v0.4.1,2026-09-15,publisher-report,tool-use؛ اعلام مستندات همین نسخه در دامنهٔ نقش ثبت‌شده.,پشتیبانی برای همهٔ مدل‌ها، کوانتیزه‌ها، سیستم‌عامل‌ها و backendها یکسان فرض نمی‌شود.
evidence:software-llama-cpp-speculative-decoding,llama.cpp / llama-server — speculative-decoding,https://github.com/ggml-org/llama.cpp/blob/v0.4.1/tools/server/README.md,"tools/server/README.md; matching lines 19, 261, 262, 265, 266, 270, 271, 272, 273, 275, 276, 277",v0.4.1,2026-09-15,publisher-report,speculative-decoding؛ اعلام مستندات همین نسخه در دامنهٔ نقش ثبت‌شده.,پشتیبانی برای همهٔ مدل‌ها، کوانتیزه‌ها، سیستم‌عامل‌ها و backendها یکسان فرض نمی‌شود.
evidence:software-llama-cpp-monitoring,llama.cpp / llama-server — monitoring,https://github.com/ggml-org/llama.cpp/blob/v0.4.1/tools/server/README.md,tools/server/README.md; matching lines 15,v0.4.1,2026-09-15,publisher-report,monitoring؛ اعلام مستندات همین نسخه در دامنهٔ نقش ثبت‌شده.,پشتیبانی برای همهٔ مدل‌ها، کوانتیزه‌ها، سیستم‌عامل‌ها و backendها یکسان فرض نمی‌شود.
evidence:software-llama-cpp-kv-cache-offload,llama.cpp / llama-server — kv-cache-offload,https://github.com/ggml-org/llama.cpp/blob/v0.4.1/tools/server/README.md,tools/server/README.md; matching lines 68,v0.4.1,2026-09-15,publisher-report,kv-cache-offload؛ اعلام مستندات همین نسخه در دامنهٔ نقش ثبت‌شده.,پشتیبانی برای همهٔ مدل‌ها، کوانتیزه‌ها، سیستم‌عامل‌ها و backendها یکسان فرض نمی‌شود.
evidence:software-llama-cpp-cpu-gpu-offload,llama.cpp / llama-server — cpu-gpu-offload,https://github.com/ggml-org/llama.cpp/blob/v0.4.1/tools/server/README.md,"tools/server/README.md; matching lines 84, 269",v0.4.1,2026-09-15,publisher-report,cpu-gpu-offload؛ اعلام مستندات همین نسخه در دامنهٔ نقش ثبت‌شده.,پشتیبانی برای همهٔ مدل‌ها، کوانتیزه‌ها، سیستم‌عامل‌ها و backendها یکسان فرض نمی‌شود.
evidence:software-llama-cpp-metrics,llama.cpp / llama-server — metrics,https://github.com/ggml-org/llama.cpp/blob/v0.4.1/tools/server/README.md,"tools/server/README.md; matching lines 1122, 1789, 2081, 2104",v0.4.1,2026-09-15,publisher-report,metrics؛ اعلام مستندات همین نسخه در دامنهٔ نقش ثبت‌شده.,پشتیبانی برای همهٔ مدل‌ها، کوانتیزه‌ها، سیستم‌عامل‌ها و backendها یکسان فرض نمی‌شود.
evidence:software-llama-cpp-health-check,llama.cpp / llama-server — health-check,https://github.com/ggml-org/llama.cpp/blob/v0.4.1/tools/server/README.md,"tools/server/README.md; matching lines 470, 472, 2078",v0.4.1,2026-09-15,publisher-report,health-check؛ اعلام مستندات همین نسخه در دامنهٔ نقش ثبت‌شده.,پشتیبانی برای همهٔ مدل‌ها، کوانتیزه‌ها، سیستم‌عامل‌ها و backendها یکسان فرض نمی‌شود.
evidence:software-llama-cpp-authentication,llama.cpp / llama-server — authentication,https://github.com/ggml-org/llama.cpp/blob/v0.4.1/tools/server/README.md,"tools/server/README.md; matching lines 212, 213",v0.4.1,2026-09-15,publisher-report,authentication؛ اعلام مستندات همین نسخه در دامنهٔ نقش ثبت‌شده.,پشتیبانی برای همهٔ مدل‌ها، کوانتیزه‌ها، سیستم‌عامل‌ها و backendها یکسان فرض نمی‌شود.
evidence:api-llama-cpp-v1-chat-completions-chat,llama.cpp / llama-server — /v1/chat/completions,https://github.com/ggml-org/llama.cpp/blob/v0.4.1/tools/server/README.md,"tools/server/README.md; matching lines 734, 1308, 1324, 1371, 1445, 1447, 1553, 1775",v0.4.1,2026-09-15,publisher-report,/v1/chat/completions / chat؛ فقط همین endpoint و قابلیت.,تطابق کامل همهٔ پارامترها و رفتار API ادعا نشده؛ test قراردادی اجرا نشده است.
evidence:api-llama-cpp-v1-embeddings-embeddings,llama.cpp / llama-server — /v1/embeddings,https://github.com/ggml-org/llama.cpp/blob/v0.4.1/tools/server/README.md,"tools/server/README.md; matching lines 744, 938, 942, 946, 1504, 1517, 1530",v0.4.1,2026-09-15,publisher-report,/v1/embeddings / embeddings؛ فقط همین endpoint و قابلیت.,تطابق کامل همهٔ پارامترها و رفتار API ادعا نشده؛ test قراردادی اجرا نشده است.
evidence:api-llama-cpp-rerank-reranking,llama.cpp / llama-server — /rerank,https://github.com/ggml-org/llama.cpp/blob/v0.4.1/tools/server/README.md,"tools/server/README.md; matching lines 763, 765, 775, 776, 777, 782",v0.4.1,2026-09-15,publisher-report,/rerank / reranking؛ فقط همین endpoint و قابلیت.,تطابق کامل همهٔ پارامترها و رفتار API ادعا نشده؛ test قراردادی اجرا نشده است.
evidence:software-tensorrt-llm-task-generation,TensorRT-LLM — task-generation,https://github.com/NVIDIA/TensorRT-LLM/blob/v1.2.1/README.md,"README.md; matching lines 5, 222, 224, 231",v1.2.1,2026-09-15,publisher-report,task-generation؛ اعلام مستندات همین نسخه در دامنهٔ نقش ثبت‌شده.,پشتیبانی برای همهٔ مدل‌ها، کوانتیزه‌ها، سیستم‌عامل‌ها و backendها یکسان فرض نمی‌شود.
evidence:software-tensorrt-llm-continuous-batching,TensorRT-LLM — continuous-batching,https://github.com/NVIDIA/TensorRT-LLM/blob/v1.2.1/README.md,README.md; matching lines 231,v1.2.1,2026-09-15,publisher-report,continuous-batching؛ اعلام مستندات همین نسخه در دامنهٔ نقش ثبت‌شده.,پشتیبانی برای همهٔ مدل‌ها، کوانتیزه‌ها، سیستم‌عامل‌ها و backendها یکسان فرض نمی‌شود.
evidence:software-tensorrt-llm-multi-gpu-sharding,TensorRT-LLM — multi-gpu-sharding,https://github.com/NVIDIA/TensorRT-LLM/blob/v1.2.1/README.md,README.md; matching lines 233,v1.2.1,2026-09-15,publisher-report,multi-gpu-sharding؛ اعلام مستندات همین نسخه در دامنهٔ نقش ثبت‌شده.,پشتیبانی برای همهٔ مدل‌ها، کوانتیزه‌ها، سیستم‌عامل‌ها و backendها یکسان فرض نمی‌شود.
evidence:software-tensorrt-llm-speculative-decoding,TensorRT-LLM — speculative-decoding,https://github.com/NVIDIA/TensorRT-LLM/blob/v1.2.1/README.md,"README.md; matching lines 29, 103, 109, 231",v1.2.1,2026-09-15,publisher-report,speculative-decoding؛ اعلام مستندات همین نسخه در دامنهٔ نقش ثبت‌شده.,پشتیبانی برای همهٔ مدل‌ها، کوانتیزه‌ها، سیستم‌عامل‌ها و backendها یکسان فرض نمی‌شود.
evidence:software-tensorrt-llm-prefix-caching,TensorRT-LLM — prefix-caching,https://github.com/NVIDIA/TensorRT-LLM/blob/v1.2.1/README.md,README.md; matching lines 99,v1.2.1,2026-09-15,publisher-report,prefix-caching؛ اعلام مستندات همین نسخه در دامنهٔ نقش ثبت‌شده.,پشتیبانی برای همهٔ مدل‌ها، کوانتیزه‌ها، سیستم‌عامل‌ها و backendها یکسان فرض نمی‌شود.
evidence:software-triton-concurrency,Triton Inference Server — concurrency,https://github.com/triton-inference-server/server/blob/v2.72.0/README.md,README.md; matching lines 50,v2.72.0,2026-09-15,publisher-report,concurrency؛ اعلام مستندات همین نسخه در دامنهٔ نقش ثبت‌شده.,پشتیبانی برای همهٔ مدل‌ها، کوانتیزه‌ها، سیستم‌عامل‌ها و backendها یکسان فرض نمی‌شود.
evidence:software-triton-multi-model,Triton Inference Server — multi-model,https://github.com/triton-inference-server/server/blob/v2.72.0/README.md,README.md; matching lines 50,v2.72.0,2026-09-15,publisher-report,multi-model؛ اعلام مستندات همین نسخه در دامنهٔ نقش ثبت‌شده.,پشتیبانی برای همهٔ مدل‌ها، کوانتیزه‌ها، سیستم‌عامل‌ها و backendها یکسان فرض نمی‌شود.
evidence:software-triton-metrics,Triton Inference Server — metrics,https://github.com/triton-inference-server/server/blob/v2.72.0/README.md,README.md; matching lines 71,v2.72.0,2026-09-15,publisher-report,metrics؛ اعلام مستندات همین نسخه در دامنهٔ نقش ثبت‌شده.,پشتیبانی برای همهٔ مدل‌ها، کوانتیزه‌ها، سیستم‌عامل‌ها و backendها یکسان فرض نمی‌شود.
evidence:software-triton-monitoring,Triton Inference Server — monitoring,https://github.com/triton-inference-server/server/blob/v2.72.0/README.md,README.md; matching lines 71,v2.72.0,2026-09-15,publisher-report,monitoring؛ اعلام مستندات همین نسخه در دامنهٔ نقش ثبت‌شده.,پشتیبانی برای همهٔ مدل‌ها، کوانتیزه‌ها، سیستم‌عامل‌ها و backendها یکسان فرض نمی‌شود.
evidence:software-tei-task-embedding,Text Embeddings Inference (TEI) — task-embedding,https://github.com/huggingface/text-embeddings-inference/blob/v1.9.3/README.md,"README.md; matching lines 3, 12, 48, 67, 69, 97, 102, 146, 337, 383, 504, 533",v1.9.3,2026-09-15,publisher-report,task-embedding؛ اعلام مستندات همین نسخه در دامنهٔ نقش ثبت‌شده.,پشتیبانی برای همهٔ مدل‌ها، کوانتیزه‌ها، سیستم‌عامل‌ها و backendها یکسان فرض نمی‌شود.
evidence:software-tei-task-reranking,Text Embeddings Inference (TEI) — task-reranking,https://github.com/huggingface/text-embeddings-inference/blob/v1.9.3/README.md,"README.md; matching lines 37, 404",v1.9.3,2026-09-15,publisher-report,task-reranking؛ اعلام مستندات همین نسخه در دامنهٔ نقش ثبت‌شده.,پشتیبانی برای همهٔ مدل‌ها، کوانتیزه‌ها، سیستم‌عامل‌ها و backendها یکسان فرض نمی‌شود.
evidence:software-tei-task-classification,Text Embeddings Inference (TEI) — task-classification,https://github.com/huggingface/text-embeddings-inference/blob/v1.9.3/README.md,"README.md; matching lines 38, 430",v1.9.3,2026-09-15,publisher-report,task-classification؛ اعلام مستندات همین نسخه در دامنهٔ نقش ثبت‌شده.,پشتیبانی برای همهٔ مدل‌ها، کوانتیزه‌ها، سیستم‌عامل‌ها و backendها یکسان فرض نمی‌شود.
evidence:software-tei-metrics,Text Embeddings Inference (TEI) — metrics,https://github.com/huggingface/text-embeddings-inference/blob/v1.9.3/README.md,README.md; matching lines 61,v1.9.3,2026-09-15,publisher-report,metrics؛ اعلام مستندات همین نسخه در دامنهٔ نقش ثبت‌شده.,پشتیبانی برای همهٔ مدل‌ها، کوانتیزه‌ها، سیستم‌عامل‌ها و backendها یکسان فرض نمی‌شود.
evidence:software-tei-monitoring,Text Embeddings Inference (TEI) — monitoring,https://github.com/huggingface/text-embeddings-inference/blob/v1.9.3/README.md,README.md; matching lines 61,v1.9.3,2026-09-15,publisher-report,monitoring؛ اعلام مستندات همین نسخه در دامنهٔ نقش ثبت‌شده.,پشتیبانی برای همهٔ مدل‌ها، کوانتیزه‌ها، سیستم‌عامل‌ها و backendها یکسان فرض نمی‌شود.
evidence:api-tei-embed-embedding-vectors,Text Embeddings Inference (TEI) — /embed,https://github.com/huggingface/text-embeddings-inference/blob/v1.9.3/README.md,"README.md; matching lines 81, 126, 461, 464, 491",v1.9.3,2026-09-15,publisher-report,/embed / embedding vectors؛ فقط همین endpoint و قابلیت.,تطابق کامل همهٔ پارامترها و رفتار API ادعا نشده؛ test قراردادی اجرا نشده است.
evidence:api-tei-rerank-reranking-scores,Text Embeddings Inference (TEI) — /rerank,https://github.com/huggingface/text-embeddings-inference/blob/v1.9.3/README.md,README.md; matching lines 424,v1.9.3,2026-09-15,publisher-report,/rerank / reranking scores؛ فقط همین endpoint و قابلیت.,تطابق کامل همهٔ پارامترها و رفتار API ادعا نشده؛ test قراردادی اجرا نشده است.
evidence:api-tei-predict-sequence-classification,Text Embeddings Inference (TEI) — /predict,https://github.com/huggingface/text-embeddings-inference/blob/v1.9.3/README.md,README.md; matching lines 444,v1.9.3,2026-09-15,publisher-report,/predict / sequence classification؛ فقط همین endpoint و قابلیت.,تطابق کامل همهٔ پارامترها و رفتار API ادعا نشده؛ test قراردادی اجرا نشده است.
evidence:software-airllm-layer-wise-loading,AirLLM — layer-wise-loading,https://github.com/lyogavin/airllm/blob/v4.0.0/README.md,"README.md; matching lines 32, 34, 38, 101, 144, 177, 286, 303",v4.0.0,2026-09-15,publisher-report,layer-wise-loading؛ اعلام مستندات همین نسخه در دامنهٔ نقش ثبت‌شده.,کمبود VRAM با بارگذاری لایه‌ای جبران می‌شود؛ RAM، فضای دیسک و I/O حذف نمی‌شوند. | عدد حافظهٔ تیتر README حداقل عمومی برای هر مدل یا تضمین نرخ توکن نیست.
evidence:software-airllm-task-generation,AirLLM — task-generation,https://github.com/lyogavin/airllm/blob/v4.0.0/README.md,"README.md; matching lines 131, 219, 239, 262",v4.0.0,2026-09-15,publisher-report,task-generation؛ اعلام مستندات همین نسخه در دامنهٔ نقش ثبت‌شده.,پشتیبانی برای همهٔ مدل‌ها، کوانتیزه‌ها، سیستم‌عامل‌ها و backendها یکسان فرض نمی‌شود.
evidence:software-transformers-task-generation,Transformers — task-generation,https://github.com/huggingface/transformers/blob/v5.17.0/README.md,"README.md; matching lines 127, 132, 154, 319",v5.17.0,2026-09-15,publisher-report,task-generation؛ اعلام مستندات همین نسخه در دامنهٔ نقش ثبت‌شده.,پشتیبانی برای همهٔ مدل‌ها، کوانتیزه‌ها، سیستم‌عامل‌ها و backendها یکسان فرض نمی‌شود.
evidence:software-transformers-task-classification,Transformers — task-classification,https://github.com/huggingface/transformers/blob/v5.17.0/README.md,README.md; matching lines 320,v5.17.0,2026-09-15,publisher-report,task-classification؛ اعلام مستندات همین نسخه در دامنهٔ نقش ثبت‌شده.,پشتیبانی برای همهٔ مدل‌ها، کوانتیزه‌ها، سیستم‌عامل‌ها و backendها یکسان فرض نمی‌شود.
evidence:software-litellm-authentication,LiteLLM — authentication,https://github.com/BerriAI/litellm/blob/v1.101.0/README.md,"README.md; matching lines 61, 109, 408",v1.101.0,2026-09-15,publisher-report,authentication؛ اعلام مستندات همین نسخه در دامنهٔ نقش ثبت‌شده.,پشتیبانی برای همهٔ مدل‌ها، کوانتیزه‌ها، سیستم‌عامل‌ها و backendها یکسان فرض نمی‌شود.
evidence:software-litellm-monitoring,LiteLLM — monitoring,https://github.com/BerriAI/litellm/blob/v1.101.0/README.md,README.md; matching lines 61,v1.101.0,2026-09-15,publisher-report,monitoring؛ اعلام مستندات همین نسخه در دامنهٔ نقش ثبت‌شده.,پشتیبانی برای همهٔ مدل‌ها، کوانتیزه‌ها، سیستم‌عامل‌ها و backendها یکسان فرض نمی‌شود.
evidence:software-litellm-task-generation,LiteLLM — task-generation,https://github.com/BerriAI/litellm/blob/v1.101.0/README.md,README.md; matching lines 46,v1.101.0,2026-09-15,publisher-report,task-generation؛ اعلام مستندات همین نسخه در دامنهٔ نقش ثبت‌شده.,پشتیبانی برای همهٔ مدل‌ها، کوانتیزه‌ها، سیستم‌عامل‌ها و backendها یکسان فرض نمی‌شود.
evidence:software-open-webui-authentication,Open WebUI — authentication,https://github.com/open-webui/open-webui/blob/v0.11.3/README.md,README.md; matching lines 30,v0.11.3,2026-09-15,publisher-report,authentication؛ اعلام مستندات همین نسخه در دامنهٔ نقش ثبت‌شده.,پشتیبانی برای همهٔ مدل‌ها، کوانتیزه‌ها، سیستم‌عامل‌ها و backendها یکسان فرض نمی‌شود.
evidence:software-open-webui-task-generation,Open WebUI — task-generation,https://github.com/open-webui/open-webui/blob/v0.11.3/README.md,README.md; matching lines 13,v0.11.3,2026-09-15,publisher-report,task-generation؛ اعلام مستندات همین نسخه در دامنهٔ نقش ثبت‌شده.,پشتیبانی برای همهٔ مدل‌ها، کوانتیزه‌ها، سیستم‌عامل‌ها و backendها یکسان فرض نمی‌شود.
evidence:software-tgi-task-generation,Text Generation Inference (TGI) — task-generation,https://github.com/huggingface/text-generation-inference/blob/v3.3.7/README.md,"README.md; matching lines 12, 21, 44",v3.3.7,2026-09-15,publisher-report,task-generation؛ اعلام مستندات همین نسخه در دامنهٔ نقش ثبت‌شده.,پشتیبانی برای همهٔ مدل‌ها، کوانتیزه‌ها، سیستم‌عامل‌ها و backendها یکسان فرض نمی‌شود.
evidence:software-tgi-multi-gpu-sharding,Text Generation Inference (TGI) — multi-gpu-sharding,https://github.com/huggingface/text-generation-inference/blob/v3.3.7/README.md,"README.md; matching lines 48, 167",v3.3.7,2026-09-15,publisher-report,multi-gpu-sharding؛ اعلام مستندات همین نسخه در دامنهٔ نقش ثبت‌شده.,پشتیبانی برای همهٔ مدل‌ها، کوانتیزه‌ها، سیستم‌عامل‌ها و backendها یکسان فرض نمی‌شود.
evidence:software-tgi-streaming,Text Generation Inference (TGI) — streaming,https://github.com/huggingface/text-generation-inference/blob/v3.3.7/README.md,README.md; matching lines 49,v3.3.7,2026-09-15,publisher-report,streaming؛ اعلام مستندات همین نسخه در دامنهٔ نقش ثبت‌شده.,پشتیبانی برای همهٔ مدل‌ها، کوانتیزه‌ها، سیستم‌عامل‌ها و backendها یکسان فرض نمی‌شود.
evidence:software-tgi-continuous-batching,Text Generation Inference (TGI) — continuous-batching,https://github.com/huggingface/text-generation-inference/blob/v3.3.7/README.md,README.md; matching lines 50,v3.3.7,2026-09-15,publisher-report,continuous-batching؛ اعلام مستندات همین نسخه در دامنهٔ نقش ثبت‌شده.,پشتیبانی برای همهٔ مدل‌ها، کوانتیزه‌ها، سیستم‌عامل‌ها و backendها یکسان فرض نمی‌شود.
evidence:software-tgi-metrics,Text Generation Inference (TGI) — metrics,https://github.com/huggingface/text-generation-inference/blob/v3.3.7/README.md,README.md; matching lines 47,v3.3.7,2026-09-15,publisher-report,metrics؛ اعلام مستندات همین نسخه در دامنهٔ نقش ثبت‌شده.,پشتیبانی برای همهٔ مدل‌ها، کوانتیزه‌ها، سیستم‌عامل‌ها و backendها یکسان فرض نمی‌شود.
evidence:software-tgi-monitoring,Text Generation Inference (TGI) — monitoring,https://github.com/huggingface/text-generation-inference/blob/v3.3.7/README.md,README.md; matching lines 47,v3.3.7,2026-09-15,publisher-report,monitoring؛ اعلام مستندات همین نسخه در دامنهٔ نقش ثبت‌شده.,پشتیبانی برای همهٔ مدل‌ها، کوانتیزه‌ها، سیستم‌عامل‌ها و backendها یکسان فرض نمی‌شود.
evidence:software-tgi-speculative-decoding,Text Generation Inference (TGI) — speculative-decoding,https://github.com/huggingface/text-generation-inference/blob/v3.3.7/README.md,README.md; matching lines 65,v3.3.7,2026-09-15,publisher-report,speculative-decoding؛ اعلام مستندات همین نسخه در دامنهٔ نقش ثبت‌شده.,پشتیبانی برای همهٔ مدل‌ها، کوانتیزه‌ها، سیستم‌عامل‌ها و backendها یکسان فرض نمی‌شود.
evidence:software-tgi-structured-output,Text Generation Inference (TGI) — structured-output,https://github.com/huggingface/text-generation-inference/blob/v3.3.7/README.md,README.md; matching lines 66,v3.3.7,2026-09-15,publisher-report,structured-output؛ اعلام مستندات همین نسخه در دامنهٔ نقش ثبت‌شده.,پشتیبانی برای همهٔ مدل‌ها، کوانتیزه‌ها، سیستم‌عامل‌ها و backendها یکسان فرض نمی‌شود.
evidence:api-tgi-v1-chat-completions-chat,Text Generation Inference (TGI) — /v1/chat/completions,https://github.com/huggingface/text-generation-inference/blob/v3.3.7/README.md,README.md; matching lines 107,v3.3.7,2026-09-15,publisher-report,/v1/chat/completions / chat؛ فقط همین endpoint و قابلیت.,تطابق کامل همهٔ پارامترها و رفتار API ادعا نشده؛ test قراردادی اجرا نشده است.
evidence:software-lm-studio-release,LM Studio 0.4.24 Build 1,https://lmstudio.ai/changelog/lmstudio/lmstudio-v0.4.24,"Release heading; September 9, 2026; Build 1; release notes",0.4.24 Build 1,2026-09-15,publisher-report,انتشار برنامهٔ LM Studio، نه نسخهٔ مستقل llmster یا llama.cpp.,
evidence:software-lm-studio-docs,LM Studio — developer docs,https://lmstudio.ai/docs/developer,What you can build; Get to know the stack; Install llmster,,2026-09-15,publisher-report,شرح نقش رابط، مدیریت مدل و API محلی؛ مستندات جاری در تاریخ دسترسی.,صفحهٔ جاری به نسخهٔ برنامه پین نشده؛ سازگاری قطعی این انتشار از آن استنتاج نشده است.
evidence:software-lm-studio-license,LM Studio — terms,https://lmstudio.ai/terms,Grant of license; Restrictions; Paid Features and Billing; third-party products,,2026-09-15,publisher-report,شرایط برنامه؛ مجوز وزن مدل و سرویس‌های پولی مستقل‌اند.,
evidence:api-vllm-v1-chat-completions-chat,vLLM — /v1/chat/completions,https://github.com/vllm-project/vllm/blob/v0.29.0/docs/serving/online_serving/openai_compatible_server.md,"docs/serving/online_serving/openai_compatible_server.md; matching lines 23, 27",v0.29.0,2026-09-15,publisher-report,/v1/chat/completions / chat؛ فقط همین endpoint و قابلیت.,تطابق کامل همهٔ پارامترها و رفتار API ادعا نشده؛ test قراردادی اجرا نشده است.
evidence:api-vllm-v1-embeddings-embedding-vectors,vLLM — /v1/embeddings,https://github.com/vllm-project/vllm/blob/v0.29.0/docs/serving/online_serving/openai_compatible_server.md,docs/serving/online_serving/openai_compatible_server.md; matching lines 30,v0.29.0,2026-09-15,publisher-report,/v1/embeddings / embedding vectors؛ فقط همین endpoint و قابلیت.,تطابق کامل همهٔ پارامترها و رفتار API ادعا نشده؛ test قراردادی اجرا نشده است.
evidence:api-sglang-v1-chat-completions-chat,SGLang — /v1/chat/completions,https://github.com/sgl-project/sglang/blob/v0.5.19/docs/docs/basic_usage/openai_api_completions.mdx,"docs/docs/basic_usage/openai_api_completions.mdx; matching lines 45, 145, 233, 276, 300, 333, 433, 445",v0.5.19,2026-09-15,publisher-report,/v1/chat/completions / chat؛ فقط همین endpoint و قابلیت.,تطابق کامل همهٔ پارامترها و رفتار API ادعا نشده؛ test قراردادی اجرا نشده است.
evidence:api-transformers-v1-chat-completions-chat,Transformers — /v1/chat/completions,https://github.com/huggingface/transformers/blob/v5.17.0/docs/source/en/serve-cli/serving.md,"docs/source/en/serve-cli/serving.md; matching lines 26, 153, 193, 363, 418, 623, 677, 859, 906, 965, 2004",v5.17.0,2026-09-15,publisher-report,/v1/chat/completions / chat؛ فقط همین endpoint و قابلیت.,تطابق کامل همهٔ پارامترها و رفتار API ادعا نشده؛ test قراردادی اجرا نشده است.
evidence:software-transformers-continuous-batching,Transformers — continuous-batching,https://github.com/huggingface/transformers/blob/v5.17.0/docs/source/en/serve-cli/serving.md,docs/source/en/serve-cli/serving.md; matching lines 19,v5.17.0,2026-09-15,publisher-report,continuous-batching؛ اعلام مستندات همین نسخه در دامنهٔ نقش ثبت‌شده.,پشتیبانی برای همهٔ مدل‌ها، کوانتیزه‌ها، سیستم‌عامل‌ها و backendها یکسان فرض نمی‌شود.
evidence:api-tensorrt-llm-v1-chat-completions-chat,TensorRT-LLM — /v1/chat/completions,https://github.com/NVIDIA/TensorRT-LLM/blob/v1.2.1/docs/source/commands/trtllm-serve/trtllm-serve.rst,docs/source/commands/trtllm-serve/trtllm-serve.rst; matching lines 11,v1.2.1,2026-09-15,publisher-report,/v1/chat/completions / chat؛ فقط همین endpoint و قابلیت.,تطابق کامل همهٔ پارامترها و رفتار API ادعا نشده؛ test قراردادی اجرا نشده است.
evidence:deepseek-ai-deepseek-r1-distill-llama-70b-distill-eval,DeepSeek-R1-Distill-Llama-70B — publisher evaluation,https://huggingface.co/deepseek-ai/DeepSeek-R1-Distill-Llama-70B/blob/b1c0b44b4369b597ad119a196caf79a9c40e141e/README.md,"README.md: Distilled Model Evaluation table; Evaluation settings; matching lines 111, 145, 155, 160, 171, 222",b1c0b44b4369b597ad119a196caf79a9c40e141e,2026-09-15,publisher-report,DeepSeek-R1-Distill-Llama-70B؛ گزارش ناشر برای گونهٔ نام‌گذاری‌شده؛ commit آزموده‌شده منتشر نشده است.,commit سند با commit وزن آزموده‌شده یکی فرض نشده است. | فارسی نیست و به artifact کوانتیزه منتقل نمی‌شود.
evidence:deepseek-ai-deepseek-r1-distill-qwen-1-5b-distill-eval,DeepSeek-R1-Distill-Qwen-1.5B — publisher evaluation,https://huggingface.co/deepseek-ai/DeepSeek-R1-Distill-Qwen-1.5B/blob/ad9f0ae0864d7fbcd1cd905e3c6c5b069cc8b562/README.md,"README.md: Distilled Model Evaluation table; Evaluation settings; matching lines 106, 145, 155, 160, 166, 220",ad9f0ae0864d7fbcd1cd905e3c6c5b069cc8b562,2026-09-15,publisher-report,DeepSeek-R1-Distill-Qwen-1.5B؛ گزارش ناشر برای گونهٔ نام‌گذاری‌شده؛ commit آزموده‌شده منتشر نشده است.,commit سند با commit وزن آزموده‌شده یکی فرض نشده است. | فارسی نیست و به artifact کوانتیزه منتقل نمی‌شود.
evidence:deepseek-ai-deepseek-r1-distill-qwen-14b-distill-eval,DeepSeek-R1-Distill-Qwen-14B — publisher evaluation,https://huggingface.co/deepseek-ai/DeepSeek-R1-Distill-Qwen-14B/blob/1df8507178afcc1bef68cd8c393f61a886323761/README.md,"README.md: Distilled Model Evaluation table; Evaluation settings; matching lines 109, 145, 155, 160, 168, 220",1df8507178afcc1bef68cd8c393f61a886323761,2026-09-15,publisher-report,DeepSeek-R1-Distill-Qwen-14B؛ گزارش ناشر برای گونهٔ نام‌گذاری‌شده؛ commit آزموده‌شده منتشر نشده است.,commit سند با commit وزن آزموده‌شده یکی فرض نشده است. | فارسی نیست و به artifact کوانتیزه منتقل نمی‌شود.
evidence:deepseek-ai-deepseek-r1-distill-qwen-32b-distill-eval,DeepSeek-R1-Distill-Qwen-32B — publisher evaluation,https://huggingface.co/deepseek-ai/DeepSeek-R1-Distill-Qwen-32B/blob/711ad2ea6aa40cfca18895e8aca02ab92df1a746/README.md,"README.md: Distilled Model Evaluation table; Evaluation settings; matching lines 58, 110, 145, 155, 160, 169, 196, 202, 220",711ad2ea6aa40cfca18895e8aca02ab92df1a746,2026-09-15,publisher-report,DeepSeek-R1-Distill-Qwen-32B؛ گزارش ناشر برای گونهٔ نام‌گذاری‌شده؛ commit آزموده‌شده منتشر نشده است.,commit سند با commit وزن آزموده‌شده یکی فرض نشده است. | فارسی نیست و به artifact کوانتیزه منتقل نمی‌شود.
evidence:deepseek-ai-deepseek-r1-distill-qwen-7b-distill-eval,DeepSeek-R1-Distill-Qwen-7B — publisher evaluation,https://huggingface.co/deepseek-ai/DeepSeek-R1-Distill-Qwen-7B/blob/916b56a44061fd5cd7d6a8fb632557ed4f724f60/README.md,"README.md: Distilled Model Evaluation table; Evaluation settings; matching lines 107, 145, 155, 160, 167, 220",916b56a44061fd5cd7d6a8fb632557ed4f724f60,2026-09-15,publisher-report,DeepSeek-R1-Distill-Qwen-7B؛ گزارش ناشر برای گونهٔ نام‌گذاری‌شده؛ commit آزموده‌شده منتشر نشده است.,commit سند با commit وزن آزموده‌شده یکی فرض نشده است. | فارسی نیست و به artifact کوانتیزه منتقل نمی‌شود.
